2026-10-01 16:54:07 INFO  [main] traceId= spanId= c.s.e.a.ApiGatewayApplication : Starting ApiGatewayApplication using Java 25.0.1 with PID 54236 (D:\Live Batches\micro_devops\easy_busy\api-gateway\api-gateway\target\classes started by DurgeshLap in D:\Live Batches\micro_devops\easy_busy)
2026-10-01 16:54:07 INFO  [main] traceId= spanId= c.s.e.a.ApiGatewayApplication : No active profile set, falling back to 1 default profile: "default"
2026-10-01 16:54:07 INFO  [main] traceId= spanId= o.s.c.c.c.ConfigServerConfigDataLoader : Fetching config from server at : http://localhost:8079
2026-10-01 16:54:07 INFO  [main] traceId= spanId= o.s.c.c.c.ConfigServerConfigDataLoader : Located environment: name=API-GATEWAY, profiles=[default], label=null, version=94079606afb331cdb2b36aaccd59d2286c312526, state=
2026-10-01 16:54:08 INFO  [main] traceId= spanId= o.s.d.r.c.RepositoryConfigurationDelegate : Multiple Spring Data modules found, entering strict repository configuration mode
2026-10-01 16:54:08 INFO  [main] traceId= spanId= o.s.d.r.c.RepositoryConfigurationDelegate : Bootstrapping Spring Data Redis repositories in DEFAULT mode.
2026-10-01 16:54:08 INFO  [main] traceId= spanId= o.s.d.r.c.RepositoryConfigurationDelegate : Finished Spring Data repository scanning in 11 ms. Found 0 Redis repository interfaces.
2026-10-01 16:54:08 INFO  [main] traceId= spanId= o.s.cloud.context.scope.GenericScope : BeanFactory id=f380ecdb-22ba-30b5-9e59-0bfb4ddcb24f
2026-10-01 16:54:10 INFO  [main] traceId= spanId= o.s.c.g.r.RouteDefinitionRouteLocator : Loaded RoutePredicateFactory [After]
2026-10-01 16:54:10 INFO  [main] traceId= spanId= o.s.c.g.r.RouteDefinitionRouteLocator : Loaded RoutePredicateFactory [Before]
2026-10-01 16:54:10 INFO  [main] traceId= spanId= o.s.c.g.r.RouteDefinitionRouteLocator : Loaded RoutePredicateFactory [Between]
2026-10-01 16:54:10 INFO  [main] traceId= spanId= o.s.c.g.r.RouteDefinitionRouteLocator : Loaded RoutePredicateFactory [Cookie]
2026-10-01 16:54:10 INFO  [main] traceId= spanId= o.s.c.g.r.RouteDefinitionRouteLocator : Loaded RoutePredicateFactory [Header]
2026-10-01 16:54:10 INFO  [main] traceId= spanId= o.s.c.g.r.RouteDefinitionRouteLocator : Loaded RoutePredicateFactory [Host]
2026-10-01 16:54:10 INFO  [main] traceId= spanId= o.s.c.g.r.RouteDefinitionRouteLocator : Loaded RoutePredicateFactory [Method]
2026-10-01 16:54:10 INFO  [main] traceId= spanId= o.s.c.g.r.RouteDefinitionRouteLocator : Loaded RoutePredicateFactory [Path]
2026-10-01 16:54:10 INFO  [main] traceId= spanId= o.s.c.g.r.RouteDefinitionRouteLocator : Loaded RoutePredicateFactory [Query]
2026-10-01 16:54:10 INFO  [main] traceId= spanId= o.s.c.g.r.RouteDefinitionRouteLocator : Loaded RoutePredicateFactory [ReadBody]
2026-10-01 16:54:10 INFO  [main] traceId= spanId= o.s.c.g.r.RouteDefinitionRouteLocator : Loaded RoutePredicateFactory [RemoteAddr]
2026-10-01 16:54:10 INFO  [main] traceId= spanId= o.s.c.g.r.RouteDefinitionRouteLocator : Loaded RoutePredicateFactory [Version]
2026-10-01 16:54:10 INFO  [main] traceId= spanId= o.s.c.g.r.RouteDefinitionRouteLocator : Loaded RoutePredicateFactory [XForwardedRemoteAddr]
2026-10-01 16:54:10 INFO  [main] traceId= spanId= o.s.c.g.r.RouteDefinitionRouteLocator : Loaded RoutePredicateFactory [Weight]
2026-10-01 16:54:10 INFO  [main] traceId= spanId= o.s.c.g.r.RouteDefinitionRouteLocator : Loaded RoutePredicateFactory [CloudFoundryRouteService]
2026-10-01 16:54:10 INFO  [main] traceId= spanId= o.s.b.a.e.web.EndpointLinksResolver : Exposing 32 endpoints beneath base path '/actuator'
2026-10-01 16:54:10 INFO  [main] traceId= spanId= o.s.c.n.e.c.DiscoveryClientOptionalArgsConfiguration : Eureka HTTP Client uses RestClient.
2026-10-01 16:54:10 WARN  [main] traceId= spanId= o.s.c.l.c.LoadBalancerCacheAutoConfiguration$LoadBalancerCaffeineWarnLogger : Spring Cloud LoadBalancer is currently working with the default cache. While this cache implementation is useful for development and tests, it's recommended to use Caffeine cache in production.You can switch to using Caffeine cache, by adding it and org.springframework.cache.caffeine.CaffeineCacheManager to the classpath.
2026-10-01 16:54:10 INFO  [main] traceId= spanId= o.s.c.n.eureka.InstanceInfoFactory : Setting initial instance status as: STARTING
2026-10-01 16:54:10 INFO  [main] traceId= spanId= c.netflix.discovery.DiscoveryClient : Initializing Eureka in region us-east-1
2026-10-01 16:54:10 INFO  [main] traceId= spanId= c.n.d.s.r.aws.ConfigClusterResolver : Resolving eureka endpoints via configuration
2026-10-01 16:54:10 INFO  [main] traceId= spanId= c.netflix.discovery.DiscoveryClient : Disable delta property : false
2026-10-01 16:54:10 INFO  [main] traceId= spanId= c.netflix.discovery.DiscoveryClient : Single vip registry refresh property : null
2026-10-01 16:54:10 INFO  [main] traceId= spanId= c.netflix.discovery.DiscoveryClient : Force full registry fetch : false
2026-10-01 16:54:10 INFO  [main] traceId= spanId= c.netflix.discovery.DiscoveryClient : Application is null : false
2026-10-01 16:54:10 INFO  [main] traceId= spanId= c.netflix.discovery.DiscoveryClient : Registered Applications size is zero : true
2026-10-01 16:54:10 INFO  [main] traceId= spanId= c.netflix.discovery.DiscoveryClient : Application version is -1: true
2026-10-01 16:54:10 INFO  [main] traceId= spanId= c.netflix.discovery.DiscoveryClient : Getting all instance registry info from the eureka server
2026-10-01 16:54:10 INFO  [main] traceId= spanId= c.netflix.discovery.DiscoveryClient : The response status is 200
2026-10-01 16:54:10 INFO  [main] traceId= spanId= c.netflix.discovery.DiscoveryClient : Starting heartbeat executor: renew interval is: 30
2026-10-01 16:54:10 INFO  [main] traceId= spanId= c.n.discovery.InstanceInfoReplicator : InstanceInfoReplicator onDemand update allowed rate per min is 4
2026-10-01 16:54:10 INFO  [main] traceId= spanId= c.netflix.discovery.DiscoveryClient : Discovery Client initialized at timestamp 1790853850889 with initial instances count: 1
2026-10-01 16:54:10 INFO  [main] traceId= spanId= o.s.c.n.e.s.EurekaServiceRegistry : Registering application API-GATEWAY with eureka with status UP
2026-10-01 16:54:10 INFO  [main] traceId= spanId= c.netflix.discovery.DiscoveryClient : Saw local status change event StatusChangeEvent [timestamp=1790853850893, current=UP, previous=STARTING]
2026-10-01 16:54:10 INFO  [DiscoveryClient-InstanceInfoReplicator-%d] traceId= spanId= c.netflix.discovery.DiscoveryClient : DiscoveryClient_API-GATEWAY/LAPTOP-UJ0KBI4K.mshome.net:API-GATEWAY:8080: registering service...
2026-10-01 16:54:10 INFO  [DiscoveryClient-InstanceInfoReplicator-%d] traceId= spanId= c.netflix.discovery.DiscoveryClient : DiscoveryClient_API-GATEWAY/LAPTOP-UJ0KBI4K.mshome.net:API-GATEWAY:8080 - registration status: 204
2026-10-01 16:54:11 INFO  [main] traceId= spanId= o.s.b.reactor.netty.NettyWebServer : Netty started on port 8080 (http)
2026-10-01 16:54:11 INFO  [main] traceId= spanId= o.s.c.n.e.s.EurekaAutoServiceRegistration : Updating port to 8080
2026-10-01 16:54:11 INFO  [main] traceId= spanId= c.s.e.a.ApiGatewayApplication : Started ApiGatewayApplication in 8.447 seconds (process running for 12.11)
2026-10-01 16:59:10 INFO  [AsyncResolver-bootstrap-executor-%d] traceId= spanId= c.n.d.s.r.aws.ConfigClusterResolver : Resolving eureka endpoints via configuration
2026-10-01 17:04:10 INFO  [AsyncResolver-bootstrap-executor-%d] traceId= spanId= c.n.d.s.r.aws.ConfigClusterResolver : Resolving eureka endpoints via configuration
2026-10-01 17:09:10 INFO  [AsyncResolver-bootstrap-executor-%d] traceId= spanId= c.n.d.s.r.aws.ConfigClusterResolver : Resolving eureka endpoints via configuration
2026-10-01 17:14:10 INFO  [AsyncResolver-bootstrap-executor-%d] traceId= spanId= c.n.d.s.r.aws.ConfigClusterResolver : Resolving eureka endpoints via configuration
2026-10-01 17:19:10 INFO  [AsyncResolver-bootstrap-executor-%d] traceId= spanId= c.n.d.s.r.aws.ConfigClusterResolver : Resolving eureka endpoints via configuration
2026-10-01 17:24:10 INFO  [AsyncResolver-bootstrap-executor-%d] traceId= spanId= c.n.d.s.r.aws.ConfigClusterResolver : Resolving eureka endpoints via configuration
2026-10-01 17:29:10 INFO  [AsyncResolver-bootstrap-executor-%d] traceId= spanId= c.n.d.s.r.aws.ConfigClusterResolver : Resolving eureka endpoints via configuration
2026-10-01 17:34:10 INFO  [AsyncResolver-bootstrap-executor-%d] traceId= spanId= c.n.d.s.r.aws.ConfigClusterResolver : Resolving eureka endpoints via configuration
2026-10-01 17:39:10 INFO  [AsyncResolver-bootstrap-executor-%d] traceId= spanId= c.n.d.s.r.aws.ConfigClusterResolver : Resolving eureka endpoints via configuration
2026-10-01 17:44:10 INFO  [AsyncResolver-bootstrap-executor-%d] traceId= spanId= c.n.d.s.r.aws.ConfigClusterResolver : Resolving eureka endpoints via configuration
2026-10-01 17:49:10 INFO  [AsyncResolver-bootstrap-executor-%d] traceId= spanId= c.n.d.s.r.aws.ConfigClusterResolver : Resolving eureka endpoints via configuration
2026-10-01 17:54:10 INFO  [AsyncResolver-bootstrap-executor-%d] traceId= spanId= c.n.d.s.r.aws.ConfigClusterResolver : Resolving eureka endpoints via configuration
2026-10-01 17:59:10 INFO  [AsyncResolver-bootstrap-executor-%d] traceId= spanId= c.n.d.s.r.aws.ConfigClusterResolver : Resolving eureka endpoints via configuration
2026-10-01 18:04:10 INFO  [AsyncResolver-bootstrap-executor-%d] traceId= spanId= c.n.d.s.r.aws.ConfigClusterResolver : Resolving eureka endpoints via configuration
2026-10-01 18:09:10 INFO  [AsyncResolver-bootstrap-executor-%d] traceId= spanId= c.n.d.s.r.aws.ConfigClusterResolver : Resolving eureka endpoints via configuration
2026-10-01 18:14:10 INFO  [AsyncResolver-bootstrap-executor-%d] traceId= spanId= c.n.d.s.r.aws.ConfigClusterResolver : Resolving eureka endpoints via configuration
2026-10-01 18:19:11 INFO  [AsyncResolver-bootstrap-executor-%d] traceId= spanId= c.n.d.s.r.aws.ConfigClusterResolver : Resolving eureka endpoints via configuration
2026-10-01 18:24:11 INFO  [AsyncResolver-bootstrap-executor-%d] traceId= spanId= c.n.d.s.r.aws.ConfigClusterResolver : Resolving eureka endpoints via configuration
2026-10-01 18:29:11 INFO  [AsyncResolver-bootstrap-executor-%d] traceId= spanId= c.n.d.s.r.aws.ConfigClusterResolver : Resolving eureka endpoints via configuration
2026-10-01 18:34:11 INFO  [AsyncResolver-bootstrap-executor-%d] traceId= spanId= c.n.d.s.r.aws.ConfigClusterResolver : Resolving eureka endpoints via configuration
2026-10-01 18:39:11 INFO  [AsyncResolver-bootstrap-executor-%d] traceId= spanId= c.n.d.s.r.aws.ConfigClusterResolver : Resolving eureka endpoints via configuration
2026-10-01 18:44:11 INFO  [AsyncResolver-bootstrap-executor-%d] traceId= spanId= c.n.d.s.r.aws.ConfigClusterResolver : Resolving eureka endpoints via configuration
2026-10-01 18:49:11 INFO  [AsyncResolver-bootstrap-executor-%d] traceId= spanId= c.n.d.s.r.aws.ConfigClusterResolver : Resolving eureka endpoints via configuration
2026-10-01 18:54:11 INFO  [AsyncResolver-bootstrap-executor-%d] traceId= spanId= c.n.d.s.r.aws.ConfigClusterResolver : Resolving eureka endpoints via configuration
2026-10-01 18:59:11 INFO  [AsyncResolver-bootstrap-executor-%d] traceId= spanId= c.n.d.s.r.aws.ConfigClusterResolver : Resolving eureka endpoints via configuration
2026-10-01 19:04:11 INFO  [AsyncResolver-bootstrap-executor-%d] traceId= spanId= c.n.d.s.r.aws.ConfigClusterResolver : Resolving eureka endpoints via configuration
2026-10-01 19:09:11 INFO  [AsyncResolver-bootstrap-executor-%d] traceId= spanId= c.n.d.s.r.aws.ConfigClusterResolver : Resolving eureka endpoints via configuration
2026-10-01 19:12:38 INFO  [reactor-http-nio-9] traceId=d10aad93bbf53d326178b78d1e1735c5 spanId=95ecaa3144dadfe1 c.s.e.a.filter.AuthenticationFilter : path  /products/api/products
2026-10-01 19:12:38 INFO  [reactor-http-nio-9] traceId=d10aad93bbf53d326178b78d1e1735c5 spanId=95ecaa3144dadfe1 c.s.e.a.filter.AuthenticationFilter : method  GET
2026-10-01 19:12:39 ERROR [reactor-http-nio-9] traceId=d10aad93bbf53d326178b78d1e1735c5 spanId=95ecaa3144dadfe1 o.s.c.g.f.ratelimit.RedisRateLimiter : Error calling rate limiter lua
org.springframework.data.redis.RedisConnectionFailureException: Unable to connect to Redis
	at org.springframework.data.redis.connection.lettuce.LettuceConnectionFactory$ExceptionTranslatingConnectionProvider.translateException(LettuceConnectionFactory.java:1868)
	at org.springframework.data.redis.connection.lettuce.LettuceConnectionFactory$ExceptionTranslatingConnectionProvider.getConnection(LettuceConnectionFactory.java:1799)
	at org.springframework.data.redis.connection.lettuce.LettuceConnectionFactory$SharedConnection.getNativeConnection(LettuceConnectionFactory.java:1596)
	at org.springframework.data.redis.connection.lettuce.LettuceConnectionFactory$SharedConnection.lambda$getConnection$0(LettuceConnectionFactory.java:1576)
	at org.springframework.data.redis.connection.lettuce.LettuceConnectionFactory.doInLock(LettuceConnectionFactory.java:1537)
	at org.springframework.data.redis.connection.lettuce.LettuceConnectionFactory$SharedConnection.getConnection(LettuceConnectionFactory.java:1573)
	at org.springframework.data.redis.connection.lettuce.LettuceConnectionFactory.getSharedReactiveConnection(LettuceConnectionFactory.java:1281)
	at org.springframework.data.redis.connection.lettuce.LettuceConnectionFactory.getReactiveConnection(LettuceConnectionFactory.java:1151)
	at org.springframework.data.redis.connection.lettuce.LettuceConnectionFactory.getReactiveConnection(LettuceConnectionFactory.java:120)
	at reactor.core.publisher.MonoSupplier$MonoSupplierSubscription.request(MonoSupplier.java:123)
	at reactor.core.publisher.FluxUsingWhen$ResourceSubscriber.onSubscribe(FluxUsingWhen.java:244)
	at io.opentelemetry.javaagent.shaded.instrumentation.reactor.v3_1.TracingSubscriber.onSubscribe(TracingSubscriber.java:65)
	at reactor.core.publisher.MonoSupplier.subscribe(MonoSupplier.java:47)
	at reactor.core.publisher.Mono.subscribe(Mono.java:4569)
	at reactor.core.publisher.FluxUsingWhen.subscribe(FluxUsingWhen.java:105)
	at reactor.core.publisher.Mono.subscribe(Mono.java:4569)
	at reactor.core.publisher.FluxFlatMap.trySubscribeScalarMap(FluxFlatMap.java:202)
	at reactor.core.publisher.MonoFlatMap.subscribeOrReturn(MonoFlatMap.java:53)
	at reactor.core.publisher.InternalMonoOperator.subscribe(InternalMonoOperator.java:62)
	at reactor.core.publisher.MonoDefer.subscribe(MonoDefer.java:54)
	at reactor.core.publisher.InternalMonoOperator.subscribe(InternalMonoOperator.java:75)
	at reactor.core.publisher.MonoDefer.subscribe(MonoDefer.java:54)
	at reactor.core.publisher.InternalMonoOperator.subscribe(InternalMonoOperator.java:75)
	at reactor.core.publisher.MonoDefer.subscribe(MonoDefer.java:54)
	at reactor.core.publisher.InternalMonoOperator.subscribe(InternalMonoOperator.java:75)
	at reactor.core.publisher.MonoDefer.subscribe(MonoDefer.java:54)
	at reactor.core.publisher.InternalMonoOperator.subscribe(InternalMonoOperator.java:75)
	at reactor.core.publisher.MonoDefer.subscribe(MonoDefer.java:54)
	at reactor.core.publisher.Mono.subscribe(Mono.java:4569)
	at reactor.core.publisher.MonoIgnoreThen$ThenIgnoreMain.subscribeNext(MonoIgnoreThen.java:268)
	at reactor.core.publisher.MonoIgnoreThen.subscribe(MonoIgnoreThen.java:51)
	at reactor.core.publisher.InternalMonoOperator.subscribe(InternalMonoOperator.java:75)
	at reactor.core.publisher.MonoDefer.subscribe(MonoDefer.java:54)
	at reactor.core.publisher.InternalMonoOperator.subscribe(InternalMonoOperator.java:75)
	at reactor.core.publisher.MonoFlatMap$FlatMapMain.onNext(MonoFlatMap.java:165)
	at io.opentelemetry.javaagent.shaded.instrumentation.reactor.v3_1.TracingSubscriber.onNext(TracingSubscriber.java:72)
	at reactor.core.publisher.FluxSwitchIfEmpty$SwitchIfEmptySubscriber.onNext(FluxSwitchIfEmpty.java:75)
	at io.opentelemetry.javaagent.shaded.instrumentation.reactor.v3_1.TracingSubscriber.onNext(TracingSubscriber.java:72)
	at reactor.core.publisher.FluxMap$MapSubscriber.onNext(FluxMap.java:122)
	at io.opentelemetry.javaagent.shaded.instrumentation.reactor.v3_1.TracingSubscriber.onNext(TracingSubscriber.java:72)
	at reactor.core.publisher.Operators$BaseFluxToMonoOperator.completePossiblyEmpty(Operators.java:2093)
	at reactor.core.publisher.FluxDefaultIfEmpty$DefaultIfEmptySubscriber.onComplete(FluxDefaultIfEmpty.java:134)
	at io.opentelemetry.javaagent.shaded.instrumentation.reactor.v3_1.TracingSubscriber.onComplete(TracingSubscriber.java:96)
	at reactor.core.publisher.FluxHide$SuppressFuseableSubscriber.onComplete(FluxHide.java:147)
	at reactor.core.publisher.FluxContextWrite$ContextWriteSubscriber.onComplete(FluxContextWrite.java:128)
	at io.opentelemetry.javaagent.shaded.instrumentation.reactor.v3_1.TracingSubscriber.onComplete(TracingSubscriber.java:96)
	at reactor.core.publisher.FluxHide$SuppressFuseableSubscriber.onComplete(FluxHide.java:147)
	at reactor.core.publisher.FluxMapFuseable$MapFuseableSubscriber.onComplete(FluxMapFuseable.java:153)
	at io.opentelemetry.javaagent.shaded.instrumentation.reactor.v3_1.TracingSubscriber.onComplete(TracingSubscriber.java:96)
	at reactor.core.publisher.FluxHide$SuppressFuseableSubscriber.onComplete(FluxHide.java:147)
	at reactor.core.publisher.FluxFilterFuseable$FilterFuseableSubscriber.onComplete(FluxFilterFuseable.java:172)
	at io.opentelemetry.javaagent.shaded.instrumentation.reactor.v3_1.TracingSubscriber.onComplete(TracingSubscriber.java:96)
	at reactor.core.publisher.FluxHide$SuppressFuseableSubscriber.onComplete(FluxHide.java:147)
	at reactor.core.publisher.Operators$BaseFluxToMonoOperator.completePossiblyEmpty(Operators.java:2094)
	at reactor.core.publisher.MonoCollect$CollectSubscriber.onComplete(MonoCollect.java:144)
	at io.opentelemetry.javaagent.shaded.instrumentation.reactor.v3_1.TracingSubscriber.onComplete(TracingSubscriber.java:96)
	at reactor.core.publisher.FluxMap$MapSubscriber.onComplete(FluxMap.java:144)
	at io.opentelemetry.javaagent.shaded.instrumentation.reactor.v3_1.TracingSubscriber.onComplete(TracingSubscriber.java:96)
	at reactor.core.publisher.FluxPeek$PeekSubscriber.onComplete(FluxPeek.java:263)
	at io.opentelemetry.javaagent.shaded.instrumentation.reactor.v3_1.TracingSubscriber.onComplete(TracingSubscriber.java:96)
	at reactor.core.publisher.FluxMap$MapSubscriber.onComplete(FluxMap.java:144)
	at reactor.netty.channel.FluxReceive.onInboundComplete(FluxReceive.java:419)
	at reactor.netty.channel.ChannelOperations.onInboundComplete(ChannelOperations.java:467)
	at reactor.netty.http.server.HttpServerOperations.handleLastHttpContent(HttpServerOperations.java:911)
	at reactor.netty.http.server.HttpServerOperations.onInboundNext(HttpServerOperations.java:810)
	at reactor.netty.channel.ChannelOperationsHandler.channelRead(ChannelOperationsHandler.java:115)
	at io.netty.channel.AbstractChannelHandlerContext.fireChannelRead(AbstractChannelHandlerContext.java:357)
	at reactor.netty.http.server.HttpTrafficHandler.channelRead(HttpTrafficHandler.java:332)
	at io.netty.channel.AbstractChannelHandlerContext.fireChannelRead(AbstractChannelHandlerContext.java:355)
	at io.netty.channel.CombinedChannelDuplexHandler$DelegatingChannelHandlerContext.fireChannelRead(CombinedChannelDuplexHandler.java:434)
	at io.netty.channel.ChannelInboundHandlerAdapter.channelRead(ChannelInboundHandlerAdapter.java:93)
	at io.opentelemetry.javaagent.shaded.instrumentation.netty.v4_1.internal.server.HttpServerRequestTracingHandler.channelRead(HttpServerRequestTracingHandler.java:44)
	at io.netty.channel.CombinedChannelDuplexHandler.channelRead(CombinedChannelDuplexHandler.java:249)
	at io.netty.channel.AbstractChannelHandlerContext.fireChannelRead(AbstractChannelHandlerContext.java:355)
	at io.netty.channel.CombinedChannelDuplexHandler$DelegatingChannelHandlerContext.fireChannelRead(CombinedChannelDuplexHandler.java:434)
	at io.netty.handler.codec.ByteToMessageDecoder.fireChannelRead(ByteToMessageDecoder.java:361)
	at io.netty.handler.codec.ByteToMessageDecoder.channelRead(ByteToMessageDecoder.java:325)
	at io.netty.channel.CombinedChannelDuplexHandler.channelRead(CombinedChannelDuplexHandler.java:249)
	at io.netty.channel.AbstractChannelHandlerContext.fireChannelRead(AbstractChannelHandlerContext.java:355)
	at io.netty.channel.DefaultChannelPipeline$HeadContext.channelRead(DefaultChannelPipeline.java:1429)
	at io.netty.channel.DefaultChannelPipeline.fireChannelRead(DefaultChannelPipeline.java:918)
	at io.netty.channel.nio.AbstractNioByteChannel$NioByteUnsafe.read(AbstractNioByteChannel.java:176)
	at io.netty.channel.nio.AbstractNioChannel$AbstractNioUnsafe.handle(AbstractNioChannel.java:445)
	at io.netty.channel.nio.NioIoHandler$DefaultNioRegistration.handle(NioIoHandler.java:388)
	at io.netty.channel.nio.NioIoHandler.processSelectedKey(NioIoHandler.java:596)
	at io.netty.channel.nio.NioIoHandler.processSelectedKeysPlain(NioIoHandler.java:541)
	at io.netty.channel.nio.NioIoHandler.processSelectedKeys(NioIoHandler.java:514)
	at io.netty.channel.nio.NioIoHandler.run(NioIoHandler.java:484)
	at io.netty.channel.SingleThreadIoEventLoop.runIo(SingleThreadIoEventLoop.java:225)
	at io.netty.channel.SingleThreadIoEventLoop.run(SingleThreadIoEventLoop.java:196)
	at io.netty.util.concurrent.SingleThreadEventExecutor$5.run(SingleThreadEventExecutor.java:1195)
	at io.netty.util.internal.ThreadExecutorMap$2.run(ThreadExecutorMap.java:74)
	at io.netty.util.concurrent.FastThreadLocalRunnable.run(FastThreadLocalRunnable.java:30)
	at java.base/java.lang.Thread.run(Thread.java:1474)
Caused by: io.lettuce.core.RedisConnectionException: Unable to connect to localhost/<unresolved>:6379
	at io.lettuce.core.RedisConnectionException.create(RedisConnectionException.java:63)
	at io.lettuce.core.RedisConnectionException.create(RedisConnectionException.java:41)
	at io.lettuce.core.AbstractRedisClient.getConnection(AbstractRedisClient.java:352)
	at io.lettuce.core.RedisClient.connect(RedisClient.java:220)
	at org.springframework.data.redis.connection.lettuce.StandaloneConnectionProvider.lambda$getConnection$1(StandaloneConnectionProvider.java:113)
	at java.base/java.util.Optional.orElseGet(Optional.java:364)
	at org.springframework.data.redis.connection.lettuce.StandaloneConnectionProvider.getConnection(StandaloneConnectionProvider.java:113)
	at org.springframework.data.redis.connection.lettuce.LettuceConnectionFactory$ExceptionTranslatingConnectionProvider.getConnection(LettuceConnectionFactory.java:1797)
	... 92 common frames omitted
Caused by: io.netty.channel.AbstractChannel$AnnotatedConnectException: Connection refused: getsockopt: localhost/127.0.0.1:6379
Caused by: java.net.ConnectException: Connection refused: getsockopt
	at java.base/sun.nio.ch.Net.pollConnect(Native Method)
	at java.base/sun.nio.ch.Net.pollConnectNow(Net.java:639)
	at java.base/sun.nio.ch.SocketChannelImpl.finishConnect(SocketChannelImpl.java:1046)
	at io.netty.channel.socket.nio.NioSocketChannel.doFinishConnect(NioSocketChannel.java:330)
	at io.netty.channel.nio.AbstractNioChannel$AbstractNioUnsafe.finishConnect(AbstractNioChannel.java:384)
	at io.netty.channel.nio.AbstractNioChannel$AbstractNioUnsafe.handle(AbstractNioChannel.java:432)
	at io.netty.channel.nio.NioIoHandler$DefaultNioRegistration.handle(NioIoHandler.java:388)
	at io.netty.channel.nio.NioIoHandler.processSelectedKey(NioIoHandler.java:596)
	at io.netty.channel.nio.NioIoHandler.processSelectedKeysPlain(NioIoHandler.java:541)
	at io.netty.channel.nio.NioIoHandler.processSelectedKeys(NioIoHandler.java:514)
	at io.netty.channel.nio.NioIoHandler.run(NioIoHandler.java:484)
	at io.netty.channel.SingleThreadIoEventLoop.runIo(SingleThreadIoEventLoop.java:225)
	at io.netty.channel.SingleThreadIoEventLoop.run(SingleThreadIoEventLoop.java:196)
	at io.netty.util.concurrent.SingleThreadEventExecutor$5.run(SingleThreadEventExecutor.java:1195)
	at io.netty.util.internal.ThreadExecutorMap$2.run(ThreadExecutorMap.java:74)
	at io.netty.util.concurrent.FastThreadLocalRunnable.run(FastThreadLocalRunnable.java:30)
	at java.base/java.lang.Thread.run(Thread.java:1474)
2026-10-01 19:14:11 INFO  [AsyncResolver-bootstrap-executor-%d] traceId= spanId= c.n.d.s.r.aws.ConfigClusterResolver : Resolving eureka endpoints via configuration
2026-10-01 19:19:11 INFO  [AsyncResolver-bootstrap-executor-%d] traceId= spanId= c.n.d.s.r.aws.ConfigClusterResolver : Resolving eureka endpoints via configuration
2026-10-01 19:24:11 INFO  [AsyncResolver-bootstrap-executor-%d] traceId= spanId= c.n.d.s.r.aws.ConfigClusterResolver : Resolving eureka endpoints via configuration
2026-10-01 19:29:11 INFO  [AsyncResolver-bootstrap-executor-%d] traceId= spanId= c.n.d.s.r.aws.ConfigClusterResolver : Resolving eureka endpoints via configuration
2026-10-01 19:34:11 INFO  [AsyncResolver-bootstrap-executor-%d] traceId= spanId= c.n.d.s.r.aws.ConfigClusterResolver : Resolving eureka endpoints via configuration
2026-10-01 19:35:26 INFO  [reactor-http-nio-17] traceId=d12b1f21cd1806fde1016179697237ec spanId=b7ae7c6470d60c98 c.s.e.a.filter.AuthenticationFilter : path  /products/api/categories
2026-10-01 19:35:26 INFO  [reactor-http-nio-17] traceId=d12b1f21cd1806fde1016179697237ec spanId=b7ae7c6470d60c98 c.s.e.a.filter.AuthenticationFilter : method  GET
2026-10-01 19:35:26 ERROR [reactor-http-nio-17] traceId=d12b1f21cd1806fde1016179697237ec spanId=b7ae7c6470d60c98 o.s.c.g.f.ratelimit.RedisRateLimiter : Error calling rate limiter lua
org.springframework.data.redis.RedisConnectionFailureException: Unable to connect to Redis
	at org.springframework.data.redis.connection.lettuce.LettuceConnectionFactory$ExceptionTranslatingConnectionProvider.translateException(LettuceConnectionFactory.java:1868)
	at org.springframework.data.redis.connection.lettuce.LettuceConnectionFactory$ExceptionTranslatingConnectionProvider.getConnection(LettuceConnectionFactory.java:1799)
	at org.springframework.data.redis.connection.lettuce.LettuceConnectionFactory$SharedConnection.getNativeConnection(LettuceConnectionFactory.java:1596)
	at org.springframework.data.redis.connection.lettuce.LettuceConnectionFactory$SharedConnection.lambda$getConnection$0(LettuceConnectionFactory.java:1576)
	at org.springframework.data.redis.connection.lettuce.LettuceConnectionFactory.doInLock(LettuceConnectionFactory.java:1537)
	at org.springframework.data.redis.connection.lettuce.LettuceConnectionFactory$SharedConnection.getConnection(LettuceConnectionFactory.java:1573)
	at org.springframework.data.redis.connection.lettuce.LettuceConnectionFactory.getSharedReactiveConnection(LettuceConnectionFactory.java:1281)
	at org.springframework.data.redis.connection.lettuce.LettuceConnectionFactory.getReactiveConnection(LettuceConnectionFactory.java:1151)
	at org.springframework.data.redis.connection.lettuce.LettuceConnectionFactory.getReactiveConnection(LettuceConnectionFactory.java:120)
	at reactor.core.publisher.MonoSupplier$MonoSupplierSubscription.request(MonoSupplier.java:123)
	at reactor.core.publisher.FluxUsingWhen$ResourceSubscriber.onSubscribe(FluxUsingWhen.java:244)
	at io.opentelemetry.javaagent.shaded.instrumentation.reactor.v3_1.TracingSubscriber.onSubscribe(TracingSubscriber.java:65)
	at reactor.core.publisher.MonoSupplier.subscribe(MonoSupplier.java:47)
	at reactor.core.publisher.Mono.subscribe(Mono.java:4569)
	at reactor.core.publisher.FluxUsingWhen.subscribe(FluxUsingWhen.java:105)
	at reactor.core.publisher.Mono.subscribe(Mono.java:4569)
	at reactor.core.publisher.FluxFlatMap.trySubscribeScalarMap(FluxFlatMap.java:202)
	at reactor.core.publisher.MonoFlatMap.subscribeOrReturn(MonoFlatMap.java:53)
	at reactor.core.publisher.InternalMonoOperator.subscribe(InternalMonoOperator.java:62)
	at reactor.core.publisher.MonoDefer.subscribe(MonoDefer.java:54)
	at reactor.core.publisher.InternalMonoOperator.subscribe(InternalMonoOperator.java:75)
	at reactor.core.publisher.MonoDefer.subscribe(MonoDefer.java:54)
	at reactor.core.publisher.InternalMonoOperator.subscribe(InternalMonoOperator.java:75)
	at reactor.core.publisher.MonoDefer.subscribe(MonoDefer.java:54)
	at reactor.core.publisher.InternalMonoOperator.subscribe(InternalMonoOperator.java:75)
	at reactor.core.publisher.MonoDefer.subscribe(MonoDefer.java:54)
	at reactor.core.publisher.InternalMonoOperator.subscribe(InternalMonoOperator.java:75)
	at reactor.core.publisher.MonoDefer.subscribe(MonoDefer.java:54)
	at reactor.core.publisher.Mono.subscribe(Mono.java:4569)
	at reactor.core.publisher.MonoIgnoreThen$ThenIgnoreMain.subscribeNext(MonoIgnoreThen.java:268)
	at reactor.core.publisher.MonoIgnoreThen.subscribe(MonoIgnoreThen.java:51)
	at reactor.core.publisher.InternalMonoOperator.subscribe(InternalMonoOperator.java:75)
	at reactor.core.publisher.MonoDefer.subscribe(MonoDefer.java:54)
	at reactor.core.publisher.InternalMonoOperator.subscribe(InternalMonoOperator.java:75)
	at reactor.core.publisher.MonoFlatMap$FlatMapMain.onNext(MonoFlatMap.java:165)
	at io.opentelemetry.javaagent.shaded.instrumentation.reactor.v3_1.TracingSubscriber.onNext(TracingSubscriber.java:72)
	at reactor.core.publisher.FluxSwitchIfEmpty$SwitchIfEmptySubscriber.onNext(FluxSwitchIfEmpty.java:75)
	at io.opentelemetry.javaagent.shaded.instrumentation.reactor.v3_1.TracingSubscriber.onNext(TracingSubscriber.java:72)
	at reactor.core.publisher.FluxMap$MapSubscriber.onNext(FluxMap.java:122)
	at io.opentelemetry.javaagent.shaded.instrumentation.reactor.v3_1.TracingSubscriber.onNext(TracingSubscriber.java:72)
	at reactor.core.publisher.Operators$BaseFluxToMonoOperator.completePossiblyEmpty(Operators.java:2093)
	at reactor.core.publisher.FluxDefaultIfEmpty$DefaultIfEmptySubscriber.onComplete(FluxDefaultIfEmpty.java:134)
	at io.opentelemetry.javaagent.shaded.instrumentation.reactor.v3_1.TracingSubscriber.onComplete(TracingSubscriber.java:96)
	at reactor.core.publisher.FluxHide$SuppressFuseableSubscriber.onComplete(FluxHide.java:147)
	at reactor.core.publisher.FluxContextWrite$ContextWriteSubscriber.onComplete(FluxContextWrite.java:128)
	at io.opentelemetry.javaagent.shaded.instrumentation.reactor.v3_1.TracingSubscriber.onComplete(TracingSubscriber.java:96)
	at reactor.core.publisher.FluxHide$SuppressFuseableSubscriber.onComplete(FluxHide.java:147)
	at reactor.core.publisher.FluxMapFuseable$MapFuseableSubscriber.onComplete(FluxMapFuseable.java:153)
	at io.opentelemetry.javaagent.shaded.instrumentation.reactor.v3_1.TracingSubscriber.onComplete(TracingSubscriber.java:96)
	at reactor.core.publisher.FluxHide$SuppressFuseableSubscriber.onComplete(FluxHide.java:147)
	at reactor.core.publisher.FluxFilterFuseable$FilterFuseableSubscriber.onComplete(FluxFilterFuseable.java:172)
	at io.opentelemetry.javaagent.shaded.instrumentation.reactor.v3_1.TracingSubscriber.onComplete(TracingSubscriber.java:96)
	at reactor.core.publisher.FluxHide$SuppressFuseableSubscriber.onComplete(FluxHide.java:147)
	at reactor.core.publisher.Operators$BaseFluxToMonoOperator.completePossiblyEmpty(Operators.java:2094)
	at reactor.core.publisher.MonoCollect$CollectSubscriber.onComplete(MonoCollect.java:144)
	at io.opentelemetry.javaagent.shaded.instrumentation.reactor.v3_1.TracingSubscriber.onComplete(TracingSubscriber.java:96)
	at reactor.core.publisher.FluxMap$MapSubscriber.onComplete(FluxMap.java:144)
	at io.opentelemetry.javaagent.shaded.instrumentation.reactor.v3_1.TracingSubscriber.onComplete(TracingSubscriber.java:96)
	at reactor.core.publisher.FluxPeek$PeekSubscriber.onComplete(FluxPeek.java:263)
	at io.opentelemetry.javaagent.shaded.instrumentation.reactor.v3_1.TracingSubscriber.onComplete(TracingSubscriber.java:96)
	at reactor.core.publisher.FluxMap$MapSubscriber.onComplete(FluxMap.java:144)
	at reactor.netty.channel.FluxReceive.onInboundComplete(FluxReceive.java:419)
	at reactor.netty.channel.ChannelOperations.onInboundComplete(ChannelOperations.java:467)
	at reactor.netty.http.server.HttpServerOperations.handleLastHttpContent(HttpServerOperations.java:911)
	at reactor.netty.http.server.HttpServerOperations.onInboundNext(HttpServerOperations.java:810)
	at reactor.netty.channel.ChannelOperationsHandler.channelRead(ChannelOperationsHandler.java:115)
	at io.netty.channel.AbstractChannelHandlerContext.fireChannelRead(AbstractChannelHandlerContext.java:357)
	at reactor.netty.http.server.HttpTrafficHandler.channelRead(HttpTrafficHandler.java:332)
	at io.netty.channel.AbstractChannelHandlerContext.fireChannelRead(AbstractChannelHandlerContext.java:355)
	at io.netty.channel.CombinedChannelDuplexHandler$DelegatingChannelHandlerContext.fireChannelRead(CombinedChannelDuplexHandler.java:434)
	at io.netty.channel.ChannelInboundHandlerAdapter.channelRead(ChannelInboundHandlerAdapter.java:93)
	at io.opentelemetry.javaagent.shaded.instrumentation.netty.v4_1.internal.server.HttpServerRequestTracingHandler.channelRead(HttpServerRequestTracingHandler.java:44)
	at io.netty.channel.CombinedChannelDuplexHandler.channelRead(CombinedChannelDuplexHandler.java:249)
	at io.netty.channel.AbstractChannelHandlerContext.fireChannelRead(AbstractChannelHandlerContext.java:355)
	at io.netty.channel.CombinedChannelDuplexHandler$DelegatingChannelHandlerContext.fireChannelRead(CombinedChannelDuplexHandler.java:434)
	at io.netty.handler.codec.ByteToMessageDecoder.fireChannelRead(ByteToMessageDecoder.java:361)
	at io.netty.handler.codec.ByteToMessageDecoder.channelRead(ByteToMessageDecoder.java:325)
	at io.netty.channel.CombinedChannelDuplexHandler.channelRead(CombinedChannelDuplexHandler.java:249)
	at io.netty.channel.AbstractChannelHandlerContext.fireChannelRead(AbstractChannelHandlerContext.java:355)
	at io.netty.channel.DefaultChannelPipeline$HeadContext.channelRead(DefaultChannelPipeline.java:1429)
	at io.netty.channel.DefaultChannelPipeline.fireChannelRead(DefaultChannelPipeline.java:918)
	at io.netty.channel.nio.AbstractNioByteChannel$NioByteUnsafe.read(AbstractNioByteChannel.java:176)
	at io.netty.channel.nio.AbstractNioChannel$AbstractNioUnsafe.handle(AbstractNioChannel.java:445)
	at io.netty.channel.nio.NioIoHandler$DefaultNioRegistration.handle(NioIoHandler.java:388)
	at io.netty.channel.nio.NioIoHandler.processSelectedKey(NioIoHandler.java:596)
	at io.netty.channel.nio.NioIoHandler.processSelectedKeysPlain(NioIoHandler.java:541)
	at io.netty.channel.nio.NioIoHandler.processSelectedKeys(NioIoHandler.java:514)
	at io.netty.channel.nio.NioIoHandler.run(NioIoHandler.java:484)
	at io.netty.channel.SingleThreadIoEventLoop.runIo(SingleThreadIoEventLoop.java:225)
	at io.netty.channel.SingleThreadIoEventLoop.run(SingleThreadIoEventLoop.java:196)
	at io.netty.util.concurrent.SingleThreadEventExecutor$5.run(SingleThreadEventExecutor.java:1195)
	at io.netty.util.internal.ThreadExecutorMap$2.run(ThreadExecutorMap.java:74)
	at io.netty.util.concurrent.FastThreadLocalRunnable.run(FastThreadLocalRunnable.java:30)
	at java.base/java.lang.Thread.run(Thread.java:1474)
Caused by: io.lettuce.core.RedisConnectionException: Unable to connect to localhost/<unresolved>:6379
	at io.lettuce.core.RedisConnectionException.create(RedisConnectionException.java:63)
	at io.lettuce.core.RedisConnectionException.create(RedisConnectionException.java:41)
	at io.lettuce.core.AbstractRedisClient.getConnection(AbstractRedisClient.java:352)
	at io.lettuce.core.RedisClient.connect(RedisClient.java:220)
	at org.springframework.data.redis.connection.lettuce.StandaloneConnectionProvider.lambda$getConnection$1(StandaloneConnectionProvider.java:113)
	at java.base/java.util.Optional.orElseGet(Optional.java:364)
	at org.springframework.data.redis.connection.lettuce.StandaloneConnectionProvider.getConnection(StandaloneConnectionProvider.java:113)
	at org.springframework.data.redis.connection.lettuce.LettuceConnectionFactory$ExceptionTranslatingConnectionProvider.getConnection(LettuceConnectionFactory.java:1797)
	... 92 common frames omitted
Caused by: io.netty.channel.AbstractChannel$AnnotatedConnectException: Connection refused: getsockopt: localhost/127.0.0.1:6379
Caused by: java.net.ConnectException: Connection refused: getsockopt
	at java.base/sun.nio.ch.Net.pollConnect(Native Method)
	at java.base/sun.nio.ch.Net.pollConnectNow(Net.java:639)
	at java.base/sun.nio.ch.SocketChannelImpl.finishConnect(SocketChannelImpl.java:1046)
	at io.netty.channel.socket.nio.NioSocketChannel.doFinishConnect(NioSocketChannel.java:330)
	at io.netty.channel.nio.AbstractNioChannel$AbstractNioUnsafe.finishConnect(AbstractNioChannel.java:384)
	at io.netty.channel.nio.AbstractNioChannel$AbstractNioUnsafe.handle(AbstractNioChannel.java:432)
	at io.netty.channel.nio.NioIoHandler$DefaultNioRegistration.handle(NioIoHandler.java:388)
	at io.netty.channel.nio.NioIoHandler.processSelectedKey(NioIoHandler.java:596)
	at io.netty.channel.nio.NioIoHandler.processSelectedKeysPlain(NioIoHandler.java:541)
	at io.netty.channel.nio.NioIoHandler.processSelectedKeys(NioIoHandler.java:514)
	at io.netty.channel.nio.NioIoHandler.run(NioIoHandler.java:484)
	at io.netty.channel.SingleThreadIoEventLoop.runIo(SingleThreadIoEventLoop.java:225)
	at io.netty.channel.SingleThreadIoEventLoop.run(SingleThreadIoEventLoop.java:196)
	at io.netty.util.concurrent.SingleThreadEventExecutor$5.run(SingleThreadEventExecutor.java:1195)
	at io.netty.util.internal.ThreadExecutorMap$2.run(ThreadExecutorMap.java:74)
	at io.netty.util.concurrent.FastThreadLocalRunnable.run(FastThreadLocalRunnable.java:30)
	at java.base/java.lang.Thread.run(Thread.java:1474)
2026-10-01 19:35:43 INFO  [reactor-http-nio-1] traceId=03953b10ddd5bbfb09fd42f5a1b6ffd0 spanId=f02f59f27f4b4087 c.s.e.a.filter.AuthenticationFilter : path  /products/api/products/filter
2026-10-01 19:35:43 INFO  [reactor-http-nio-1] traceId=03953b10ddd5bbfb09fd42f5a1b6ffd0 spanId=f02f59f27f4b4087 c.s.e.a.filter.AuthenticationFilter : method  GET
2026-10-01 19:35:43 ERROR [reactor-http-nio-1] traceId=03953b10ddd5bbfb09fd42f5a1b6ffd0 spanId=f02f59f27f4b4087 o.s.c.g.f.ratelimit.RedisRateLimiter : Error calling rate limiter lua
org.springframework.data.redis.RedisConnectionFailureException: Unable to connect to Redis
	at org.springframework.data.redis.connection.lettuce.LettuceConnectionFactory$ExceptionTranslatingConnectionProvider.translateException(LettuceConnectionFactory.java:1868)
	at org.springframework.data.redis.connection.lettuce.LettuceConnectionFactory$ExceptionTranslatingConnectionProvider.getConnection(LettuceConnectionFactory.java:1799)
	at org.springframework.data.redis.connection.lettuce.LettuceConnectionFactory$SharedConnection.getNativeConnection(LettuceConnectionFactory.java:1596)
	at org.springframework.data.redis.connection.lettuce.LettuceConnectionFactory$SharedConnection.lambda$getConnection$0(LettuceConnectionFactory.java:1576)
	at org.springframework.data.redis.connection.lettuce.LettuceConnectionFactory.doInLock(LettuceConnectionFactory.java:1537)
	at org.springframework.data.redis.connection.lettuce.LettuceConnectionFactory$SharedConnection.getConnection(LettuceConnectionFactory.java:1573)
	at org.springframework.data.redis.connection.lettuce.LettuceConnectionFactory.getSharedReactiveConnection(LettuceConnectionFactory.java:1281)
	at org.springframework.data.redis.connection.lettuce.LettuceConnectionFactory.getReactiveConnection(LettuceConnectionFactory.java:1151)
	at org.springframework.data.redis.connection.lettuce.LettuceConnectionFactory.getReactiveConnection(LettuceConnectionFactory.java:120)
	at reactor.core.publisher.MonoSupplier$MonoSupplierSubscription.request(MonoSupplier.java:123)
	at reactor.core.publisher.FluxUsingWhen$ResourceSubscriber.onSubscribe(FluxUsingWhen.java:244)
	at io.opentelemetry.javaagent.shaded.instrumentation.reactor.v3_1.TracingSubscriber.onSubscribe(TracingSubscriber.java:65)
	at reactor.core.publisher.MonoSupplier.subscribe(MonoSupplier.java:47)
	at reactor.core.publisher.Mono.subscribe(Mono.java:4569)
	at reactor.core.publisher.FluxUsingWhen.subscribe(FluxUsingWhen.java:105)
	at reactor.core.publisher.Mono.subscribe(Mono.java:4569)
	at reactor.core.publisher.FluxFlatMap.trySubscribeScalarMap(FluxFlatMap.java:202)
	at reactor.core.publisher.MonoFlatMap.subscribeOrReturn(MonoFlatMap.java:53)
	at reactor.core.publisher.InternalMonoOperator.subscribe(InternalMonoOperator.java:62)
	at reactor.core.publisher.MonoDefer.subscribe(MonoDefer.java:54)
	at reactor.core.publisher.InternalMonoOperator.subscribe(InternalMonoOperator.java:75)
	at reactor.core.publisher.MonoDefer.subscribe(MonoDefer.java:54)
	at reactor.core.publisher.InternalMonoOperator.subscribe(InternalMonoOperator.java:75)
	at reactor.core.publisher.MonoDefer.subscribe(MonoDefer.java:54)
	at reactor.core.publisher.InternalMonoOperator.subscribe(InternalMonoOperator.java:75)
	at reactor.core.publisher.MonoDefer.subscribe(MonoDefer.java:54)
	at reactor.core.publisher.InternalMonoOperator.subscribe(InternalMonoOperator.java:75)
	at reactor.core.publisher.MonoDefer.subscribe(MonoDefer.java:54)
	at reactor.core.publisher.Mono.subscribe(Mono.java:4569)
	at reactor.core.publisher.MonoIgnoreThen$ThenIgnoreMain.subscribeNext(MonoIgnoreThen.java:268)
	at reactor.core.publisher.MonoIgnoreThen.subscribe(MonoIgnoreThen.java:51)
	at reactor.core.publisher.InternalMonoOperator.subscribe(InternalMonoOperator.java:75)
	at reactor.core.publisher.MonoDefer.subscribe(MonoDefer.java:54)
	at reactor.core.publisher.InternalMonoOperator.subscribe(InternalMonoOperator.java:75)
	at reactor.core.publisher.MonoFlatMap$FlatMapMain.onNext(MonoFlatMap.java:165)
	at io.opentelemetry.javaagent.shaded.instrumentation.reactor.v3_1.TracingSubscriber.onNext(TracingSubscriber.java:72)
	at reactor.core.publisher.FluxSwitchIfEmpty$SwitchIfEmptySubscriber.onNext(FluxSwitchIfEmpty.java:75)
	at io.opentelemetry.javaagent.shaded.instrumentation.reactor.v3_1.TracingSubscriber.onNext(TracingSubscriber.java:72)
	at reactor.core.publisher.FluxMap$MapSubscriber.onNext(FluxMap.java:122)
	at io.opentelemetry.javaagent.shaded.instrumentation.reactor.v3_1.TracingSubscriber.onNext(TracingSubscriber.java:72)
	at reactor.core.publisher.Operators$BaseFluxToMonoOperator.completePossiblyEmpty(Operators.java:2093)
	at reactor.core.publisher.FluxDefaultIfEmpty$DefaultIfEmptySubscriber.onComplete(FluxDefaultIfEmpty.java:134)
	at io.opentelemetry.javaagent.shaded.instrumentation.reactor.v3_1.TracingSubscriber.onComplete(TracingSubscriber.java:96)
	at reactor.core.publisher.FluxHide$SuppressFuseableSubscriber.onComplete(FluxHide.java:147)
	at reactor.core.publisher.FluxContextWrite$ContextWriteSubscriber.onComplete(FluxContextWrite.java:128)
	at io.opentelemetry.javaagent.shaded.instrumentation.reactor.v3_1.TracingSubscriber.onComplete(TracingSubscriber.java:96)
	at reactor.core.publisher.FluxHide$SuppressFuseableSubscriber.onComplete(FluxHide.java:147)
	at reactor.core.publisher.FluxMapFuseable$MapFuseableSubscriber.onComplete(FluxMapFuseable.java:153)
	at io.opentelemetry.javaagent.shaded.instrumentation.reactor.v3_1.TracingSubscriber.onComplete(TracingSubscriber.java:96)
	at reactor.core.publisher.FluxHide$SuppressFuseableSubscriber.onComplete(FluxHide.java:147)
	at reactor.core.publisher.FluxFilterFuseable$FilterFuseableSubscriber.onComplete(FluxFilterFuseable.java:172)
	at io.opentelemetry.javaagent.shaded.instrumentation.reactor.v3_1.TracingSubscriber.onComplete(TracingSubscriber.java:96)
	at reactor.core.publisher.FluxHide$SuppressFuseableSubscriber.onComplete(FluxHide.java:147)
	at reactor.core.publisher.Operators$BaseFluxToMonoOperator.completePossiblyEmpty(Operators.java:2094)
	at reactor.core.publisher.MonoCollect$CollectSubscriber.onComplete(MonoCollect.java:144)
	at io.opentelemetry.javaagent.shaded.instrumentation.reactor.v3_1.TracingSubscriber.onComplete(TracingSubscriber.java:96)
	at reactor.core.publisher.FluxMap$MapSubscriber.onComplete(FluxMap.java:144)
	at io.opentelemetry.javaagent.shaded.instrumentation.reactor.v3_1.TracingSubscriber.onComplete(TracingSubscriber.java:96)
	at reactor.core.publisher.FluxPeek$PeekSubscriber.onComplete(FluxPeek.java:263)
	at io.opentelemetry.javaagent.shaded.instrumentation.reactor.v3_1.TracingSubscriber.onComplete(TracingSubscriber.java:96)
	at reactor.core.publisher.FluxMap$MapSubscriber.onComplete(FluxMap.java:144)
	at reactor.netty.channel.FluxReceive.onInboundComplete(FluxReceive.java:419)
	at reactor.netty.channel.ChannelOperations.onInboundComplete(ChannelOperations.java:467)
	at reactor.netty.http.server.HttpServerOperations.handleLastHttpContent(HttpServerOperations.java:911)
	at reactor.netty.http.server.HttpServerOperations.onInboundNext(HttpServerOperations.java:810)
	at reactor.netty.channel.ChannelOperationsHandler.channelRead(ChannelOperationsHandler.java:115)
	at io.netty.channel.AbstractChannelHandlerContext.fireChannelRead(AbstractChannelHandlerContext.java:357)
	at reactor.netty.http.server.HttpTrafficHandler.channelRead(HttpTrafficHandler.java:332)
	at io.netty.channel.AbstractChannelHandlerContext.fireChannelRead(AbstractChannelHandlerContext.java:355)
	at io.netty.channel.CombinedChannelDuplexHandler$DelegatingChannelHandlerContext.fireChannelRead(CombinedChannelDuplexHandler.java:434)
	at io.netty.channel.ChannelInboundHandlerAdapter.channelRead(ChannelInboundHandlerAdapter.java:93)
	at io.opentelemetry.javaagent.shaded.instrumentation.netty.v4_1.internal.server.HttpServerRequestTracingHandler.channelRead(HttpServerRequestTracingHandler.java:44)
	at io.netty.channel.CombinedChannelDuplexHandler.channelRead(CombinedChannelDuplexHandler.java:249)
	at io.netty.channel.AbstractChannelHandlerContext.fireChannelRead(AbstractChannelHandlerContext.java:355)
	at io.netty.channel.CombinedChannelDuplexHandler$DelegatingChannelHandlerContext.fireChannelRead(CombinedChannelDuplexHandler.java:434)
	at io.netty.handler.codec.ByteToMessageDecoder.fireChannelRead(ByteToMessageDecoder.java:361)
	at io.netty.handler.codec.ByteToMessageDecoder.channelRead(ByteToMessageDecoder.java:325)
	at io.netty.channel.CombinedChannelDuplexHandler.channelRead(CombinedChannelDuplexHandler.java:249)
	at io.netty.channel.AbstractChannelHandlerContext.fireChannelRead(AbstractChannelHandlerContext.java:355)
	at io.netty.channel.DefaultChannelPipeline$HeadContext.channelRead(DefaultChannelPipeline.java:1429)
	at io.netty.channel.DefaultChannelPipeline.fireChannelRead(DefaultChannelPipeline.java:918)
	at io.netty.channel.nio.AbstractNioByteChannel$NioByteUnsafe.read(AbstractNioByteChannel.java:176)
	at io.netty.channel.nio.AbstractNioChannel$AbstractNioUnsafe.handle(AbstractNioChannel.java:445)
	at io.netty.channel.nio.NioIoHandler$DefaultNioRegistration.handle(NioIoHandler.java:388)
	at io.netty.channel.nio.NioIoHandler.processSelectedKey(NioIoHandler.java:596)
	at io.netty.channel.nio.NioIoHandler.processSelectedKeysPlain(NioIoHandler.java:541)
	at io.netty.channel.nio.NioIoHandler.processSelectedKeys(NioIoHandler.java:514)
	at io.netty.channel.nio.NioIoHandler.run(NioIoHandler.java:484)
	at io.netty.channel.SingleThreadIoEventLoop.runIo(SingleThreadIoEventLoop.java:225)
	at io.netty.channel.SingleThreadIoEventLoop.run(SingleThreadIoEventLoop.java:196)
	at io.netty.util.concurrent.SingleThreadEventExecutor$5.run(SingleThreadEventExecutor.java:1195)
	at io.netty.util.internal.ThreadExecutorMap$2.run(ThreadExecutorMap.java:74)
	at io.netty.util.concurrent.FastThreadLocalRunnable.run(FastThreadLocalRunnable.java:30)
	at java.base/java.lang.Thread.run(Thread.java:1474)
Caused by: io.lettuce.core.RedisConnectionException: Unable to connect to localhost/<unresolved>:6379
	at io.lettuce.core.RedisConnectionException.create(RedisConnectionException.java:63)
	at io.lettuce.core.RedisConnectionException.create(RedisConnectionException.java:41)
	at io.lettuce.core.AbstractRedisClient.getConnection(AbstractRedisClient.java:352)
	at io.lettuce.core.RedisClient.connect(RedisClient.java:220)
	at org.springframework.data.redis.connection.lettuce.StandaloneConnectionProvider.lambda$getConnection$1(StandaloneConnectionProvider.java:113)
	at java.base/java.util.Optional.orElseGet(Optional.java:364)
	at org.springframework.data.redis.connection.lettuce.StandaloneConnectionProvider.getConnection(StandaloneConnectionProvider.java:113)
	at org.springframework.data.redis.connection.lettuce.LettuceConnectionFactory$ExceptionTranslatingConnectionProvider.getConnection(LettuceConnectionFactory.java:1797)
	... 92 common frames omitted
Caused by: io.netty.channel.AbstractChannel$AnnotatedConnectException: Connection refused: getsockopt: localhost/127.0.0.1:6379
Caused by: java.net.ConnectException: Connection refused: getsockopt
	at java.base/sun.nio.ch.Net.pollConnect(Native Method)
	at java.base/sun.nio.ch.Net.pollConnectNow(Net.java:639)
	at java.base/sun.nio.ch.SocketChannelImpl.finishConnect(SocketChannelImpl.java:1046)
	at io.netty.channel.socket.nio.NioSocketChannel.doFinishConnect(NioSocketChannel.java:330)
	at io.netty.channel.nio.AbstractNioChannel$AbstractNioUnsafe.finishConnect(AbstractNioChannel.java:384)
	at io.netty.channel.nio.AbstractNioChannel$AbstractNioUnsafe.handle(AbstractNioChannel.java:432)
	at io.netty.channel.nio.NioIoHandler$DefaultNioRegistration.handle(NioIoHandler.java:388)
	at io.netty.channel.nio.NioIoHandler.processSelectedKey(NioIoHandler.java:596)
	at io.netty.channel.nio.NioIoHandler.processSelectedKeysPlain(NioIoHandler.java:541)
	at io.netty.channel.nio.NioIoHandler.processSelectedKeys(NioIoHandler.java:514)
	at io.netty.channel.nio.NioIoHandler.run(NioIoHandler.java:484)
	at io.netty.channel.SingleThreadIoEventLoop.runIo(SingleThreadIoEventLoop.java:225)
	at io.netty.channel.SingleThreadIoEventLoop.run(SingleThreadIoEventLoop.java:196)
	at io.netty.util.concurrent.SingleThreadEventExecutor$5.run(SingleThreadEventExecutor.java:1195)
	at io.netty.util.internal.ThreadExecutorMap$2.run(ThreadExecutorMap.java:74)
	at io.netty.util.concurrent.FastThreadLocalRunnable.run(FastThreadLocalRunnable.java:30)
	at java.base/java.lang.Thread.run(Thread.java:1474)
2026-10-01 19:35:44 INFO  [reactor-http-nio-20] traceId=d60d6dfa429023487c1deb8f2e7d2403 spanId=b031a8ac65602d4c c.s.e.a.filter.AuthenticationFilter : path  /products/api/products
2026-10-01 19:35:44 INFO  [reactor-http-nio-20] traceId=d60d6dfa429023487c1deb8f2e7d2403 spanId=b031a8ac65602d4c c.s.e.a.filter.AuthenticationFilter : method  GET
2026-10-01 19:35:44 ERROR [reactor-http-nio-20] traceId=d60d6dfa429023487c1deb8f2e7d2403 spanId=b031a8ac65602d4c o.s.c.g.f.ratelimit.RedisRateLimiter : Error calling rate limiter lua
org.springframework.data.redis.RedisConnectionFailureException: Unable to connect to Redis
	at org.springframework.data.redis.connection.lettuce.LettuceConnectionFactory$ExceptionTranslatingConnectionProvider.translateException(LettuceConnectionFactory.java:1868)
	at org.springframework.data.redis.connection.lettuce.LettuceConnectionFactory$ExceptionTranslatingConnectionProvider.getConnection(LettuceConnectionFactory.java:1799)
	at org.springframework.data.redis.connection.lettuce.LettuceConnectionFactory$SharedConnection.getNativeConnection(LettuceConnectionFactory.java:1596)
	at org.springframework.data.redis.connection.lettuce.LettuceConnectionFactory$SharedConnection.lambda$getConnection$0(LettuceConnectionFactory.java:1576)
	at org.springframework.data.redis.connection.lettuce.LettuceConnectionFactory.doInLock(LettuceConnectionFactory.java:1537)
	at org.springframework.data.redis.connection.lettuce.LettuceConnectionFactory$SharedConnection.getConnection(LettuceConnectionFactory.java:1573)
	at org.springframework.data.redis.connection.lettuce.LettuceConnectionFactory.getSharedReactiveConnection(LettuceConnectionFactory.java:1281)
	at org.springframework.data.redis.connection.lettuce.LettuceConnectionFactory.getReactiveConnection(LettuceConnectionFactory.java:1151)
	at org.springframework.data.redis.connection.lettuce.LettuceConnectionFactory.getReactiveConnection(LettuceConnectionFactory.java:120)
	at reactor.core.publisher.MonoSupplier$MonoSupplierSubscription.request(MonoSupplier.java:123)
	at reactor.core.publisher.FluxUsingWhen$ResourceSubscriber.onSubscribe(FluxUsingWhen.java:244)
	at io.opentelemetry.javaagent.shaded.instrumentation.reactor.v3_1.TracingSubscriber.onSubscribe(TracingSubscriber.java:65)
	at reactor.core.publisher.MonoSupplier.subscribe(MonoSupplier.java:47)
	at reactor.core.publisher.Mono.subscribe(Mono.java:4569)
	at reactor.core.publisher.FluxUsingWhen.subscribe(FluxUsingWhen.java:105)
	at reactor.core.publisher.Mono.subscribe(Mono.java:4569)
	at reactor.core.publisher.FluxFlatMap.trySubscribeScalarMap(FluxFlatMap.java:202)
	at reactor.core.publisher.MonoFlatMap.subscribeOrReturn(MonoFlatMap.java:53)
	at reactor.core.publisher.InternalMonoOperator.subscribe(InternalMonoOperator.java:62)
	at reactor.core.publisher.MonoDefer.subscribe(MonoDefer.java:54)
	at reactor.core.publisher.InternalMonoOperator.subscribe(InternalMonoOperator.java:75)
	at reactor.core.publisher.MonoDefer.subscribe(MonoDefer.java:54)
	at reactor.core.publisher.InternalMonoOperator.subscribe(InternalMonoOperator.java:75)
	at reactor.core.publisher.MonoDefer.subscribe(MonoDefer.java:54)
	at reactor.core.publisher.InternalMonoOperator.subscribe(InternalMonoOperator.java:75)
	at reactor.core.publisher.MonoDefer.subscribe(MonoDefer.java:54)
	at reactor.core.publisher.InternalMonoOperator.subscribe(InternalMonoOperator.java:75)
	at reactor.core.publisher.MonoDefer.subscribe(MonoDefer.java:54)
	at reactor.core.publisher.Mono.subscribe(Mono.java:4569)
	at reactor.core.publisher.MonoIgnoreThen$ThenIgnoreMain.subscribeNext(MonoIgnoreThen.java:268)
	at reactor.core.publisher.MonoIgnoreThen.subscribe(MonoIgnoreThen.java:51)
	at reactor.core.publisher.InternalMonoOperator.subscribe(InternalMonoOperator.java:75)
	at reactor.core.publisher.MonoDefer.subscribe(MonoDefer.java:54)
	at reactor.core.publisher.InternalMonoOperator.subscribe(InternalMonoOperator.java:75)
	at reactor.core.publisher.MonoFlatMap$FlatMapMain.onNext(MonoFlatMap.java:165)
	at io.opentelemetry.javaagent.shaded.instrumentation.reactor.v3_1.TracingSubscriber.onNext(TracingSubscriber.java:72)
	at reactor.core.publisher.FluxSwitchIfEmpty$SwitchIfEmptySubscriber.onNext(FluxSwitchIfEmpty.java:75)
	at io.opentelemetry.javaagent.shaded.instrumentation.reactor.v3_1.TracingSubscriber.onNext(TracingSubscriber.java:72)
	at reactor.core.publisher.FluxMap$MapSubscriber.onNext(FluxMap.java:122)
	at io.opentelemetry.javaagent.shaded.instrumentation.reactor.v3_1.TracingSubscriber.onNext(TracingSubscriber.java:72)
	at reactor.core.publisher.Operators$BaseFluxToMonoOperator.completePossiblyEmpty(Operators.java:2093)
	at reactor.core.publisher.FluxDefaultIfEmpty$DefaultIfEmptySubscriber.onComplete(FluxDefaultIfEmpty.java:134)
	at io.opentelemetry.javaagent.shaded.instrumentation.reactor.v3_1.TracingSubscriber.onComplete(TracingSubscriber.java:96)
	at reactor.core.publisher.FluxHide$SuppressFuseableSubscriber.onComplete(FluxHide.java:147)
	at reactor.core.publisher.FluxContextWrite$ContextWriteSubscriber.onComplete(FluxContextWrite.java:128)
	at io.opentelemetry.javaagent.shaded.instrumentation.reactor.v3_1.TracingSubscriber.onComplete(TracingSubscriber.java:96)
	at reactor.core.publisher.FluxHide$SuppressFuseableSubscriber.onComplete(FluxHide.java:147)
	at reactor.core.publisher.FluxMapFuseable$MapFuseableSubscriber.onComplete(FluxMapFuseable.java:153)
	at io.opentelemetry.javaagent.shaded.instrumentation.reactor.v3_1.TracingSubscriber.onComplete(TracingSubscriber.java:96)
	at reactor.core.publisher.FluxHide$SuppressFuseableSubscriber.onComplete(FluxHide.java:147)
	at reactor.core.publisher.FluxFilterFuseable$FilterFuseableSubscriber.onComplete(FluxFilterFuseable.java:172)
	at io.opentelemetry.javaagent.shaded.instrumentation.reactor.v3_1.TracingSubscriber.onComplete(TracingSubscriber.java:96)
	at reactor.core.publisher.FluxHide$SuppressFuseableSubscriber.onComplete(FluxHide.java:147)
	at reactor.core.publisher.Operators$BaseFluxToMonoOperator.completePossiblyEmpty(Operators.java:2094)
	at reactor.core.publisher.MonoCollect$CollectSubscriber.onComplete(MonoCollect.java:144)
	at io.opentelemetry.javaagent.shaded.instrumentation.reactor.v3_1.TracingSubscriber.onComplete(TracingSubscriber.java:96)
	at reactor.core.publisher.FluxMap$MapSubscriber.onComplete(FluxMap.java:144)
	at io.opentelemetry.javaagent.shaded.instrumentation.reactor.v3_1.TracingSubscriber.onComplete(TracingSubscriber.java:96)
	at reactor.core.publisher.FluxPeek$PeekSubscriber.onComplete(FluxPeek.java:263)
	at io.opentelemetry.javaagent.shaded.instrumentation.reactor.v3_1.TracingSubscriber.onComplete(TracingSubscriber.java:96)
	at reactor.core.publisher.FluxMap$MapSubscriber.onComplete(FluxMap.java:144)
	at reactor.netty.channel.FluxReceive.onInboundComplete(FluxReceive.java:419)
	at reactor.netty.channel.ChannelOperations.onInboundComplete(ChannelOperations.java:467)
	at reactor.netty.http.server.HttpServerOperations.handleLastHttpContent(HttpServerOperations.java:911)
	at reactor.netty.http.server.HttpServerOperations.onInboundNext(HttpServerOperations.java:810)
	at reactor.netty.channel.ChannelOperationsHandler.channelRead(ChannelOperationsHandler.java:115)
	at io.netty.channel.AbstractChannelHandlerContext.fireChannelRead(AbstractChannelHandlerContext.java:357)
	at reactor.netty.http.server.HttpTrafficHandler.channelRead(HttpTrafficHandler.java:332)
	at io.netty.channel.AbstractChannelHandlerContext.fireChannelRead(AbstractChannelHandlerContext.java:355)
	at io.netty.channel.CombinedChannelDuplexHandler$DelegatingChannelHandlerContext.fireChannelRead(CombinedChannelDuplexHandler.java:434)
	at io.netty.channel.ChannelInboundHandlerAdapter.channelRead(ChannelInboundHandlerAdapter.java:93)
	at io.opentelemetry.javaagent.shaded.instrumentation.netty.v4_1.internal.server.HttpServerRequestTracingHandler.channelRead(HttpServerRequestTracingHandler.java:44)
	at io.netty.channel.CombinedChannelDuplexHandler.channelRead(CombinedChannelDuplexHandler.java:249)
	at io.netty.channel.AbstractChannelHandlerContext.fireChannelRead(AbstractChannelHandlerContext.java:355)
	at io.netty.channel.CombinedChannelDuplexHandler$DelegatingChannelHandlerContext.fireChannelRead(CombinedChannelDuplexHandler.java:434)
	at io.netty.handler.codec.ByteToMessageDecoder.fireChannelRead(ByteToMessageDecoder.java:361)
	at io.netty.handler.codec.ByteToMessageDecoder.channelRead(ByteToMessageDecoder.java:325)
	at io.netty.channel.CombinedChannelDuplexHandler.channelRead(CombinedChannelDuplexHandler.java:249)
	at io.netty.channel.AbstractChannelHandlerContext.fireChannelRead(AbstractChannelHandlerContext.java:355)
	at io.netty.channel.DefaultChannelPipeline$HeadContext.channelRead(DefaultChannelPipeline.java:1429)
	at io.netty.channel.DefaultChannelPipeline.fireChannelRead(DefaultChannelPipeline.java:918)
	at io.netty.channel.nio.AbstractNioByteChannel$NioByteUnsafe.read(AbstractNioByteChannel.java:176)
	at io.netty.channel.nio.AbstractNioChannel$AbstractNioUnsafe.handle(AbstractNioChannel.java:445)
	at io.netty.channel.nio.NioIoHandler$DefaultNioRegistration.handle(NioIoHandler.java:388)
	at io.netty.channel.nio.NioIoHandler.processSelectedKey(NioIoHandler.java:596)
	at io.netty.channel.nio.NioIoHandler.processSelectedKeysPlain(NioIoHandler.java:541)
	at io.netty.channel.nio.NioIoHandler.processSelectedKeys(NioIoHandler.java:514)
	at io.netty.channel.nio.NioIoHandler.run(NioIoHandler.java:484)
	at io.netty.channel.SingleThreadIoEventLoop.runIo(SingleThreadIoEventLoop.java:225)
	at io.netty.channel.SingleThreadIoEventLoop.run(SingleThreadIoEventLoop.java:196)
	at io.netty.util.concurrent.SingleThreadEventExecutor$5.run(SingleThreadEventExecutor.java:1195)
	at io.netty.util.internal.ThreadExecutorMap$2.run(ThreadExecutorMap.java:74)
	at io.netty.util.concurrent.FastThreadLocalRunnable.run(FastThreadLocalRunnable.java:30)
	at java.base/java.lang.Thread.run(Thread.java:1474)
Caused by: io.lettuce.core.RedisConnectionException: Unable to connect to localhost/<unresolved>:6379
	at io.lettuce.core.RedisConnectionException.create(RedisConnectionException.java:63)
	at io.lettuce.core.RedisConnectionException.create(RedisConnectionException.java:41)
	at io.lettuce.core.AbstractRedisClient.getConnection(AbstractRedisClient.java:352)
	at io.lettuce.core.RedisClient.connect(RedisClient.java:220)
	at org.springframework.data.redis.connection.lettuce.StandaloneConnectionProvider.lambda$getConnection$1(StandaloneConnectionProvider.java:113)
	at java.base/java.util.Optional.orElseGet(Optional.java:364)
	at org.springframework.data.redis.connection.lettuce.StandaloneConnectionProvider.getConnection(StandaloneConnectionProvider.java:113)
	at org.springframework.data.redis.connection.lettuce.LettuceConnectionFactory$ExceptionTranslatingConnectionProvider.getConnection(LettuceConnectionFactory.java:1797)
	... 92 common frames omitted
Caused by: io.netty.channel.AbstractChannel$AnnotatedConnectException: Connection refused: getsockopt: localhost/127.0.0.1:6379
Caused by: java.net.ConnectException: Connection refused: getsockopt
	at java.base/sun.nio.ch.Net.pollConnect(Native Method)
	at java.base/sun.nio.ch.Net.pollConnectNow(Net.java:639)
	at java.base/sun.nio.ch.SocketChannelImpl.finishConnect(SocketChannelImpl.java:1046)
	at io.netty.channel.socket.nio.NioSocketChannel.doFinishConnect(NioSocketChannel.java:330)
	at io.netty.channel.nio.AbstractNioChannel$AbstractNioUnsafe.finishConnect(AbstractNioChannel.java:384)
	at io.netty.channel.nio.AbstractNioChannel$AbstractNioUnsafe.handle(AbstractNioChannel.java:432)
	at io.netty.channel.nio.NioIoHandler$DefaultNioRegistration.handle(NioIoHandler.java:388)
	at io.netty.channel.nio.NioIoHandler.processSelectedKey(NioIoHandler.java:596)
	at io.netty.channel.nio.NioIoHandler.processSelectedKeysPlain(NioIoHandler.java:541)
	at io.netty.channel.nio.NioIoHandler.processSelectedKeys(NioIoHandler.java:514)
	at io.netty.channel.nio.NioIoHandler.run(NioIoHandler.java:484)
	at io.netty.channel.SingleThreadIoEventLoop.runIo(SingleThreadIoEventLoop.java:225)
	at io.netty.channel.SingleThreadIoEventLoop.run(SingleThreadIoEventLoop.java:196)
	at io.netty.util.concurrent.SingleThreadEventExecutor$5.run(SingleThreadEventExecutor.java:1195)
	at io.netty.util.internal.ThreadExecutorMap$2.run(ThreadExecutorMap.java:74)
	at io.netty.util.concurrent.FastThreadLocalRunnable.run(FastThreadLocalRunnable.java:30)
	at java.base/java.lang.Thread.run(Thread.java:1474)
2026-10-01 19:35:44 INFO  [reactor-http-nio-2] traceId=aac239aca8766442eb35a6e2c0808927 spanId=ace3eac0b8771c10 c.s.e.a.filter.AuthenticationFilter : path  /inventories/api/inventories/low-stock
2026-10-01 19:35:44 INFO  [reactor-http-nio-2] traceId=aac239aca8766442eb35a6e2c0808927 spanId=ace3eac0b8771c10 c.s.e.a.filter.AuthenticationFilter : method  GET
2026-10-01 19:36:08 INFO  [reactor-http-nio-3] traceId=0dca926e064e8986d5bb01ac69a6c251 spanId=3cb6b5b501762ee1 c.s.e.a.filter.AuthenticationFilter : path  /users/api/users
2026-10-01 19:36:08 INFO  [reactor-http-nio-3] traceId=0dca926e064e8986d5bb01ac69a6c251 spanId=3cb6b5b501762ee1 c.s.e.a.filter.AuthenticationFilter : method  POST
2026-10-01 19:36:08 INFO  [reactor-http-nio-6] traceId=30d682633c97648415821fef232b0c7d spanId=d7346c2ab511e6d3 c.s.e.a.filter.AuthenticationFilter : path  /users/api/users/login
2026-10-01 19:36:08 INFO  [reactor-http-nio-6] traceId=30d682633c97648415821fef232b0c7d spanId=d7346c2ab511e6d3 c.s.e.a.filter.AuthenticationFilter : method  POST
2026-10-01 19:36:09 INFO  [reactor-http-nio-7] traceId=e5c63485132089a680134b9984c06c79 spanId=f17fba36bca0e79a c.s.e.a.filter.AuthenticationFilter : path  /users/api/users/refresh
2026-10-01 19:36:09 INFO  [reactor-http-nio-7] traceId=e5c63485132089a680134b9984c06c79 spanId=f17fba36bca0e79a c.s.e.a.filter.AuthenticationFilter : method  POST
2026-10-01 19:36:10 INFO  [reactor-http-nio-8] traceId=71e7a3a7076a8c851c4c796107f6da83 spanId=d4d97ad2cb7c6a95 c.s.e.a.filter.AuthenticationFilter : path  /inventories/api/inventories/product/550e8400-e29b-41d4-a716-446655440001
2026-10-01 19:36:10 INFO  [reactor-http-nio-8] traceId=71e7a3a7076a8c851c4c796107f6da83 spanId=d4d97ad2cb7c6a95 c.s.e.a.filter.AuthenticationFilter : method  GET
2026-10-01 19:36:10 INFO  [reactor-http-nio-11] traceId=8be290009a6ecd0828c3c6f97b3fcdac spanId=3e94dcbedefacb65 c.s.e.a.filter.AuthenticationFilter : path  /cart-orders/api/carts/9350c0e2-d000-4033-8ed2-f621cd61dff7
2026-10-01 19:36:10 INFO  [reactor-http-nio-11] traceId=8be290009a6ecd0828c3c6f97b3fcdac spanId=3e94dcbedefacb65 c.s.e.a.filter.AuthenticationFilter : method  GET
2026-10-01 19:36:11 INFO  [reactor-http-nio-14] traceId=1c1f5e689ca4561106b6ead46afbb09d spanId=c16e6677ae57c0ac c.s.e.a.filter.AuthenticationFilter : path  /cart-orders/api/carts/9350c0e2-d000-4033-8ed2-f621cd61dff7/items
2026-10-01 19:36:11 INFO  [reactor-http-nio-14] traceId=1c1f5e689ca4561106b6ead46afbb09d spanId=c16e6677ae57c0ac c.s.e.a.filter.AuthenticationFilter : method  POST
2026-10-01 19:36:12 INFO  [reactor-http-nio-15] traceId=4bdbcdf826ad6675a6a1ffe4dc7539e7 spanId=7045375d2e7d26ed c.s.e.a.filter.AuthenticationFilter : path  /cart-orders/api/carts/9350c0e2-d000-4033-8ed2-f621cd61dff7/items/550e8400-e29b-41d4-a716-446655440001
2026-10-01 19:36:12 INFO  [reactor-http-nio-15] traceId=4bdbcdf826ad6675a6a1ffe4dc7539e7 spanId=7045375d2e7d26ed c.s.e.a.filter.AuthenticationFilter : method  PUT
2026-10-01 19:36:12 INFO  [reactor-http-nio-16] traceId=5c2b7ae57f3a43f39fe943e228684591 spanId=f0135cf4d79d6dc8 c.s.e.a.filter.AuthenticationFilter : path  /cart-orders/api/carts/someone-else/items
2026-10-01 19:36:12 INFO  [reactor-http-nio-16] traceId=5c2b7ae57f3a43f39fe943e228684591 spanId=f0135cf4d79d6dc8 c.s.e.a.filter.AuthenticationFilter : method  GET
2026-10-01 19:36:12 INFO  [reactor-http-nio-17] traceId=b2a66f9ed88bae7abfe2ceaabbc764f1 spanId=8ba94d490f93cdf3 c.s.e.a.filter.AuthenticationFilter : path  /cart-orders/api/orders/9350c0e2-d000-4033-8ed2-f621cd61dff7/checkout
2026-10-01 19:36:12 INFO  [reactor-http-nio-17] traceId=b2a66f9ed88bae7abfe2ceaabbc764f1 spanId=8ba94d490f93cdf3 c.s.e.a.filter.AuthenticationFilter : method  POST
2026-10-01 19:36:33 INFO  [reactor-http-nio-8] traceId=455878df7e6d45fb7a7f538bd4e31ba4 spanId=51b94c11a6bb2b71 c.s.e.a.filter.AuthenticationFilter : path  /products/api/categories
2026-10-01 19:36:33 INFO  [reactor-http-nio-8] traceId=455878df7e6d45fb7a7f538bd4e31ba4 spanId=51b94c11a6bb2b71 c.s.e.a.filter.AuthenticationFilter : method  GET
2026-10-01 19:36:33 ERROR [reactor-http-nio-8] traceId=455878df7e6d45fb7a7f538bd4e31ba4 spanId=51b94c11a6bb2b71 o.s.c.g.f.ratelimit.RedisRateLimiter : Error calling rate limiter lua
org.springframework.data.redis.RedisConnectionFailureException: Unable to connect to Redis
	at org.springframework.data.redis.connection.lettuce.LettuceConnectionFactory$ExceptionTranslatingConnectionProvider.translateException(LettuceConnectionFactory.java:1868)
	at org.springframework.data.redis.connection.lettuce.LettuceConnectionFactory$ExceptionTranslatingConnectionProvider.getConnection(LettuceConnectionFactory.java:1799)
	at org.springframework.data.redis.connection.lettuce.LettuceConnectionFactory$SharedConnection.getNativeConnection(LettuceConnectionFactory.java:1596)
	at org.springframework.data.redis.connection.lettuce.LettuceConnectionFactory$SharedConnection.lambda$getConnection$0(LettuceConnectionFactory.java:1576)
	at org.springframework.data.redis.connection.lettuce.LettuceConnectionFactory.doInLock(LettuceConnectionFactory.java:1537)
	at org.springframework.data.redis.connection.lettuce.LettuceConnectionFactory$SharedConnection.getConnection(LettuceConnectionFactory.java:1573)
	at org.springframework.data.redis.connection.lettuce.LettuceConnectionFactory.getSharedReactiveConnection(LettuceConnectionFactory.java:1281)
	at org.springframework.data.redis.connection.lettuce.LettuceConnectionFactory.getReactiveConnection(LettuceConnectionFactory.java:1151)
	at org.springframework.data.redis.connection.lettuce.LettuceConnectionFactory.getReactiveConnection(LettuceConnectionFactory.java:120)
	at reactor.core.publisher.MonoSupplier$MonoSupplierSubscription.request(MonoSupplier.java:123)
	at reactor.core.publisher.FluxUsingWhen$ResourceSubscriber.onSubscribe(FluxUsingWhen.java:244)
	at io.opentelemetry.javaagent.shaded.instrumentation.reactor.v3_1.TracingSubscriber.onSubscribe(TracingSubscriber.java:65)
	at reactor.core.publisher.MonoSupplier.subscribe(MonoSupplier.java:47)
	at reactor.core.publisher.Mono.subscribe(Mono.java:4569)
	at reactor.core.publisher.FluxUsingWhen.subscribe(FluxUsingWhen.java:105)
	at reactor.core.publisher.Mono.subscribe(Mono.java:4569)
	at reactor.core.publisher.FluxFlatMap.trySubscribeScalarMap(FluxFlatMap.java:202)
	at reactor.core.publisher.MonoFlatMap.subscribeOrReturn(MonoFlatMap.java:53)
	at reactor.core.publisher.InternalMonoOperator.subscribe(InternalMonoOperator.java:62)
	at reactor.core.publisher.MonoDefer.subscribe(MonoDefer.java:54)
	at reactor.core.publisher.InternalMonoOperator.subscribe(InternalMonoOperator.java:75)
	at reactor.core.publisher.MonoDefer.subscribe(MonoDefer.java:54)
	at reactor.core.publisher.InternalMonoOperator.subscribe(InternalMonoOperator.java:75)
	at reactor.core.publisher.MonoDefer.subscribe(MonoDefer.java:54)
	at reactor.core.publisher.InternalMonoOperator.subscribe(InternalMonoOperator.java:75)
	at reactor.core.publisher.MonoDefer.subscribe(MonoDefer.java:54)
	at reactor.core.publisher.InternalMonoOperator.subscribe(InternalMonoOperator.java:75)
	at reactor.core.publisher.MonoDefer.subscribe(MonoDefer.java:54)
	at reactor.core.publisher.Mono.subscribe(Mono.java:4569)
	at reactor.core.publisher.MonoIgnoreThen$ThenIgnoreMain.subscribeNext(MonoIgnoreThen.java:268)
	at reactor.core.publisher.MonoIgnoreThen.subscribe(MonoIgnoreThen.java:51)
	at reactor.core.publisher.InternalMonoOperator.subscribe(InternalMonoOperator.java:75)
	at reactor.core.publisher.MonoDefer.subscribe(MonoDefer.java:54)
	at reactor.core.publisher.InternalMonoOperator.subscribe(InternalMonoOperator.java:75)
	at reactor.core.publisher.MonoFlatMap$FlatMapMain.onNext(MonoFlatMap.java:165)
	at io.opentelemetry.javaagent.shaded.instrumentation.reactor.v3_1.TracingSubscriber.onNext(TracingSubscriber.java:72)
	at reactor.core.publisher.FluxSwitchIfEmpty$SwitchIfEmptySubscriber.onNext(FluxSwitchIfEmpty.java:75)
	at io.opentelemetry.javaagent.shaded.instrumentation.reactor.v3_1.TracingSubscriber.onNext(TracingSubscriber.java:72)
	at reactor.core.publisher.FluxMap$MapSubscriber.onNext(FluxMap.java:122)
	at io.opentelemetry.javaagent.shaded.instrumentation.reactor.v3_1.TracingSubscriber.onNext(TracingSubscriber.java:72)
	at reactor.core.publisher.Operators$BaseFluxToMonoOperator.completePossiblyEmpty(Operators.java:2093)
	at reactor.core.publisher.FluxDefaultIfEmpty$DefaultIfEmptySubscriber.onComplete(FluxDefaultIfEmpty.java:134)
	at io.opentelemetry.javaagent.shaded.instrumentation.reactor.v3_1.TracingSubscriber.onComplete(TracingSubscriber.java:96)
	at reactor.core.publisher.FluxHide$SuppressFuseableSubscriber.onComplete(FluxHide.java:147)
	at reactor.core.publisher.FluxContextWrite$ContextWriteSubscriber.onComplete(FluxContextWrite.java:128)
	at io.opentelemetry.javaagent.shaded.instrumentation.reactor.v3_1.TracingSubscriber.onComplete(TracingSubscriber.java:96)
	at reactor.core.publisher.FluxHide$SuppressFuseableSubscriber.onComplete(FluxHide.java:147)
	at reactor.core.publisher.FluxMapFuseable$MapFuseableSubscriber.onComplete(FluxMapFuseable.java:153)
	at io.opentelemetry.javaagent.shaded.instrumentation.reactor.v3_1.TracingSubscriber.onComplete(TracingSubscriber.java:96)
	at reactor.core.publisher.FluxHide$SuppressFuseableSubscriber.onComplete(FluxHide.java:147)
	at reactor.core.publisher.FluxFilterFuseable$FilterFuseableSubscriber.onComplete(FluxFilterFuseable.java:172)
	at io.opentelemetry.javaagent.shaded.instrumentation.reactor.v3_1.TracingSubscriber.onComplete(TracingSubscriber.java:96)
	at reactor.core.publisher.FluxHide$SuppressFuseableSubscriber.onComplete(FluxHide.java:147)
	at reactor.core.publisher.Operators$BaseFluxToMonoOperator.completePossiblyEmpty(Operators.java:2094)
	at reactor.core.publisher.MonoCollect$CollectSubscriber.onComplete(MonoCollect.java:144)
	at io.opentelemetry.javaagent.shaded.instrumentation.reactor.v3_1.TracingSubscriber.onComplete(TracingSubscriber.java:96)
	at reactor.core.publisher.FluxMap$MapSubscriber.onComplete(FluxMap.java:144)
	at io.opentelemetry.javaagent.shaded.instrumentation.reactor.v3_1.TracingSubscriber.onComplete(TracingSubscriber.java:96)
	at reactor.core.publisher.FluxPeek$PeekSubscriber.onComplete(FluxPeek.java:263)
	at io.opentelemetry.javaagent.shaded.instrumentation.reactor.v3_1.TracingSubscriber.onComplete(TracingSubscriber.java:96)
	at reactor.core.publisher.FluxMap$MapSubscriber.onComplete(FluxMap.java:144)
	at reactor.netty.channel.FluxReceive.onInboundComplete(FluxReceive.java:419)
	at reactor.netty.channel.ChannelOperations.onInboundComplete(ChannelOperations.java:467)
	at reactor.netty.http.server.HttpServerOperations.handleLastHttpContent(HttpServerOperations.java:911)
	at reactor.netty.http.server.HttpServerOperations.onInboundNext(HttpServerOperations.java:810)
	at reactor.netty.channel.ChannelOperationsHandler.channelRead(ChannelOperationsHandler.java:115)
	at io.netty.channel.AbstractChannelHandlerContext.fireChannelRead(AbstractChannelHandlerContext.java:357)
	at reactor.netty.http.server.HttpTrafficHandler.channelRead(HttpTrafficHandler.java:332)
	at io.netty.channel.AbstractChannelHandlerContext.fireChannelRead(AbstractChannelHandlerContext.java:355)
	at io.netty.channel.CombinedChannelDuplexHandler$DelegatingChannelHandlerContext.fireChannelRead(CombinedChannelDuplexHandler.java:434)
	at io.netty.channel.ChannelInboundHandlerAdapter.channelRead(ChannelInboundHandlerAdapter.java:93)
	at io.opentelemetry.javaagent.shaded.instrumentation.netty.v4_1.internal.server.HttpServerRequestTracingHandler.channelRead(HttpServerRequestTracingHandler.java:44)
	at io.netty.channel.CombinedChannelDuplexHandler.channelRead(CombinedChannelDuplexHandler.java:249)
	at io.netty.channel.AbstractChannelHandlerContext.fireChannelRead(AbstractChannelHandlerContext.java:355)
	at io.netty.channel.CombinedChannelDuplexHandler$DelegatingChannelHandlerContext.fireChannelRead(CombinedChannelDuplexHandler.java:434)
	at io.netty.handler.codec.ByteToMessageDecoder.fireChannelRead(ByteToMessageDecoder.java:361)
	at io.netty.handler.codec.ByteToMessageDecoder.channelRead(ByteToMessageDecoder.java:325)
	at io.netty.channel.CombinedChannelDuplexHandler.channelRead(CombinedChannelDuplexHandler.java:249)
	at io.netty.channel.AbstractChannelHandlerContext.fireChannelRead(AbstractChannelHandlerContext.java:355)
	at io.netty.channel.DefaultChannelPipeline$HeadContext.channelRead(DefaultChannelPipeline.java:1429)
	at io.netty.channel.DefaultChannelPipeline.fireChannelRead(DefaultChannelPipeline.java:918)
	at io.netty.channel.nio.AbstractNioByteChannel$NioByteUnsafe.read(AbstractNioByteChannel.java:176)
	at io.netty.channel.nio.AbstractNioChannel$AbstractNioUnsafe.handle(AbstractNioChannel.java:445)
	at io.netty.channel.nio.NioIoHandler$DefaultNioRegistration.handle(NioIoHandler.java:388)
	at io.netty.channel.nio.NioIoHandler.processSelectedKey(NioIoHandler.java:596)
	at io.netty.channel.nio.NioIoHandler.processSelectedKeysPlain(NioIoHandler.java:541)
	at io.netty.channel.nio.NioIoHandler.processSelectedKeys(NioIoHandler.java:514)
	at io.netty.channel.nio.NioIoHandler.run(NioIoHandler.java:484)
	at io.netty.channel.SingleThreadIoEventLoop.runIo(SingleThreadIoEventLoop.java:225)
	at io.netty.channel.SingleThreadIoEventLoop.run(SingleThreadIoEventLoop.java:196)
	at io.netty.util.concurrent.SingleThreadEventExecutor$5.run(SingleThreadEventExecutor.java:1195)
	at io.netty.util.internal.ThreadExecutorMap$2.run(ThreadExecutorMap.java:74)
	at io.netty.util.concurrent.FastThreadLocalRunnable.run(FastThreadLocalRunnable.java:30)
	at java.base/java.lang.Thread.run(Thread.java:1474)
Caused by: io.lettuce.core.RedisConnectionException: Unable to connect to localhost/<unresolved>:6379
	at io.lettuce.core.RedisConnectionException.create(RedisConnectionException.java:63)
	at io.lettuce.core.RedisConnectionException.create(RedisConnectionException.java:41)
	at io.lettuce.core.AbstractRedisClient.getConnection(AbstractRedisClient.java:352)
	at io.lettuce.core.RedisClient.connect(RedisClient.java:220)
	at org.springframework.data.redis.connection.lettuce.StandaloneConnectionProvider.lambda$getConnection$1(StandaloneConnectionProvider.java:113)
	at java.base/java.util.Optional.orElseGet(Optional.java:364)
	at org.springframework.data.redis.connection.lettuce.StandaloneConnectionProvider.getConnection(StandaloneConnectionProvider.java:113)
	at org.springframework.data.redis.connection.lettuce.LettuceConnectionFactory$ExceptionTranslatingConnectionProvider.getConnection(LettuceConnectionFactory.java:1797)
	... 92 common frames omitted
Caused by: io.netty.channel.AbstractChannel$AnnotatedConnectException: Connection refused: getsockopt: localhost/127.0.0.1:6379
Caused by: java.net.ConnectException: Connection refused: getsockopt
	at java.base/sun.nio.ch.Net.pollConnect(Native Method)
	at java.base/sun.nio.ch.Net.pollConnectNow(Net.java:639)
	at java.base/sun.nio.ch.SocketChannelImpl.finishConnect(SocketChannelImpl.java:1046)
	at io.netty.channel.socket.nio.NioSocketChannel.doFinishConnect(NioSocketChannel.java:330)
	at io.netty.channel.nio.AbstractNioChannel$AbstractNioUnsafe.finishConnect(AbstractNioChannel.java:384)
	at io.netty.channel.nio.AbstractNioChannel$AbstractNioUnsafe.handle(AbstractNioChannel.java:432)
	at io.netty.channel.nio.NioIoHandler$DefaultNioRegistration.handle(NioIoHandler.java:388)
	at io.netty.channel.nio.NioIoHandler.processSelectedKey(NioIoHandler.java:596)
	at io.netty.channel.nio.NioIoHandler.processSelectedKeysPlain(NioIoHandler.java:541)
	at io.netty.channel.nio.NioIoHandler.processSelectedKeys(NioIoHandler.java:514)
	at io.netty.channel.nio.NioIoHandler.run(NioIoHandler.java:484)
	at io.netty.channel.SingleThreadIoEventLoop.runIo(SingleThreadIoEventLoop.java:225)
	at io.netty.channel.SingleThreadIoEventLoop.run(SingleThreadIoEventLoop.java:196)
	at io.netty.util.concurrent.SingleThreadEventExecutor$5.run(SingleThreadEventExecutor.java:1195)
	at io.netty.util.internal.ThreadExecutorMap$2.run(ThreadExecutorMap.java:74)
	at io.netty.util.concurrent.FastThreadLocalRunnable.run(FastThreadLocalRunnable.java:30)
	at java.base/java.lang.Thread.run(Thread.java:1474)
2026-10-01 19:36:33 INFO  [reactor-http-nio-7] traceId=71db71bc5d1819c6fb098bf4295d2a8e spanId=d51c2584187405f5 c.s.e.a.filter.AuthenticationFilter : path  /products/api/products/filter
2026-10-01 19:36:33 INFO  [reactor-http-nio-7] traceId=71db71bc5d1819c6fb098bf4295d2a8e spanId=d51c2584187405f5 c.s.e.a.filter.AuthenticationFilter : method  GET
2026-10-01 19:36:33 ERROR [reactor-http-nio-7] traceId=71db71bc5d1819c6fb098bf4295d2a8e spanId=d51c2584187405f5 o.s.c.g.f.ratelimit.RedisRateLimiter : Error calling rate limiter lua
org.springframework.data.redis.RedisConnectionFailureException: Unable to connect to Redis
	at org.springframework.data.redis.connection.lettuce.LettuceConnectionFactory$ExceptionTranslatingConnectionProvider.translateException(LettuceConnectionFactory.java:1868)
	at org.springframework.data.redis.connection.lettuce.LettuceConnectionFactory$ExceptionTranslatingConnectionProvider.getConnection(LettuceConnectionFactory.java:1799)
	at org.springframework.data.redis.connection.lettuce.LettuceConnectionFactory$SharedConnection.getNativeConnection(LettuceConnectionFactory.java:1596)
	at org.springframework.data.redis.connection.lettuce.LettuceConnectionFactory$SharedConnection.lambda$getConnection$0(LettuceConnectionFactory.java:1576)
	at org.springframework.data.redis.connection.lettuce.LettuceConnectionFactory.doInLock(LettuceConnectionFactory.java:1537)
	at org.springframework.data.redis.connection.lettuce.LettuceConnectionFactory$SharedConnection.getConnection(LettuceConnectionFactory.java:1573)
	at org.springframework.data.redis.connection.lettuce.LettuceConnectionFactory.getSharedReactiveConnection(LettuceConnectionFactory.java:1281)
	at org.springframework.data.redis.connection.lettuce.LettuceConnectionFactory.getReactiveConnection(LettuceConnectionFactory.java:1151)
	at org.springframework.data.redis.connection.lettuce.LettuceConnectionFactory.getReactiveConnection(LettuceConnectionFactory.java:120)
	at reactor.core.publisher.MonoSupplier$MonoSupplierSubscription.request(MonoSupplier.java:123)
	at reactor.core.publisher.FluxUsingWhen$ResourceSubscriber.onSubscribe(FluxUsingWhen.java:244)
	at io.opentelemetry.javaagent.shaded.instrumentation.reactor.v3_1.TracingSubscriber.onSubscribe(TracingSubscriber.java:65)
	at reactor.core.publisher.MonoSupplier.subscribe(MonoSupplier.java:47)
	at reactor.core.publisher.Mono.subscribe(Mono.java:4569)
	at reactor.core.publisher.FluxUsingWhen.subscribe(FluxUsingWhen.java:105)
	at reactor.core.publisher.Mono.subscribe(Mono.java:4569)
	at reactor.core.publisher.FluxFlatMap.trySubscribeScalarMap(FluxFlatMap.java:202)
	at reactor.core.publisher.MonoFlatMap.subscribeOrReturn(MonoFlatMap.java:53)
	at reactor.core.publisher.InternalMonoOperator.subscribe(InternalMonoOperator.java:62)
	at reactor.core.publisher.MonoDefer.subscribe(MonoDefer.java:54)
	at reactor.core.publisher.InternalMonoOperator.subscribe(InternalMonoOperator.java:75)
	at reactor.core.publisher.MonoDefer.subscribe(MonoDefer.java:54)
	at reactor.core.publisher.InternalMonoOperator.subscribe(InternalMonoOperator.java:75)
	at reactor.core.publisher.MonoDefer.subscribe(MonoDefer.java:54)
	at reactor.core.publisher.InternalMonoOperator.subscribe(InternalMonoOperator.java:75)
	at reactor.core.publisher.MonoDefer.subscribe(MonoDefer.java:54)
	at reactor.core.publisher.InternalMonoOperator.subscribe(InternalMonoOperator.java:75)
	at reactor.core.publisher.MonoDefer.subscribe(MonoDefer.java:54)
	at reactor.core.publisher.Mono.subscribe(Mono.java:4569)
	at reactor.core.publisher.MonoIgnoreThen$ThenIgnoreMain.subscribeNext(MonoIgnoreThen.java:268)
	at reactor.core.publisher.MonoIgnoreThen.subscribe(MonoIgnoreThen.java:51)
	at reactor.core.publisher.InternalMonoOperator.subscribe(InternalMonoOperator.java:75)
	at reactor.core.publisher.MonoDefer.subscribe(MonoDefer.java:54)
	at reactor.core.publisher.InternalMonoOperator.subscribe(InternalMonoOperator.java:75)
	at reactor.core.publisher.MonoFlatMap$FlatMapMain.onNext(MonoFlatMap.java:165)
	at io.opentelemetry.javaagent.shaded.instrumentation.reactor.v3_1.TracingSubscriber.onNext(TracingSubscriber.java:72)
	at reactor.core.publisher.FluxSwitchIfEmpty$SwitchIfEmptySubscriber.onNext(FluxSwitchIfEmpty.java:75)
	at io.opentelemetry.javaagent.shaded.instrumentation.reactor.v3_1.TracingSubscriber.onNext(TracingSubscriber.java:72)
	at reactor.core.publisher.FluxMap$MapSubscriber.onNext(FluxMap.java:122)
	at io.opentelemetry.javaagent.shaded.instrumentation.reactor.v3_1.TracingSubscriber.onNext(TracingSubscriber.java:72)
	at reactor.core.publisher.Operators$BaseFluxToMonoOperator.completePossiblyEmpty(Operators.java:2093)
	at reactor.core.publisher.FluxDefaultIfEmpty$DefaultIfEmptySubscriber.onComplete(FluxDefaultIfEmpty.java:134)
	at io.opentelemetry.javaagent.shaded.instrumentation.reactor.v3_1.TracingSubscriber.onComplete(TracingSubscriber.java:96)
	at reactor.core.publisher.FluxHide$SuppressFuseableSubscriber.onComplete(FluxHide.java:147)
	at reactor.core.publisher.FluxContextWrite$ContextWriteSubscriber.onComplete(FluxContextWrite.java:128)
	at io.opentelemetry.javaagent.shaded.instrumentation.reactor.v3_1.TracingSubscriber.onComplete(TracingSubscriber.java:96)
	at reactor.core.publisher.FluxHide$SuppressFuseableSubscriber.onComplete(FluxHide.java:147)
	at reactor.core.publisher.FluxMapFuseable$MapFuseableSubscriber.onComplete(FluxMapFuseable.java:153)
	at io.opentelemetry.javaagent.shaded.instrumentation.reactor.v3_1.TracingSubscriber.onComplete(TracingSubscriber.java:96)
	at reactor.core.publisher.FluxHide$SuppressFuseableSubscriber.onComplete(FluxHide.java:147)
	at reactor.core.publisher.FluxFilterFuseable$FilterFuseableSubscriber.onComplete(FluxFilterFuseable.java:172)
	at io.opentelemetry.javaagent.shaded.instrumentation.reactor.v3_1.TracingSubscriber.onComplete(TracingSubscriber.java:96)
	at reactor.core.publisher.FluxHide$SuppressFuseableSubscriber.onComplete(FluxHide.java:147)
	at reactor.core.publisher.Operators$BaseFluxToMonoOperator.completePossiblyEmpty(Operators.java:2094)
	at reactor.core.publisher.MonoCollect$CollectSubscriber.onComplete(MonoCollect.java:144)
	at io.opentelemetry.javaagent.shaded.instrumentation.reactor.v3_1.TracingSubscriber.onComplete(TracingSubscriber.java:96)
	at reactor.core.publisher.FluxMap$MapSubscriber.onComplete(FluxMap.java:144)
	at io.opentelemetry.javaagent.shaded.instrumentation.reactor.v3_1.TracingSubscriber.onComplete(TracingSubscriber.java:96)
	at reactor.core.publisher.FluxPeek$PeekSubscriber.onComplete(FluxPeek.java:263)
	at io.opentelemetry.javaagent.shaded.instrumentation.reactor.v3_1.TracingSubscriber.onComplete(TracingSubscriber.java:96)
	at reactor.core.publisher.FluxMap$MapSubscriber.onComplete(FluxMap.java:144)
	at reactor.netty.channel.FluxReceive.onInboundComplete(FluxReceive.java:419)
	at reactor.netty.channel.ChannelOperations.onInboundComplete(ChannelOperations.java:467)
	at reactor.netty.http.server.HttpServerOperations.handleLastHttpContent(HttpServerOperations.java:911)
	at reactor.netty.http.server.HttpServerOperations.onInboundNext(HttpServerOperations.java:810)
	at reactor.netty.channel.ChannelOperationsHandler.channelRead(ChannelOperationsHandler.java:115)
	at io.netty.channel.AbstractChannelHandlerContext.fireChannelRead(AbstractChannelHandlerContext.java:357)
	at reactor.netty.http.server.HttpTrafficHandler.channelRead(HttpTrafficHandler.java:332)
	at io.netty.channel.AbstractChannelHandlerContext.fireChannelRead(AbstractChannelHandlerContext.java:355)
	at io.netty.channel.CombinedChannelDuplexHandler$DelegatingChannelHandlerContext.fireChannelRead(CombinedChannelDuplexHandler.java:434)
	at io.netty.channel.ChannelInboundHandlerAdapter.channelRead(ChannelInboundHandlerAdapter.java:93)
	at io.opentelemetry.javaagent.shaded.instrumentation.netty.v4_1.internal.server.HttpServerRequestTracingHandler.channelRead(HttpServerRequestTracingHandler.java:44)
	at io.netty.channel.CombinedChannelDuplexHandler.channelRead(CombinedChannelDuplexHandler.java:249)
	at io.netty.channel.AbstractChannelHandlerContext.fireChannelRead(AbstractChannelHandlerContext.java:355)
	at io.netty.channel.CombinedChannelDuplexHandler$DelegatingChannelHandlerContext.fireChannelRead(CombinedChannelDuplexHandler.java:434)
	at io.netty.handler.codec.ByteToMessageDecoder.fireChannelRead(ByteToMessageDecoder.java:361)
	at io.netty.handler.codec.ByteToMessageDecoder.channelRead(ByteToMessageDecoder.java:325)
	at io.netty.channel.CombinedChannelDuplexHandler.channelRead(CombinedChannelDuplexHandler.java:249)
	at io.netty.channel.AbstractChannelHandlerContext.fireChannelRead(AbstractChannelHandlerContext.java:355)
	at io.netty.channel.DefaultChannelPipeline$HeadContext.channelRead(DefaultChannelPipeline.java:1429)
	at io.netty.channel.DefaultChannelPipeline.fireChannelRead(DefaultChannelPipeline.java:918)
	at io.netty.channel.nio.AbstractNioByteChannel$NioByteUnsafe.read(AbstractNioByteChannel.java:176)
	at io.netty.channel.nio.AbstractNioChannel$AbstractNioUnsafe.handle(AbstractNioChannel.java:445)
	at io.netty.channel.nio.NioIoHandler$DefaultNioRegistration.handle(NioIoHandler.java:388)
	at io.netty.channel.nio.NioIoHandler.processSelectedKey(NioIoHandler.java:596)
	at io.netty.channel.nio.NioIoHandler.processSelectedKeysPlain(NioIoHandler.java:541)
	at io.netty.channel.nio.NioIoHandler.processSelectedKeys(NioIoHandler.java:514)
	at io.netty.channel.nio.NioIoHandler.run(NioIoHandler.java:484)
	at io.netty.channel.SingleThreadIoEventLoop.runIo(SingleThreadIoEventLoop.java:225)
	at io.netty.channel.SingleThreadIoEventLoop.run(SingleThreadIoEventLoop.java:196)
	at io.netty.util.concurrent.SingleThreadEventExecutor$5.run(SingleThreadEventExecutor.java:1195)
	at io.netty.util.internal.ThreadExecutorMap$2.run(ThreadExecutorMap.java:74)
	at io.netty.util.concurrent.FastThreadLocalRunnable.run(FastThreadLocalRunnable.java:30)
	at java.base/java.lang.Thread.run(Thread.java:1474)
Caused by: io.lettuce.core.RedisConnectionException: Unable to connect to localhost/<unresolved>:6379
	at io.lettuce.core.RedisConnectionException.create(RedisConnectionException.java:63)
	at io.lettuce.core.RedisConnectionException.create(RedisConnectionException.java:41)
	at io.lettuce.core.AbstractRedisClient.getConnection(AbstractRedisClient.java:352)
	at io.lettuce.core.RedisClient.connect(RedisClient.java:220)
	at org.springframework.data.redis.connection.lettuce.StandaloneConnectionProvider.lambda$getConnection$1(StandaloneConnectionProvider.java:113)
	at java.base/java.util.Optional.orElseGet(Optional.java:364)
	at org.springframework.data.redis.connection.lettuce.StandaloneConnectionProvider.getConnection(StandaloneConnectionProvider.java:113)
	at org.springframework.data.redis.connection.lettuce.LettuceConnectionFactory$ExceptionTranslatingConnectionProvider.getConnection(LettuceConnectionFactory.java:1797)
	... 92 common frames omitted
Caused by: io.netty.channel.AbstractChannel$AnnotatedConnectException: Connection refused: getsockopt: localhost/127.0.0.1:6379
Caused by: java.net.ConnectException: Connection refused: getsockopt
	at java.base/sun.nio.ch.Net.pollConnect(Native Method)
	at java.base/sun.nio.ch.Net.pollConnectNow(Net.java:639)
	at java.base/sun.nio.ch.SocketChannelImpl.finishConnect(SocketChannelImpl.java:1046)
	at io.netty.channel.socket.nio.NioSocketChannel.doFinishConnect(NioSocketChannel.java:330)
	at io.netty.channel.nio.AbstractNioChannel$AbstractNioUnsafe.finishConnect(AbstractNioChannel.java:384)
	at io.netty.channel.nio.AbstractNioChannel$AbstractNioUnsafe.handle(AbstractNioChannel.java:432)
	at io.netty.channel.nio.NioIoHandler$DefaultNioRegistration.handle(NioIoHandler.java:388)
	at io.netty.channel.nio.NioIoHandler.processSelectedKey(NioIoHandler.java:596)
	at io.netty.channel.nio.NioIoHandler.processSelectedKeysPlain(NioIoHandler.java:541)
	at io.netty.channel.nio.NioIoHandler.processSelectedKeys(NioIoHandler.java:514)
	at io.netty.channel.nio.NioIoHandler.run(NioIoHandler.java:484)
	at io.netty.channel.SingleThreadIoEventLoop.runIo(SingleThreadIoEventLoop.java:225)
	at io.netty.channel.SingleThreadIoEventLoop.run(SingleThreadIoEventLoop.java:196)
	at io.netty.util.concurrent.SingleThreadEventExecutor$5.run(SingleThreadEventExecutor.java:1195)
	at io.netty.util.internal.ThreadExecutorMap$2.run(ThreadExecutorMap.java:74)
	at io.netty.util.concurrent.FastThreadLocalRunnable.run(FastThreadLocalRunnable.java:30)
	at java.base/java.lang.Thread.run(Thread.java:1474)
2026-10-01 19:36:34 INFO  [reactor-http-nio-10] traceId=0b8442db8f5bc69efc10f51f67f81008 spanId=08d26503a338633d c.s.e.a.filter.AuthenticationFilter : path  /products/api/categories
2026-10-01 19:36:34 INFO  [reactor-http-nio-10] traceId=0b8442db8f5bc69efc10f51f67f81008 spanId=08d26503a338633d c.s.e.a.filter.AuthenticationFilter : method  GET
2026-10-01 19:36:34 ERROR [reactor-http-nio-10] traceId=0b8442db8f5bc69efc10f51f67f81008 spanId=08d26503a338633d o.s.c.g.f.ratelimit.RedisRateLimiter : Error calling rate limiter lua
org.springframework.data.redis.RedisConnectionFailureException: Unable to connect to Redis
	at org.springframework.data.redis.connection.lettuce.LettuceConnectionFactory$ExceptionTranslatingConnectionProvider.translateException(LettuceConnectionFactory.java:1868)
	at org.springframework.data.redis.connection.lettuce.LettuceConnectionFactory$ExceptionTranslatingConnectionProvider.getConnection(LettuceConnectionFactory.java:1799)
	at org.springframework.data.redis.connection.lettuce.LettuceConnectionFactory$SharedConnection.getNativeConnection(LettuceConnectionFactory.java:1596)
	at org.springframework.data.redis.connection.lettuce.LettuceConnectionFactory$SharedConnection.lambda$getConnection$0(LettuceConnectionFactory.java:1576)
	at org.springframework.data.redis.connection.lettuce.LettuceConnectionFactory.doInLock(LettuceConnectionFactory.java:1537)
	at org.springframework.data.redis.connection.lettuce.LettuceConnectionFactory$SharedConnection.getConnection(LettuceConnectionFactory.java:1573)
	at org.springframework.data.redis.connection.lettuce.LettuceConnectionFactory.getSharedReactiveConnection(LettuceConnectionFactory.java:1281)
	at org.springframework.data.redis.connection.lettuce.LettuceConnectionFactory.getReactiveConnection(LettuceConnectionFactory.java:1151)
	at org.springframework.data.redis.connection.lettuce.LettuceConnectionFactory.getReactiveConnection(LettuceConnectionFactory.java:120)
	at reactor.core.publisher.MonoSupplier$MonoSupplierSubscription.request(MonoSupplier.java:123)
	at reactor.core.publisher.FluxUsingWhen$ResourceSubscriber.onSubscribe(FluxUsingWhen.java:244)
	at io.opentelemetry.javaagent.shaded.instrumentation.reactor.v3_1.TracingSubscriber.onSubscribe(TracingSubscriber.java:65)
	at reactor.core.publisher.MonoSupplier.subscribe(MonoSupplier.java:47)
	at reactor.core.publisher.Mono.subscribe(Mono.java:4569)
	at reactor.core.publisher.FluxUsingWhen.subscribe(FluxUsingWhen.java:105)
	at reactor.core.publisher.Mono.subscribe(Mono.java:4569)
	at reactor.core.publisher.FluxFlatMap.trySubscribeScalarMap(FluxFlatMap.java:202)
	at reactor.core.publisher.MonoFlatMap.subscribeOrReturn(MonoFlatMap.java:53)
	at reactor.core.publisher.InternalMonoOperator.subscribe(InternalMonoOperator.java:62)
	at reactor.core.publisher.MonoDefer.subscribe(MonoDefer.java:54)
	at reactor.core.publisher.InternalMonoOperator.subscribe(InternalMonoOperator.java:75)
	at reactor.core.publisher.MonoDefer.subscribe(MonoDefer.java:54)
	at reactor.core.publisher.InternalMonoOperator.subscribe(InternalMonoOperator.java:75)
	at reactor.core.publisher.MonoDefer.subscribe(MonoDefer.java:54)
	at reactor.core.publisher.InternalMonoOperator.subscribe(InternalMonoOperator.java:75)
	at reactor.core.publisher.MonoDefer.subscribe(MonoDefer.java:54)
	at reactor.core.publisher.InternalMonoOperator.subscribe(InternalMonoOperator.java:75)
	at reactor.core.publisher.MonoDefer.subscribe(MonoDefer.java:54)
	at reactor.core.publisher.Mono.subscribe(Mono.java:4569)
	at reactor.core.publisher.MonoIgnoreThen$ThenIgnoreMain.subscribeNext(MonoIgnoreThen.java:268)
	at reactor.core.publisher.MonoIgnoreThen.subscribe(MonoIgnoreThen.java:51)
	at reactor.core.publisher.InternalMonoOperator.subscribe(InternalMonoOperator.java:75)
	at reactor.core.publisher.MonoDefer.subscribe(MonoDefer.java:54)
	at reactor.core.publisher.InternalMonoOperator.subscribe(InternalMonoOperator.java:75)
	at reactor.core.publisher.MonoFlatMap$FlatMapMain.onNext(MonoFlatMap.java:165)
	at io.opentelemetry.javaagent.shaded.instrumentation.reactor.v3_1.TracingSubscriber.onNext(TracingSubscriber.java:72)
	at reactor.core.publisher.FluxSwitchIfEmpty$SwitchIfEmptySubscriber.onNext(FluxSwitchIfEmpty.java:75)
	at io.opentelemetry.javaagent.shaded.instrumentation.reactor.v3_1.TracingSubscriber.onNext(TracingSubscriber.java:72)
	at reactor.core.publisher.FluxMap$MapSubscriber.onNext(FluxMap.java:122)
	at io.opentelemetry.javaagent.shaded.instrumentation.reactor.v3_1.TracingSubscriber.onNext(TracingSubscriber.java:72)
	at reactor.core.publisher.Operators$BaseFluxToMonoOperator.completePossiblyEmpty(Operators.java:2093)
	at reactor.core.publisher.FluxDefaultIfEmpty$DefaultIfEmptySubscriber.onComplete(FluxDefaultIfEmpty.java:134)
	at io.opentelemetry.javaagent.shaded.instrumentation.reactor.v3_1.TracingSubscriber.onComplete(TracingSubscriber.java:96)
	at reactor.core.publisher.FluxHide$SuppressFuseableSubscriber.onComplete(FluxHide.java:147)
	at reactor.core.publisher.FluxContextWrite$ContextWriteSubscriber.onComplete(FluxContextWrite.java:128)
	at io.opentelemetry.javaagent.shaded.instrumentation.reactor.v3_1.TracingSubscriber.onComplete(TracingSubscriber.java:96)
	at reactor.core.publisher.FluxHide$SuppressFuseableSubscriber.onComplete(FluxHide.java:147)
	at reactor.core.publisher.FluxMapFuseable$MapFuseableSubscriber.onComplete(FluxMapFuseable.java:153)
	at io.opentelemetry.javaagent.shaded.instrumentation.reactor.v3_1.TracingSubscriber.onComplete(TracingSubscriber.java:96)
	at reactor.core.publisher.FluxHide$SuppressFuseableSubscriber.onComplete(FluxHide.java:147)
	at reactor.core.publisher.FluxFilterFuseable$FilterFuseableSubscriber.onComplete(FluxFilterFuseable.java:172)
	at io.opentelemetry.javaagent.shaded.instrumentation.reactor.v3_1.TracingSubscriber.onComplete(TracingSubscriber.java:96)
	at reactor.core.publisher.FluxHide$SuppressFuseableSubscriber.onComplete(FluxHide.java:147)
	at reactor.core.publisher.Operators$BaseFluxToMonoOperator.completePossiblyEmpty(Operators.java:2094)
	at reactor.core.publisher.MonoCollect$CollectSubscriber.onComplete(MonoCollect.java:144)
	at io.opentelemetry.javaagent.shaded.instrumentation.reactor.v3_1.TracingSubscriber.onComplete(TracingSubscriber.java:96)
	at reactor.core.publisher.FluxMap$MapSubscriber.onComplete(FluxMap.java:144)
	at io.opentelemetry.javaagent.shaded.instrumentation.reactor.v3_1.TracingSubscriber.onComplete(TracingSubscriber.java:96)
	at reactor.core.publisher.FluxPeek$PeekSubscriber.onComplete(FluxPeek.java:263)
	at io.opentelemetry.javaagent.shaded.instrumentation.reactor.v3_1.TracingSubscriber.onComplete(TracingSubscriber.java:96)
	at reactor.core.publisher.FluxMap$MapSubscriber.onComplete(FluxMap.java:144)
	at reactor.netty.channel.FluxReceive.onInboundComplete(FluxReceive.java:419)
	at reactor.netty.channel.ChannelOperations.onInboundComplete(ChannelOperations.java:467)
	at reactor.netty.http.server.HttpServerOperations.handleLastHttpContent(HttpServerOperations.java:911)
	at reactor.netty.http.server.HttpServerOperations.onInboundNext(HttpServerOperations.java:810)
	at reactor.netty.channel.ChannelOperationsHandler.channelRead(ChannelOperationsHandler.java:115)
	at io.netty.channel.AbstractChannelHandlerContext.fireChannelRead(AbstractChannelHandlerContext.java:357)
	at reactor.netty.http.server.HttpTrafficHandler.channelRead(HttpTrafficHandler.java:332)
	at io.netty.channel.AbstractChannelHandlerContext.fireChannelRead(AbstractChannelHandlerContext.java:355)
	at io.netty.channel.CombinedChannelDuplexHandler$DelegatingChannelHandlerContext.fireChannelRead(CombinedChannelDuplexHandler.java:434)
	at io.netty.channel.ChannelInboundHandlerAdapter.channelRead(ChannelInboundHandlerAdapter.java:93)
	at io.opentelemetry.javaagent.shaded.instrumentation.netty.v4_1.internal.server.HttpServerRequestTracingHandler.channelRead(HttpServerRequestTracingHandler.java:44)
	at io.netty.channel.CombinedChannelDuplexHandler.channelRead(CombinedChannelDuplexHandler.java:249)
	at io.netty.channel.AbstractChannelHandlerContext.fireChannelRead(AbstractChannelHandlerContext.java:355)
	at io.netty.channel.CombinedChannelDuplexHandler$DelegatingChannelHandlerContext.fireChannelRead(CombinedChannelDuplexHandler.java:434)
	at io.netty.handler.codec.ByteToMessageDecoder.fireChannelRead(ByteToMessageDecoder.java:361)
	at io.netty.handler.codec.ByteToMessageDecoder.channelRead(ByteToMessageDecoder.java:325)
	at io.netty.channel.CombinedChannelDuplexHandler.channelRead(CombinedChannelDuplexHandler.java:249)
	at io.netty.channel.AbstractChannelHandlerContext.fireChannelRead(AbstractChannelHandlerContext.java:355)
	at io.netty.channel.DefaultChannelPipeline$HeadContext.channelRead(DefaultChannelPipeline.java:1429)
	at io.netty.channel.DefaultChannelPipeline.fireChannelRead(DefaultChannelPipeline.java:918)
	at io.netty.channel.nio.AbstractNioByteChannel$NioByteUnsafe.read(AbstractNioByteChannel.java:176)
	at io.netty.channel.nio.AbstractNioChannel$AbstractNioUnsafe.handle(AbstractNioChannel.java:445)
	at io.netty.channel.nio.NioIoHandler$DefaultNioRegistration.handle(NioIoHandler.java:388)
	at io.netty.channel.nio.NioIoHandler.processSelectedKey(NioIoHandler.java:596)
	at io.netty.channel.nio.NioIoHandler.processSelectedKeysPlain(NioIoHandler.java:541)
	at io.netty.channel.nio.NioIoHandler.processSelectedKeys(NioIoHandler.java:514)
	at io.netty.channel.nio.NioIoHandler.run(NioIoHandler.java:484)
	at io.netty.channel.SingleThreadIoEventLoop.runIo(SingleThreadIoEventLoop.java:225)
	at io.netty.channel.SingleThreadIoEventLoop.run(SingleThreadIoEventLoop.java:196)
	at io.netty.util.concurrent.SingleThreadEventExecutor$5.run(SingleThreadEventExecutor.java:1195)
	at io.netty.util.internal.ThreadExecutorMap$2.run(ThreadExecutorMap.java:74)
	at io.netty.util.concurrent.FastThreadLocalRunnable.run(FastThreadLocalRunnable.java:30)
	at java.base/java.lang.Thread.run(Thread.java:1474)
Caused by: io.lettuce.core.RedisConnectionException: Unable to connect to localhost/<unresolved>:6379
	at io.lettuce.core.RedisConnectionException.create(RedisConnectionException.java:63)
	at io.lettuce.core.RedisConnectionException.create(RedisConnectionException.java:41)
	at io.lettuce.core.AbstractRedisClient.getConnection(AbstractRedisClient.java:352)
	at io.lettuce.core.RedisClient.connect(RedisClient.java:220)
	at org.springframework.data.redis.connection.lettuce.StandaloneConnectionProvider.lambda$getConnection$1(StandaloneConnectionProvider.java:113)
	at java.base/java.util.Optional.orElseGet(Optional.java:364)
	at org.springframework.data.redis.connection.lettuce.StandaloneConnectionProvider.getConnection(StandaloneConnectionProvider.java:113)
	at org.springframework.data.redis.connection.lettuce.LettuceConnectionFactory$ExceptionTranslatingConnectionProvider.getConnection(LettuceConnectionFactory.java:1797)
	... 92 common frames omitted
Caused by: io.netty.channel.AbstractChannel$AnnotatedConnectException: Connection refused: getsockopt: localhost/127.0.0.1:6379
Caused by: java.net.ConnectException: Connection refused: getsockopt
	at java.base/sun.nio.ch.Net.pollConnect(Native Method)
	at java.base/sun.nio.ch.Net.pollConnectNow(Net.java:639)
	at java.base/sun.nio.ch.SocketChannelImpl.finishConnect(SocketChannelImpl.java:1046)
	at io.netty.channel.socket.nio.NioSocketChannel.doFinishConnect(NioSocketChannel.java:330)
	at io.netty.channel.nio.AbstractNioChannel$AbstractNioUnsafe.finishConnect(AbstractNioChannel.java:384)
	at io.netty.channel.nio.AbstractNioChannel$AbstractNioUnsafe.handle(AbstractNioChannel.java:432)
	at io.netty.channel.nio.NioIoHandler$DefaultNioRegistration.handle(NioIoHandler.java:388)
	at io.netty.channel.nio.NioIoHandler.processSelectedKey(NioIoHandler.java:596)
	at io.netty.channel.nio.NioIoHandler.processSelectedKeysPlain(NioIoHandler.java:541)
	at io.netty.channel.nio.NioIoHandler.processSelectedKeys(NioIoHandler.java:514)
	at io.netty.channel.nio.NioIoHandler.run(NioIoHandler.java:484)
	at io.netty.channel.SingleThreadIoEventLoop.runIo(SingleThreadIoEventLoop.java:225)
	at io.netty.channel.SingleThreadIoEventLoop.run(SingleThreadIoEventLoop.java:196)
	at io.netty.util.concurrent.SingleThreadEventExecutor$5.run(SingleThreadEventExecutor.java:1195)
	at io.netty.util.internal.ThreadExecutorMap$2.run(ThreadExecutorMap.java:74)
	at io.netty.util.concurrent.FastThreadLocalRunnable.run(FastThreadLocalRunnable.java:30)
	at java.base/java.lang.Thread.run(Thread.java:1474)
2026-10-01 19:36:40 INFO  [reactor-http-nio-11] traceId=a64478f4bc405485b0b5ff75a5d7ca97 spanId=b09883c68a859d76 c.s.e.a.filter.AuthenticationFilter : path  /products/api/products/550e8400-e29b-41d4-a716-446655440001
2026-10-01 19:36:40 INFO  [reactor-http-nio-11] traceId=a64478f4bc405485b0b5ff75a5d7ca97 spanId=b09883c68a859d76 c.s.e.a.filter.AuthenticationFilter : method  GET
2026-10-01 19:36:40 ERROR [reactor-http-nio-11] traceId=a64478f4bc405485b0b5ff75a5d7ca97 spanId=b09883c68a859d76 o.s.c.g.f.ratelimit.RedisRateLimiter : Error calling rate limiter lua
org.springframework.data.redis.RedisConnectionFailureException: Unable to connect to Redis
	at org.springframework.data.redis.connection.lettuce.LettuceConnectionFactory$ExceptionTranslatingConnectionProvider.translateException(LettuceConnectionFactory.java:1868)
	at org.springframework.data.redis.connection.lettuce.LettuceConnectionFactory$ExceptionTranslatingConnectionProvider.getConnection(LettuceConnectionFactory.java:1799)
	at org.springframework.data.redis.connection.lettuce.LettuceConnectionFactory$SharedConnection.getNativeConnection(LettuceConnectionFactory.java:1596)
	at org.springframework.data.redis.connection.lettuce.LettuceConnectionFactory$SharedConnection.lambda$getConnection$0(LettuceConnectionFactory.java:1576)
	at org.springframework.data.redis.connection.lettuce.LettuceConnectionFactory.doInLock(LettuceConnectionFactory.java:1537)
	at org.springframework.data.redis.connection.lettuce.LettuceConnectionFactory$SharedConnection.getConnection(LettuceConnectionFactory.java:1573)
	at org.springframework.data.redis.connection.lettuce.LettuceConnectionFactory.getSharedReactiveConnection(LettuceConnectionFactory.java:1281)
	at org.springframework.data.redis.connection.lettuce.LettuceConnectionFactory.getReactiveConnection(LettuceConnectionFactory.java:1151)
	at org.springframework.data.redis.connection.lettuce.LettuceConnectionFactory.getReactiveConnection(LettuceConnectionFactory.java:120)
	at reactor.core.publisher.MonoSupplier$MonoSupplierSubscription.request(MonoSupplier.java:123)
	at reactor.core.publisher.FluxUsingWhen$ResourceSubscriber.onSubscribe(FluxUsingWhen.java:244)
	at io.opentelemetry.javaagent.shaded.instrumentation.reactor.v3_1.TracingSubscriber.onSubscribe(TracingSubscriber.java:65)
	at reactor.core.publisher.MonoSupplier.subscribe(MonoSupplier.java:47)
	at reactor.core.publisher.Mono.subscribe(Mono.java:4569)
	at reactor.core.publisher.FluxUsingWhen.subscribe(FluxUsingWhen.java:105)
	at reactor.core.publisher.Mono.subscribe(Mono.java:4569)
	at reactor.core.publisher.FluxFlatMap.trySubscribeScalarMap(FluxFlatMap.java:202)
	at reactor.core.publisher.MonoFlatMap.subscribeOrReturn(MonoFlatMap.java:53)
	at reactor.core.publisher.InternalMonoOperator.subscribe(InternalMonoOperator.java:62)
	at reactor.core.publisher.MonoDefer.subscribe(MonoDefer.java:54)
	at reactor.core.publisher.InternalMonoOperator.subscribe(InternalMonoOperator.java:75)
	at reactor.core.publisher.MonoDefer.subscribe(MonoDefer.java:54)
	at reactor.core.publisher.InternalMonoOperator.subscribe(InternalMonoOperator.java:75)
	at reactor.core.publisher.MonoDefer.subscribe(MonoDefer.java:54)
	at reactor.core.publisher.InternalMonoOperator.subscribe(InternalMonoOperator.java:75)
	at reactor.core.publisher.MonoDefer.subscribe(MonoDefer.java:54)
	at reactor.core.publisher.InternalMonoOperator.subscribe(InternalMonoOperator.java:75)
	at reactor.core.publisher.MonoDefer.subscribe(MonoDefer.java:54)
	at reactor.core.publisher.Mono.subscribe(Mono.java:4569)
	at reactor.core.publisher.MonoIgnoreThen$ThenIgnoreMain.subscribeNext(MonoIgnoreThen.java:268)
	at reactor.core.publisher.MonoIgnoreThen.subscribe(MonoIgnoreThen.java:51)
	at reactor.core.publisher.InternalMonoOperator.subscribe(InternalMonoOperator.java:75)
	at reactor.core.publisher.MonoDefer.subscribe(MonoDefer.java:54)
	at reactor.core.publisher.InternalMonoOperator.subscribe(InternalMonoOperator.java:75)
	at reactor.core.publisher.MonoFlatMap$FlatMapMain.onNext(MonoFlatMap.java:165)
	at io.opentelemetry.javaagent.shaded.instrumentation.reactor.v3_1.TracingSubscriber.onNext(TracingSubscriber.java:72)
	at reactor.core.publisher.FluxSwitchIfEmpty$SwitchIfEmptySubscriber.onNext(FluxSwitchIfEmpty.java:75)
	at io.opentelemetry.javaagent.shaded.instrumentation.reactor.v3_1.TracingSubscriber.onNext(TracingSubscriber.java:72)
	at reactor.core.publisher.FluxMap$MapSubscriber.onNext(FluxMap.java:122)
	at io.opentelemetry.javaagent.shaded.instrumentation.reactor.v3_1.TracingSubscriber.onNext(TracingSubscriber.java:72)
	at reactor.core.publisher.Operators$BaseFluxToMonoOperator.completePossiblyEmpty(Operators.java:2093)
	at reactor.core.publisher.FluxDefaultIfEmpty$DefaultIfEmptySubscriber.onComplete(FluxDefaultIfEmpty.java:134)
	at io.opentelemetry.javaagent.shaded.instrumentation.reactor.v3_1.TracingSubscriber.onComplete(TracingSubscriber.java:96)
	at reactor.core.publisher.FluxHide$SuppressFuseableSubscriber.onComplete(FluxHide.java:147)
	at reactor.core.publisher.FluxContextWrite$ContextWriteSubscriber.onComplete(FluxContextWrite.java:128)
	at io.opentelemetry.javaagent.shaded.instrumentation.reactor.v3_1.TracingSubscriber.onComplete(TracingSubscriber.java:96)
	at reactor.core.publisher.FluxHide$SuppressFuseableSubscriber.onComplete(FluxHide.java:147)
	at reactor.core.publisher.FluxMapFuseable$MapFuseableSubscriber.onComplete(FluxMapFuseable.java:153)
	at io.opentelemetry.javaagent.shaded.instrumentation.reactor.v3_1.TracingSubscriber.onComplete(TracingSubscriber.java:96)
	at reactor.core.publisher.FluxHide$SuppressFuseableSubscriber.onComplete(FluxHide.java:147)
	at reactor.core.publisher.FluxFilterFuseable$FilterFuseableSubscriber.onComplete(FluxFilterFuseable.java:172)
	at io.opentelemetry.javaagent.shaded.instrumentation.reactor.v3_1.TracingSubscriber.onComplete(TracingSubscriber.java:96)
	at reactor.core.publisher.FluxHide$SuppressFuseableSubscriber.onComplete(FluxHide.java:147)
	at reactor.core.publisher.Operators$BaseFluxToMonoOperator.completePossiblyEmpty(Operators.java:2094)
	at reactor.core.publisher.MonoCollect$CollectSubscriber.onComplete(MonoCollect.java:144)
	at io.opentelemetry.javaagent.shaded.instrumentation.reactor.v3_1.TracingSubscriber.onComplete(TracingSubscriber.java:96)
	at reactor.core.publisher.FluxMap$MapSubscriber.onComplete(FluxMap.java:144)
	at io.opentelemetry.javaagent.shaded.instrumentation.reactor.v3_1.TracingSubscriber.onComplete(TracingSubscriber.java:96)
	at reactor.core.publisher.FluxPeek$PeekSubscriber.onComplete(FluxPeek.java:263)
	at io.opentelemetry.javaagent.shaded.instrumentation.reactor.v3_1.TracingSubscriber.onComplete(TracingSubscriber.java:96)
	at reactor.core.publisher.FluxMap$MapSubscriber.onComplete(FluxMap.java:144)
	at reactor.netty.channel.FluxReceive.onInboundComplete(FluxReceive.java:419)
	at reactor.netty.channel.ChannelOperations.onInboundComplete(ChannelOperations.java:467)
	at reactor.netty.http.server.HttpServerOperations.handleLastHttpContent(HttpServerOperations.java:911)
	at reactor.netty.http.server.HttpServerOperations.onInboundNext(HttpServerOperations.java:810)
	at reactor.netty.channel.ChannelOperationsHandler.channelRead(ChannelOperationsHandler.java:115)
	at io.netty.channel.AbstractChannelHandlerContext.fireChannelRead(AbstractChannelHandlerContext.java:357)
	at reactor.netty.http.server.HttpTrafficHandler.channelRead(HttpTrafficHandler.java:332)
	at io.netty.channel.AbstractChannelHandlerContext.fireChannelRead(AbstractChannelHandlerContext.java:355)
	at io.netty.channel.CombinedChannelDuplexHandler$DelegatingChannelHandlerContext.fireChannelRead(CombinedChannelDuplexHandler.java:434)
	at io.netty.channel.ChannelInboundHandlerAdapter.channelRead(ChannelInboundHandlerAdapter.java:93)
	at io.opentelemetry.javaagent.shaded.instrumentation.netty.v4_1.internal.server.HttpServerRequestTracingHandler.channelRead(HttpServerRequestTracingHandler.java:44)
	at io.netty.channel.CombinedChannelDuplexHandler.channelRead(CombinedChannelDuplexHandler.java:249)
	at io.netty.channel.AbstractChannelHandlerContext.fireChannelRead(AbstractChannelHandlerContext.java:355)
	at io.netty.channel.CombinedChannelDuplexHandler$DelegatingChannelHandlerContext.fireChannelRead(CombinedChannelDuplexHandler.java:434)
	at io.netty.handler.codec.ByteToMessageDecoder.fireChannelRead(ByteToMessageDecoder.java:361)
	at io.netty.handler.codec.ByteToMessageDecoder.channelRead(ByteToMessageDecoder.java:325)
	at io.netty.channel.CombinedChannelDuplexHandler.channelRead(CombinedChannelDuplexHandler.java:249)
	at io.netty.channel.AbstractChannelHandlerContext.fireChannelRead(AbstractChannelHandlerContext.java:355)
	at io.netty.channel.DefaultChannelPipeline$HeadContext.channelRead(DefaultChannelPipeline.java:1429)
	at io.netty.channel.DefaultChannelPipeline.fireChannelRead(DefaultChannelPipeline.java:918)
	at io.netty.channel.nio.AbstractNioByteChannel$NioByteUnsafe.read(AbstractNioByteChannel.java:176)
	at io.netty.channel.nio.AbstractNioChannel$AbstractNioUnsafe.handle(AbstractNioChannel.java:445)
	at io.netty.channel.nio.NioIoHandler$DefaultNioRegistration.handle(NioIoHandler.java:388)
	at io.netty.channel.nio.NioIoHandler.processSelectedKey(NioIoHandler.java:596)
	at io.netty.channel.nio.NioIoHandler.processSelectedKeysPlain(NioIoHandler.java:541)
	at io.netty.channel.nio.NioIoHandler.processSelectedKeys(NioIoHandler.java:514)
	at io.netty.channel.nio.NioIoHandler.run(NioIoHandler.java:484)
	at io.netty.channel.SingleThreadIoEventLoop.runIo(SingleThreadIoEventLoop.java:225)
	at io.netty.channel.SingleThreadIoEventLoop.run(SingleThreadIoEventLoop.java:196)
	at io.netty.util.concurrent.SingleThreadEventExecutor$5.run(SingleThreadEventExecutor.java:1195)
	at io.netty.util.internal.ThreadExecutorMap$2.run(ThreadExecutorMap.java:74)
	at io.netty.util.concurrent.FastThreadLocalRunnable.run(FastThreadLocalRunnable.java:30)
	at java.base/java.lang.Thread.run(Thread.java:1474)
Caused by: io.lettuce.core.RedisConnectionException: Unable to connect to localhost/<unresolved>:6379
	at io.lettuce.core.RedisConnectionException.create(RedisConnectionException.java:63)
	at io.lettuce.core.RedisConnectionException.create(RedisConnectionException.java:41)
	at io.lettuce.core.AbstractRedisClient.getConnection(AbstractRedisClient.java:352)
	at io.lettuce.core.RedisClient.connect(RedisClient.java:220)
	at org.springframework.data.redis.connection.lettuce.StandaloneConnectionProvider.lambda$getConnection$1(StandaloneConnectionProvider.java:113)
	at java.base/java.util.Optional.orElseGet(Optional.java:364)
	at org.springframework.data.redis.connection.lettuce.StandaloneConnectionProvider.getConnection(StandaloneConnectionProvider.java:113)
	at org.springframework.data.redis.connection.lettuce.LettuceConnectionFactory$ExceptionTranslatingConnectionProvider.getConnection(LettuceConnectionFactory.java:1797)
	... 92 common frames omitted
Caused by: io.netty.channel.AbstractChannel$AnnotatedConnectException: Connection refused: getsockopt: localhost/127.0.0.1:6379
Caused by: java.net.ConnectException: Connection refused: getsockopt
	at java.base/sun.nio.ch.Net.pollConnect(Native Method)
	at java.base/sun.nio.ch.Net.pollConnectNow(Net.java:639)
	at java.base/sun.nio.ch.SocketChannelImpl.finishConnect(SocketChannelImpl.java:1046)
	at io.netty.channel.socket.nio.NioSocketChannel.doFinishConnect(NioSocketChannel.java:330)
	at io.netty.channel.nio.AbstractNioChannel$AbstractNioUnsafe.finishConnect(AbstractNioChannel.java:384)
	at io.netty.channel.nio.AbstractNioChannel$AbstractNioUnsafe.handle(AbstractNioChannel.java:432)
	at io.netty.channel.nio.NioIoHandler$DefaultNioRegistration.handle(NioIoHandler.java:388)
	at io.netty.channel.nio.NioIoHandler.processSelectedKey(NioIoHandler.java:596)
	at io.netty.channel.nio.NioIoHandler.processSelectedKeysPlain(NioIoHandler.java:541)
	at io.netty.channel.nio.NioIoHandler.processSelectedKeys(NioIoHandler.java:514)
	at io.netty.channel.nio.NioIoHandler.run(NioIoHandler.java:484)
	at io.netty.channel.SingleThreadIoEventLoop.runIo(SingleThreadIoEventLoop.java:225)
	at io.netty.channel.SingleThreadIoEventLoop.run(SingleThreadIoEventLoop.java:196)
	at io.netty.util.concurrent.SingleThreadEventExecutor$5.run(SingleThreadEventExecutor.java:1195)
	at io.netty.util.internal.ThreadExecutorMap$2.run(ThreadExecutorMap.java:74)
	at io.netty.util.concurrent.FastThreadLocalRunnable.run(FastThreadLocalRunnable.java:30)
	at java.base/java.lang.Thread.run(Thread.java:1474)
2026-10-01 19:36:40 INFO  [reactor-http-nio-12] traceId=95d317ae8614d0482b8c46bd7ad334b6 spanId=d9ddae70aa397ac4 c.s.e.a.filter.AuthenticationFilter : path  /products/api/products/550e8400-e29b-41d4-a716-446655440001
2026-10-01 19:36:40 INFO  [reactor-http-nio-12] traceId=95d317ae8614d0482b8c46bd7ad334b6 spanId=d9ddae70aa397ac4 c.s.e.a.filter.AuthenticationFilter : method  GET
2026-10-01 19:36:40 ERROR [reactor-http-nio-12] traceId=95d317ae8614d0482b8c46bd7ad334b6 spanId=d9ddae70aa397ac4 o.s.c.g.f.ratelimit.RedisRateLimiter : Error calling rate limiter lua
org.springframework.data.redis.RedisConnectionFailureException: Unable to connect to Redis
	at org.springframework.data.redis.connection.lettuce.LettuceConnectionFactory$ExceptionTranslatingConnectionProvider.translateException(LettuceConnectionFactory.java:1868)
	at org.springframework.data.redis.connection.lettuce.LettuceConnectionFactory$ExceptionTranslatingConnectionProvider.getConnection(LettuceConnectionFactory.java:1799)
	at org.springframework.data.redis.connection.lettuce.LettuceConnectionFactory$SharedConnection.getNativeConnection(LettuceConnectionFactory.java:1596)
	at org.springframework.data.redis.connection.lettuce.LettuceConnectionFactory$SharedConnection.lambda$getConnection$0(LettuceConnectionFactory.java:1576)
	at org.springframework.data.redis.connection.lettuce.LettuceConnectionFactory.doInLock(LettuceConnectionFactory.java:1537)
	at org.springframework.data.redis.connection.lettuce.LettuceConnectionFactory$SharedConnection.getConnection(LettuceConnectionFactory.java:1573)
	at org.springframework.data.redis.connection.lettuce.LettuceConnectionFactory.getSharedReactiveConnection(LettuceConnectionFactory.java:1281)
	at org.springframework.data.redis.connection.lettuce.LettuceConnectionFactory.getReactiveConnection(LettuceConnectionFactory.java:1151)
	at org.springframework.data.redis.connection.lettuce.LettuceConnectionFactory.getReactiveConnection(LettuceConnectionFactory.java:120)
	at reactor.core.publisher.MonoSupplier$MonoSupplierSubscription.request(MonoSupplier.java:123)
	at reactor.core.publisher.FluxUsingWhen$ResourceSubscriber.onSubscribe(FluxUsingWhen.java:244)
	at io.opentelemetry.javaagent.shaded.instrumentation.reactor.v3_1.TracingSubscriber.onSubscribe(TracingSubscriber.java:65)
	at reactor.core.publisher.MonoSupplier.subscribe(MonoSupplier.java:47)
	at reactor.core.publisher.Mono.subscribe(Mono.java:4569)
	at reactor.core.publisher.FluxUsingWhen.subscribe(FluxUsingWhen.java:105)
	at reactor.core.publisher.Mono.subscribe(Mono.java:4569)
	at reactor.core.publisher.FluxFlatMap.trySubscribeScalarMap(FluxFlatMap.java:202)
	at reactor.core.publisher.MonoFlatMap.subscribeOrReturn(MonoFlatMap.java:53)
	at reactor.core.publisher.InternalMonoOperator.subscribe(InternalMonoOperator.java:62)
	at reactor.core.publisher.MonoDefer.subscribe(MonoDefer.java:54)
	at reactor.core.publisher.InternalMonoOperator.subscribe(InternalMonoOperator.java:75)
	at reactor.core.publisher.MonoDefer.subscribe(MonoDefer.java:54)
	at reactor.core.publisher.InternalMonoOperator.subscribe(InternalMonoOperator.java:75)
	at reactor.core.publisher.MonoDefer.subscribe(MonoDefer.java:54)
	at reactor.core.publisher.InternalMonoOperator.subscribe(InternalMonoOperator.java:75)
	at reactor.core.publisher.MonoDefer.subscribe(MonoDefer.java:54)
	at reactor.core.publisher.InternalMonoOperator.subscribe(InternalMonoOperator.java:75)
	at reactor.core.publisher.MonoDefer.subscribe(MonoDefer.java:54)
	at reactor.core.publisher.Mono.subscribe(Mono.java:4569)
	at reactor.core.publisher.MonoIgnoreThen$ThenIgnoreMain.subscribeNext(MonoIgnoreThen.java:268)
	at reactor.core.publisher.MonoIgnoreThen.subscribe(MonoIgnoreThen.java:51)
	at reactor.core.publisher.InternalMonoOperator.subscribe(InternalMonoOperator.java:75)
	at reactor.core.publisher.MonoDefer.subscribe(MonoDefer.java:54)
	at reactor.core.publisher.InternalMonoOperator.subscribe(InternalMonoOperator.java:75)
	at reactor.core.publisher.MonoFlatMap$FlatMapMain.onNext(MonoFlatMap.java:165)
	at io.opentelemetry.javaagent.shaded.instrumentation.reactor.v3_1.TracingSubscriber.onNext(TracingSubscriber.java:72)
	at reactor.core.publisher.FluxSwitchIfEmpty$SwitchIfEmptySubscriber.onNext(FluxSwitchIfEmpty.java:75)
	at io.opentelemetry.javaagent.shaded.instrumentation.reactor.v3_1.TracingSubscriber.onNext(TracingSubscriber.java:72)
	at reactor.core.publisher.FluxMap$MapSubscriber.onNext(FluxMap.java:122)
	at io.opentelemetry.javaagent.shaded.instrumentation.reactor.v3_1.TracingSubscriber.onNext(TracingSubscriber.java:72)
	at reactor.core.publisher.Operators$BaseFluxToMonoOperator.completePossiblyEmpty(Operators.java:2093)
	at reactor.core.publisher.FluxDefaultIfEmpty$DefaultIfEmptySubscriber.onComplete(FluxDefaultIfEmpty.java:134)
	at io.opentelemetry.javaagent.shaded.instrumentation.reactor.v3_1.TracingSubscriber.onComplete(TracingSubscriber.java:96)
	at reactor.core.publisher.FluxHide$SuppressFuseableSubscriber.onComplete(FluxHide.java:147)
	at reactor.core.publisher.FluxContextWrite$ContextWriteSubscriber.onComplete(FluxContextWrite.java:128)
	at io.opentelemetry.javaagent.shaded.instrumentation.reactor.v3_1.TracingSubscriber.onComplete(TracingSubscriber.java:96)
	at reactor.core.publisher.FluxHide$SuppressFuseableSubscriber.onComplete(FluxHide.java:147)
	at reactor.core.publisher.FluxMapFuseable$MapFuseableSubscriber.onComplete(FluxMapFuseable.java:153)
	at io.opentelemetry.javaagent.shaded.instrumentation.reactor.v3_1.TracingSubscriber.onComplete(TracingSubscriber.java:96)
	at reactor.core.publisher.FluxHide$SuppressFuseableSubscriber.onComplete(FluxHide.java:147)
	at reactor.core.publisher.FluxFilterFuseable$FilterFuseableSubscriber.onComplete(FluxFilterFuseable.java:172)
	at io.opentelemetry.javaagent.shaded.instrumentation.reactor.v3_1.TracingSubscriber.onComplete(TracingSubscriber.java:96)
	at reactor.core.publisher.FluxHide$SuppressFuseableSubscriber.onComplete(FluxHide.java:147)
	at reactor.core.publisher.Operators$BaseFluxToMonoOperator.completePossiblyEmpty(Operators.java:2094)
	at reactor.core.publisher.MonoCollect$CollectSubscriber.onComplete(MonoCollect.java:144)
	at io.opentelemetry.javaagent.shaded.instrumentation.reactor.v3_1.TracingSubscriber.onComplete(TracingSubscriber.java:96)
	at reactor.core.publisher.FluxMap$MapSubscriber.onComplete(FluxMap.java:144)
	at io.opentelemetry.javaagent.shaded.instrumentation.reactor.v3_1.TracingSubscriber.onComplete(TracingSubscriber.java:96)
	at reactor.core.publisher.FluxPeek$PeekSubscriber.onComplete(FluxPeek.java:263)
	at io.opentelemetry.javaagent.shaded.instrumentation.reactor.v3_1.TracingSubscriber.onComplete(TracingSubscriber.java:96)
	at reactor.core.publisher.FluxMap$MapSubscriber.onComplete(FluxMap.java:144)
	at reactor.netty.channel.FluxReceive.onInboundComplete(FluxReceive.java:419)
	at reactor.netty.channel.ChannelOperations.onInboundComplete(ChannelOperations.java:467)
	at reactor.netty.http.server.HttpServerOperations.handleLastHttpContent(HttpServerOperations.java:911)
	at reactor.netty.http.server.HttpServerOperations.onInboundNext(HttpServerOperations.java:810)
	at reactor.netty.channel.ChannelOperationsHandler.channelRead(ChannelOperationsHandler.java:115)
	at io.netty.channel.AbstractChannelHandlerContext.fireChannelRead(AbstractChannelHandlerContext.java:357)
	at reactor.netty.http.server.HttpTrafficHandler.channelRead(HttpTrafficHandler.java:332)
	at io.netty.channel.AbstractChannelHandlerContext.fireChannelRead(AbstractChannelHandlerContext.java:355)
	at io.netty.channel.CombinedChannelDuplexHandler$DelegatingChannelHandlerContext.fireChannelRead(CombinedChannelDuplexHandler.java:434)
	at io.netty.channel.ChannelInboundHandlerAdapter.channelRead(ChannelInboundHandlerAdapter.java:93)
	at io.opentelemetry.javaagent.shaded.instrumentation.netty.v4_1.internal.server.HttpServerRequestTracingHandler.channelRead(HttpServerRequestTracingHandler.java:44)
	at io.netty.channel.CombinedChannelDuplexHandler.channelRead(CombinedChannelDuplexHandler.java:249)
	at io.netty.channel.AbstractChannelHandlerContext.fireChannelRead(AbstractChannelHandlerContext.java:355)
	at io.netty.channel.CombinedChannelDuplexHandler$DelegatingChannelHandlerContext.fireChannelRead(CombinedChannelDuplexHandler.java:434)
	at io.netty.handler.codec.ByteToMessageDecoder.fireChannelRead(ByteToMessageDecoder.java:361)
	at io.netty.handler.codec.ByteToMessageDecoder.channelRead(ByteToMessageDecoder.java:325)
	at io.netty.channel.CombinedChannelDuplexHandler.channelRead(CombinedChannelDuplexHandler.java:249)
	at io.netty.channel.AbstractChannelHandlerContext.fireChannelRead(AbstractChannelHandlerContext.java:355)
	at io.netty.channel.DefaultChannelPipeline$HeadContext.channelRead(DefaultChannelPipeline.java:1429)
	at io.netty.channel.DefaultChannelPipeline.fireChannelRead(DefaultChannelPipeline.java:918)
	at io.netty.channel.nio.AbstractNioByteChannel$NioByteUnsafe.read(AbstractNioByteChannel.java:176)
	at io.netty.channel.nio.AbstractNioChannel$AbstractNioUnsafe.handle(AbstractNioChannel.java:445)
	at io.netty.channel.nio.NioIoHandler$DefaultNioRegistration.handle(NioIoHandler.java:388)
	at io.netty.channel.nio.NioIoHandler.processSelectedKey(NioIoHandler.java:596)
	at io.netty.channel.nio.NioIoHandler.processSelectedKeysPlain(NioIoHandler.java:541)
	at io.netty.channel.nio.NioIoHandler.processSelectedKeys(NioIoHandler.java:514)
	at io.netty.channel.nio.NioIoHandler.run(NioIoHandler.java:484)
	at io.netty.channel.SingleThreadIoEventLoop.runIo(SingleThreadIoEventLoop.java:225)
	at io.netty.channel.SingleThreadIoEventLoop.run(SingleThreadIoEventLoop.java:196)
	at io.netty.util.concurrent.SingleThreadEventExecutor$5.run(SingleThreadEventExecutor.java:1195)
	at io.netty.util.internal.ThreadExecutorMap$2.run(ThreadExecutorMap.java:74)
	at io.netty.util.concurrent.FastThreadLocalRunnable.run(FastThreadLocalRunnable.java:30)
	at java.base/java.lang.Thread.run(Thread.java:1474)
Caused by: io.lettuce.core.RedisConnectionException: Unable to connect to localhost/<unresolved>:6379
	at io.lettuce.core.RedisConnectionException.create(RedisConnectionException.java:63)
	at io.lettuce.core.RedisConnectionException.create(RedisConnectionException.java:41)
	at io.lettuce.core.AbstractRedisClient.getConnection(AbstractRedisClient.java:352)
	at io.lettuce.core.RedisClient.connect(RedisClient.java:220)
	at org.springframework.data.redis.connection.lettuce.StandaloneConnectionProvider.lambda$getConnection$1(StandaloneConnectionProvider.java:113)
	at java.base/java.util.Optional.orElseGet(Optional.java:364)
	at org.springframework.data.redis.connection.lettuce.StandaloneConnectionProvider.getConnection(StandaloneConnectionProvider.java:113)
	at org.springframework.data.redis.connection.lettuce.LettuceConnectionFactory$ExceptionTranslatingConnectionProvider.getConnection(LettuceConnectionFactory.java:1797)
	... 92 common frames omitted
Caused by: io.netty.channel.AbstractChannel$AnnotatedConnectException: Connection refused: getsockopt: localhost/127.0.0.1:6379
Caused by: java.net.ConnectException: Connection refused: getsockopt
	at java.base/sun.nio.ch.Net.pollConnect(Native Method)
	at java.base/sun.nio.ch.Net.pollConnectNow(Net.java:639)
	at java.base/sun.nio.ch.SocketChannelImpl.finishConnect(SocketChannelImpl.java:1046)
	at io.netty.channel.socket.nio.NioSocketChannel.doFinishConnect(NioSocketChannel.java:330)
	at io.netty.channel.nio.AbstractNioChannel$AbstractNioUnsafe.finishConnect(AbstractNioChannel.java:384)
	at io.netty.channel.nio.AbstractNioChannel$AbstractNioUnsafe.handle(AbstractNioChannel.java:432)
	at io.netty.channel.nio.NioIoHandler$DefaultNioRegistration.handle(NioIoHandler.java:388)
	at io.netty.channel.nio.NioIoHandler.processSelectedKey(NioIoHandler.java:596)
	at io.netty.channel.nio.NioIoHandler.processSelectedKeysPlain(NioIoHandler.java:541)
	at io.netty.channel.nio.NioIoHandler.processSelectedKeys(NioIoHandler.java:514)
	at io.netty.channel.nio.NioIoHandler.run(NioIoHandler.java:484)
	at io.netty.channel.SingleThreadIoEventLoop.runIo(SingleThreadIoEventLoop.java:225)
	at io.netty.channel.SingleThreadIoEventLoop.run(SingleThreadIoEventLoop.java:196)
	at io.netty.util.concurrent.SingleThreadEventExecutor$5.run(SingleThreadEventExecutor.java:1195)
	at io.netty.util.internal.ThreadExecutorMap$2.run(ThreadExecutorMap.java:74)
	at io.netty.util.concurrent.FastThreadLocalRunnable.run(FastThreadLocalRunnable.java:30)
	at java.base/java.lang.Thread.run(Thread.java:1474)
2026-10-01 19:36:40 INFO  [reactor-http-nio-13] traceId=21f09afb899c1a6a979b12277c3e9e19 spanId=44fd3b4ab79eeb8f c.s.e.a.filter.AuthenticationFilter : path  /products/api/products/filter
2026-10-01 19:36:40 INFO  [reactor-http-nio-13] traceId=21f09afb899c1a6a979b12277c3e9e19 spanId=44fd3b4ab79eeb8f c.s.e.a.filter.AuthenticationFilter : method  GET
2026-10-01 19:36:40 ERROR [reactor-http-nio-13] traceId=21f09afb899c1a6a979b12277c3e9e19 spanId=44fd3b4ab79eeb8f o.s.c.g.f.ratelimit.RedisRateLimiter : Error calling rate limiter lua
org.springframework.data.redis.RedisConnectionFailureException: Unable to connect to Redis
	at org.springframework.data.redis.connection.lettuce.LettuceConnectionFactory$ExceptionTranslatingConnectionProvider.translateException(LettuceConnectionFactory.java:1868)
	at org.springframework.data.redis.connection.lettuce.LettuceConnectionFactory$ExceptionTranslatingConnectionProvider.getConnection(LettuceConnectionFactory.java:1799)
	at org.springframework.data.redis.connection.lettuce.LettuceConnectionFactory$SharedConnection.getNativeConnection(LettuceConnectionFactory.java:1596)
	at org.springframework.data.redis.connection.lettuce.LettuceConnectionFactory$SharedConnection.lambda$getConnection$0(LettuceConnectionFactory.java:1576)
	at org.springframework.data.redis.connection.lettuce.LettuceConnectionFactory.doInLock(LettuceConnectionFactory.java:1537)
	at org.springframework.data.redis.connection.lettuce.LettuceConnectionFactory$SharedConnection.getConnection(LettuceConnectionFactory.java:1573)
	at org.springframework.data.redis.connection.lettuce.LettuceConnectionFactory.getSharedReactiveConnection(LettuceConnectionFactory.java:1281)
	at org.springframework.data.redis.connection.lettuce.LettuceConnectionFactory.getReactiveConnection(LettuceConnectionFactory.java:1151)
	at org.springframework.data.redis.connection.lettuce.LettuceConnectionFactory.getReactiveConnection(LettuceConnectionFactory.java:120)
	at reactor.core.publisher.MonoSupplier$MonoSupplierSubscription.request(MonoSupplier.java:123)
	at reactor.core.publisher.FluxUsingWhen$ResourceSubscriber.onSubscribe(FluxUsingWhen.java:244)
	at io.opentelemetry.javaagent.shaded.instrumentation.reactor.v3_1.TracingSubscriber.onSubscribe(TracingSubscriber.java:65)
	at reactor.core.publisher.MonoSupplier.subscribe(MonoSupplier.java:47)
	at reactor.core.publisher.Mono.subscribe(Mono.java:4569)
	at reactor.core.publisher.FluxUsingWhen.subscribe(FluxUsingWhen.java:105)
	at reactor.core.publisher.Mono.subscribe(Mono.java:4569)
	at reactor.core.publisher.FluxFlatMap.trySubscribeScalarMap(FluxFlatMap.java:202)
	at reactor.core.publisher.MonoFlatMap.subscribeOrReturn(MonoFlatMap.java:53)
	at reactor.core.publisher.InternalMonoOperator.subscribe(InternalMonoOperator.java:62)
	at reactor.core.publisher.MonoDefer.subscribe(MonoDefer.java:54)
	at reactor.core.publisher.InternalMonoOperator.subscribe(InternalMonoOperator.java:75)
	at reactor.core.publisher.MonoDefer.subscribe(MonoDefer.java:54)
	at reactor.core.publisher.InternalMonoOperator.subscribe(InternalMonoOperator.java:75)
	at reactor.core.publisher.MonoDefer.subscribe(MonoDefer.java:54)
	at reactor.core.publisher.InternalMonoOperator.subscribe(InternalMonoOperator.java:75)
	at reactor.core.publisher.MonoDefer.subscribe(MonoDefer.java:54)
	at reactor.core.publisher.InternalMonoOperator.subscribe(InternalMonoOperator.java:75)
	at reactor.core.publisher.MonoDefer.subscribe(MonoDefer.java:54)
	at reactor.core.publisher.Mono.subscribe(Mono.java:4569)
	at reactor.core.publisher.MonoIgnoreThen$ThenIgnoreMain.subscribeNext(MonoIgnoreThen.java:268)
	at reactor.core.publisher.MonoIgnoreThen.subscribe(MonoIgnoreThen.java:51)
	at reactor.core.publisher.InternalMonoOperator.subscribe(InternalMonoOperator.java:75)
	at reactor.core.publisher.MonoDefer.subscribe(MonoDefer.java:54)
	at reactor.core.publisher.InternalMonoOperator.subscribe(InternalMonoOperator.java:75)
	at reactor.core.publisher.MonoFlatMap$FlatMapMain.onNext(MonoFlatMap.java:165)
	at io.opentelemetry.javaagent.shaded.instrumentation.reactor.v3_1.TracingSubscriber.onNext(TracingSubscriber.java:72)
	at reactor.core.publisher.FluxSwitchIfEmpty$SwitchIfEmptySubscriber.onNext(FluxSwitchIfEmpty.java:75)
	at io.opentelemetry.javaagent.shaded.instrumentation.reactor.v3_1.TracingSubscriber.onNext(TracingSubscriber.java:72)
	at reactor.core.publisher.FluxMap$MapSubscriber.onNext(FluxMap.java:122)
	at io.opentelemetry.javaagent.shaded.instrumentation.reactor.v3_1.TracingSubscriber.onNext(TracingSubscriber.java:72)
	at reactor.core.publisher.Operators$BaseFluxToMonoOperator.completePossiblyEmpty(Operators.java:2093)
	at reactor.core.publisher.FluxDefaultIfEmpty$DefaultIfEmptySubscriber.onComplete(FluxDefaultIfEmpty.java:134)
	at io.opentelemetry.javaagent.shaded.instrumentation.reactor.v3_1.TracingSubscriber.onComplete(TracingSubscriber.java:96)
	at reactor.core.publisher.FluxHide$SuppressFuseableSubscriber.onComplete(FluxHide.java:147)
	at reactor.core.publisher.FluxContextWrite$ContextWriteSubscriber.onComplete(FluxContextWrite.java:128)
	at io.opentelemetry.javaagent.shaded.instrumentation.reactor.v3_1.TracingSubscriber.onComplete(TracingSubscriber.java:96)
	at reactor.core.publisher.FluxHide$SuppressFuseableSubscriber.onComplete(FluxHide.java:147)
	at reactor.core.publisher.FluxMapFuseable$MapFuseableSubscriber.onComplete(FluxMapFuseable.java:153)
	at io.opentelemetry.javaagent.shaded.instrumentation.reactor.v3_1.TracingSubscriber.onComplete(TracingSubscriber.java:96)
	at reactor.core.publisher.FluxHide$SuppressFuseableSubscriber.onComplete(FluxHide.java:147)
	at reactor.core.publisher.FluxFilterFuseable$FilterFuseableSubscriber.onComplete(FluxFilterFuseable.java:172)
	at io.opentelemetry.javaagent.shaded.instrumentation.reactor.v3_1.TracingSubscriber.onComplete(TracingSubscriber.java:96)
	at reactor.core.publisher.FluxHide$SuppressFuseableSubscriber.onComplete(FluxHide.java:147)
	at reactor.core.publisher.Operators$BaseFluxToMonoOperator.completePossiblyEmpty(Operators.java:2094)
	at reactor.core.publisher.MonoCollect$CollectSubscriber.onComplete(MonoCollect.java:144)
	at io.opentelemetry.javaagent.shaded.instrumentation.reactor.v3_1.TracingSubscriber.onComplete(TracingSubscriber.java:96)
	at reactor.core.publisher.FluxMap$MapSubscriber.onComplete(FluxMap.java:144)
	at io.opentelemetry.javaagent.shaded.instrumentation.reactor.v3_1.TracingSubscriber.onComplete(TracingSubscriber.java:96)
	at reactor.core.publisher.FluxPeek$PeekSubscriber.onComplete(FluxPeek.java:263)
	at io.opentelemetry.javaagent.shaded.instrumentation.reactor.v3_1.TracingSubscriber.onComplete(TracingSubscriber.java:96)
	at reactor.core.publisher.FluxMap$MapSubscriber.onComplete(FluxMap.java:144)
	at reactor.netty.channel.FluxReceive.onInboundComplete(FluxReceive.java:419)
	at reactor.netty.channel.ChannelOperations.onInboundComplete(ChannelOperations.java:467)
	at reactor.netty.http.server.HttpServerOperations.handleLastHttpContent(HttpServerOperations.java:911)
	at reactor.netty.http.server.HttpServerOperations.onInboundNext(HttpServerOperations.java:810)
	at reactor.netty.channel.ChannelOperationsHandler.channelRead(ChannelOperationsHandler.java:115)
	at io.netty.channel.AbstractChannelHandlerContext.fireChannelRead(AbstractChannelHandlerContext.java:357)
	at reactor.netty.http.server.HttpTrafficHandler.channelRead(HttpTrafficHandler.java:332)
	at io.netty.channel.AbstractChannelHandlerContext.fireChannelRead(AbstractChannelHandlerContext.java:355)
	at io.netty.channel.CombinedChannelDuplexHandler$DelegatingChannelHandlerContext.fireChannelRead(CombinedChannelDuplexHandler.java:434)
	at io.netty.channel.ChannelInboundHandlerAdapter.channelRead(ChannelInboundHandlerAdapter.java:93)
	at io.opentelemetry.javaagent.shaded.instrumentation.netty.v4_1.internal.server.HttpServerRequestTracingHandler.channelRead(HttpServerRequestTracingHandler.java:44)
	at io.netty.channel.CombinedChannelDuplexHandler.channelRead(CombinedChannelDuplexHandler.java:249)
	at io.netty.channel.AbstractChannelHandlerContext.fireChannelRead(AbstractChannelHandlerContext.java:355)
	at io.netty.channel.CombinedChannelDuplexHandler$DelegatingChannelHandlerContext.fireChannelRead(CombinedChannelDuplexHandler.java:434)
	at io.netty.handler.codec.ByteToMessageDecoder.fireChannelRead(ByteToMessageDecoder.java:361)
	at io.netty.handler.codec.ByteToMessageDecoder.channelRead(ByteToMessageDecoder.java:325)
	at io.netty.channel.CombinedChannelDuplexHandler.channelRead(CombinedChannelDuplexHandler.java:249)
	at io.netty.channel.AbstractChannelHandlerContext.fireChannelRead(AbstractChannelHandlerContext.java:355)
	at io.netty.channel.DefaultChannelPipeline$HeadContext.channelRead(DefaultChannelPipeline.java:1429)
	at io.netty.channel.DefaultChannelPipeline.fireChannelRead(DefaultChannelPipeline.java:918)
	at io.netty.channel.nio.AbstractNioByteChannel$NioByteUnsafe.read(AbstractNioByteChannel.java:176)
	at io.netty.channel.nio.AbstractNioChannel$AbstractNioUnsafe.handle(AbstractNioChannel.java:445)
	at io.netty.channel.nio.NioIoHandler$DefaultNioRegistration.handle(NioIoHandler.java:388)
	at io.netty.channel.nio.NioIoHandler.processSelectedKey(NioIoHandler.java:596)
	at io.netty.channel.nio.NioIoHandler.processSelectedKeysPlain(NioIoHandler.java:541)
	at io.netty.channel.nio.NioIoHandler.processSelectedKeys(NioIoHandler.java:514)
	at io.netty.channel.nio.NioIoHandler.run(NioIoHandler.java:484)
	at io.netty.channel.SingleThreadIoEventLoop.runIo(SingleThreadIoEventLoop.java:225)
	at io.netty.channel.SingleThreadIoEventLoop.run(SingleThreadIoEventLoop.java:196)
	at io.netty.util.concurrent.SingleThreadEventExecutor$5.run(SingleThreadEventExecutor.java:1195)
	at io.netty.util.internal.ThreadExecutorMap$2.run(ThreadExecutorMap.java:74)
	at io.netty.util.concurrent.FastThreadLocalRunnable.run(FastThreadLocalRunnable.java:30)
	at java.base/java.lang.Thread.run(Thread.java:1474)
Caused by: io.lettuce.core.RedisConnectionException: Unable to connect to localhost/<unresolved>:6379
	at io.lettuce.core.RedisConnectionException.create(RedisConnectionException.java:63)
	at io.lettuce.core.RedisConnectionException.create(RedisConnectionException.java:41)
	at io.lettuce.core.AbstractRedisClient.getConnection(AbstractRedisClient.java:352)
	at io.lettuce.core.RedisClient.connect(RedisClient.java:220)
	at org.springframework.data.redis.connection.lettuce.StandaloneConnectionProvider.lambda$getConnection$1(StandaloneConnectionProvider.java:113)
	at java.base/java.util.Optional.orElseGet(Optional.java:364)
	at org.springframework.data.redis.connection.lettuce.StandaloneConnectionProvider.getConnection(StandaloneConnectionProvider.java:113)
	at org.springframework.data.redis.connection.lettuce.LettuceConnectionFactory$ExceptionTranslatingConnectionProvider.getConnection(LettuceConnectionFactory.java:1797)
	... 92 common frames omitted
Caused by: io.netty.channel.AbstractChannel$AnnotatedConnectException: Connection refused: getsockopt: localhost/127.0.0.1:6379
Caused by: java.net.ConnectException: Connection refused: getsockopt
	at java.base/sun.nio.ch.Net.pollConnect(Native Method)
	at java.base/sun.nio.ch.Net.pollConnectNow(Net.java:639)
	at java.base/sun.nio.ch.SocketChannelImpl.finishConnect(SocketChannelImpl.java:1046)
	at io.netty.channel.socket.nio.NioSocketChannel.doFinishConnect(NioSocketChannel.java:330)
	at io.netty.channel.nio.AbstractNioChannel$AbstractNioUnsafe.finishConnect(AbstractNioChannel.java:384)
	at io.netty.channel.nio.AbstractNioChannel$AbstractNioUnsafe.handle(AbstractNioChannel.java:432)
	at io.netty.channel.nio.NioIoHandler$DefaultNioRegistration.handle(NioIoHandler.java:388)
	at io.netty.channel.nio.NioIoHandler.processSelectedKey(NioIoHandler.java:596)
	at io.netty.channel.nio.NioIoHandler.processSelectedKeysPlain(NioIoHandler.java:541)
	at io.netty.channel.nio.NioIoHandler.processSelectedKeys(NioIoHandler.java:514)
	at io.netty.channel.nio.NioIoHandler.run(NioIoHandler.java:484)
	at io.netty.channel.SingleThreadIoEventLoop.runIo(SingleThreadIoEventLoop.java:225)
	at io.netty.channel.SingleThreadIoEventLoop.run(SingleThreadIoEventLoop.java:196)
	at io.netty.util.concurrent.SingleThreadEventExecutor$5.run(SingleThreadEventExecutor.java:1195)
	at io.netty.util.internal.ThreadExecutorMap$2.run(ThreadExecutorMap.java:74)
	at io.netty.util.concurrent.FastThreadLocalRunnable.run(FastThreadLocalRunnable.java:30)
	at java.base/java.lang.Thread.run(Thread.java:1474)
2026-10-01 19:36:50 INFO  [reactor-http-nio-14] traceId=6bfdf9e081e19478d0c5d92749c754cb spanId=c216761c51290f4c c.s.e.a.filter.AuthenticationFilter : path  /users/api/users
2026-10-01 19:36:50 INFO  [reactor-http-nio-14] traceId=6bfdf9e081e19478d0c5d92749c754cb spanId=c216761c51290f4c c.s.e.a.filter.AuthenticationFilter : method  POST
2026-10-01 19:36:51 INFO  [reactor-http-nio-15] traceId=62633bdbf628ed14a4b3fd7a8571a533 spanId=d19de27ba4e91242 c.s.e.a.filter.AuthenticationFilter : path  /users/api/users/login
2026-10-01 19:36:51 INFO  [reactor-http-nio-15] traceId=62633bdbf628ed14a4b3fd7a8571a533 spanId=d19de27ba4e91242 c.s.e.a.filter.AuthenticationFilter : method  POST
2026-10-01 19:36:53 INFO  [reactor-http-nio-17] traceId=f7168243fad90dc8bbce3d4ffbc5ae40 spanId=db7c114d3c439f62 c.s.e.a.filter.AuthenticationFilter : path  /products/api/categories
2026-10-01 19:36:53 INFO  [reactor-http-nio-17] traceId=f7168243fad90dc8bbce3d4ffbc5ae40 spanId=db7c114d3c439f62 c.s.e.a.filter.AuthenticationFilter : method  GET
2026-10-01 19:36:53 INFO  [reactor-http-nio-16] traceId=da4201d11033d7848a02051dd1dbe80e spanId=32109349a88ec35d c.s.e.a.filter.AuthenticationFilter : path  /products/api/products/filter
2026-10-01 19:36:53 INFO  [reactor-http-nio-16] traceId=da4201d11033d7848a02051dd1dbe80e spanId=32109349a88ec35d c.s.e.a.filter.AuthenticationFilter : method  GET
2026-10-01 19:36:53 ERROR [reactor-http-nio-17] traceId=f7168243fad90dc8bbce3d4ffbc5ae40 spanId=db7c114d3c439f62 o.s.c.g.f.ratelimit.RedisRateLimiter : Error calling rate limiter lua
org.springframework.data.redis.RedisConnectionFailureException: Unable to connect to Redis
	at org.springframework.data.redis.connection.lettuce.LettuceConnectionFactory$ExceptionTranslatingConnectionProvider.translateException(LettuceConnectionFactory.java:1868)
	at org.springframework.data.redis.connection.lettuce.LettuceConnectionFactory$ExceptionTranslatingConnectionProvider.getConnection(LettuceConnectionFactory.java:1799)
	at org.springframework.data.redis.connection.lettuce.LettuceConnectionFactory$SharedConnection.getNativeConnection(LettuceConnectionFactory.java:1596)
	at org.springframework.data.redis.connection.lettuce.LettuceConnectionFactory$SharedConnection.lambda$getConnection$0(LettuceConnectionFactory.java:1576)
	at org.springframework.data.redis.connection.lettuce.LettuceConnectionFactory.doInLock(LettuceConnectionFactory.java:1537)
	at org.springframework.data.redis.connection.lettuce.LettuceConnectionFactory$SharedConnection.getConnection(LettuceConnectionFactory.java:1573)
	at org.springframework.data.redis.connection.lettuce.LettuceConnectionFactory.getSharedReactiveConnection(LettuceConnectionFactory.java:1281)
	at org.springframework.data.redis.connection.lettuce.LettuceConnectionFactory.getReactiveConnection(LettuceConnectionFactory.java:1151)
	at org.springframework.data.redis.connection.lettuce.LettuceConnectionFactory.getReactiveConnection(LettuceConnectionFactory.java:120)
	at reactor.core.publisher.MonoSupplier$MonoSupplierSubscription.request(MonoSupplier.java:123)
	at reactor.core.publisher.FluxUsingWhen$ResourceSubscriber.onSubscribe(FluxUsingWhen.java:244)
	at io.opentelemetry.javaagent.shaded.instrumentation.reactor.v3_1.TracingSubscriber.onSubscribe(TracingSubscriber.java:65)
	at reactor.core.publisher.MonoSupplier.subscribe(MonoSupplier.java:47)
	at reactor.core.publisher.Mono.subscribe(Mono.java:4569)
	at reactor.core.publisher.FluxUsingWhen.subscribe(FluxUsingWhen.java:105)
	at reactor.core.publisher.Mono.subscribe(Mono.java:4569)
	at reactor.core.publisher.FluxFlatMap.trySubscribeScalarMap(FluxFlatMap.java:202)
	at reactor.core.publisher.MonoFlatMap.subscribeOrReturn(MonoFlatMap.java:53)
	at reactor.core.publisher.InternalMonoOperator.subscribe(InternalMonoOperator.java:62)
	at reactor.core.publisher.MonoDefer.subscribe(MonoDefer.java:54)
	at reactor.core.publisher.InternalMonoOperator.subscribe(InternalMonoOperator.java:75)
	at reactor.core.publisher.MonoDefer.subscribe(MonoDefer.java:54)
	at reactor.core.publisher.InternalMonoOperator.subscribe(InternalMonoOperator.java:75)
	at reactor.core.publisher.MonoDefer.subscribe(MonoDefer.java:54)
	at reactor.core.publisher.InternalMonoOperator.subscribe(InternalMonoOperator.java:75)
	at reactor.core.publisher.MonoDefer.subscribe(MonoDefer.java:54)
	at reactor.core.publisher.InternalMonoOperator.subscribe(InternalMonoOperator.java:75)
	at reactor.core.publisher.MonoDefer.subscribe(MonoDefer.java:54)
	at reactor.core.publisher.Mono.subscribe(Mono.java:4569)
	at reactor.core.publisher.MonoIgnoreThen$ThenIgnoreMain.subscribeNext(MonoIgnoreThen.java:268)
	at reactor.core.publisher.MonoIgnoreThen.subscribe(MonoIgnoreThen.java:51)
	at reactor.core.publisher.InternalMonoOperator.subscribe(InternalMonoOperator.java:75)
	at reactor.core.publisher.MonoDefer.subscribe(MonoDefer.java:54)
	at reactor.core.publisher.InternalMonoOperator.subscribe(InternalMonoOperator.java:75)
	at reactor.core.publisher.MonoFlatMap$FlatMapMain.onNext(MonoFlatMap.java:165)
	at io.opentelemetry.javaagent.shaded.instrumentation.reactor.v3_1.TracingSubscriber.onNext(TracingSubscriber.java:72)
	at reactor.core.publisher.FluxSwitchIfEmpty$SwitchIfEmptySubscriber.onNext(FluxSwitchIfEmpty.java:75)
	at io.opentelemetry.javaagent.shaded.instrumentation.reactor.v3_1.TracingSubscriber.onNext(TracingSubscriber.java:72)
	at reactor.core.publisher.FluxMap$MapSubscriber.onNext(FluxMap.java:122)
	at io.opentelemetry.javaagent.shaded.instrumentation.reactor.v3_1.TracingSubscriber.onNext(TracingSubscriber.java:72)
	at reactor.core.publisher.Operators$BaseFluxToMonoOperator.completePossiblyEmpty(Operators.java:2093)
	at reactor.core.publisher.FluxDefaultIfEmpty$DefaultIfEmptySubscriber.onComplete(FluxDefaultIfEmpty.java:134)
	at io.opentelemetry.javaagent.shaded.instrumentation.reactor.v3_1.TracingSubscriber.onComplete(TracingSubscriber.java:96)
	at reactor.core.publisher.FluxHide$SuppressFuseableSubscriber.onComplete(FluxHide.java:147)
	at reactor.core.publisher.FluxContextWrite$ContextWriteSubscriber.onComplete(FluxContextWrite.java:128)
	at io.opentelemetry.javaagent.shaded.instrumentation.reactor.v3_1.TracingSubscriber.onComplete(TracingSubscriber.java:96)
	at reactor.core.publisher.FluxHide$SuppressFuseableSubscriber.onComplete(FluxHide.java:147)
	at reactor.core.publisher.FluxMapFuseable$MapFuseableSubscriber.onComplete(FluxMapFuseable.java:153)
	at io.opentelemetry.javaagent.shaded.instrumentation.reactor.v3_1.TracingSubscriber.onComplete(TracingSubscriber.java:96)
	at reactor.core.publisher.FluxHide$SuppressFuseableSubscriber.onComplete(FluxHide.java:147)
	at reactor.core.publisher.FluxFilterFuseable$FilterFuseableSubscriber.onComplete(FluxFilterFuseable.java:172)
	at io.opentelemetry.javaagent.shaded.instrumentation.reactor.v3_1.TracingSubscriber.onComplete(TracingSubscriber.java:96)
	at reactor.core.publisher.FluxHide$SuppressFuseableSubscriber.onComplete(FluxHide.java:147)
	at reactor.core.publisher.Operators$BaseFluxToMonoOperator.completePossiblyEmpty(Operators.java:2094)
	at reactor.core.publisher.MonoCollect$CollectSubscriber.onComplete(MonoCollect.java:144)
	at io.opentelemetry.javaagent.shaded.instrumentation.reactor.v3_1.TracingSubscriber.onComplete(TracingSubscriber.java:96)
	at reactor.core.publisher.FluxMap$MapSubscriber.onComplete(FluxMap.java:144)
	at io.opentelemetry.javaagent.shaded.instrumentation.reactor.v3_1.TracingSubscriber.onComplete(TracingSubscriber.java:96)
	at reactor.core.publisher.FluxPeek$PeekSubscriber.onComplete(FluxPeek.java:263)
	at io.opentelemetry.javaagent.shaded.instrumentation.reactor.v3_1.TracingSubscriber.onComplete(TracingSubscriber.java:96)
	at reactor.core.publisher.FluxMap$MapSubscriber.onComplete(FluxMap.java:144)
	at reactor.netty.channel.FluxReceive.onInboundComplete(FluxReceive.java:419)
	at reactor.netty.channel.ChannelOperations.onInboundComplete(ChannelOperations.java:467)
	at reactor.netty.http.server.HttpServerOperations.handleLastHttpContent(HttpServerOperations.java:911)
	at reactor.netty.http.server.HttpServerOperations.onInboundNext(HttpServerOperations.java:810)
	at reactor.netty.channel.ChannelOperationsHandler.channelRead(ChannelOperationsHandler.java:115)
	at io.netty.channel.AbstractChannelHandlerContext.fireChannelRead(AbstractChannelHandlerContext.java:357)
	at reactor.netty.http.server.HttpTrafficHandler.channelRead(HttpTrafficHandler.java:332)
	at io.netty.channel.AbstractChannelHandlerContext.fireChannelRead(AbstractChannelHandlerContext.java:355)
	at io.netty.channel.CombinedChannelDuplexHandler$DelegatingChannelHandlerContext.fireChannelRead(CombinedChannelDuplexHandler.java:434)
	at io.netty.channel.ChannelInboundHandlerAdapter.channelRead(ChannelInboundHandlerAdapter.java:93)
	at io.opentelemetry.javaagent.shaded.instrumentation.netty.v4_1.internal.server.HttpServerRequestTracingHandler.channelRead(HttpServerRequestTracingHandler.java:44)
	at io.netty.channel.CombinedChannelDuplexHandler.channelRead(CombinedChannelDuplexHandler.java:249)
	at io.netty.channel.AbstractChannelHandlerContext.fireChannelRead(AbstractChannelHandlerContext.java:355)
	at io.netty.channel.CombinedChannelDuplexHandler$DelegatingChannelHandlerContext.fireChannelRead(CombinedChannelDuplexHandler.java:434)
	at io.netty.handler.codec.ByteToMessageDecoder.fireChannelRead(ByteToMessageDecoder.java:361)
	at io.netty.handler.codec.ByteToMessageDecoder.channelRead(ByteToMessageDecoder.java:325)
	at io.netty.channel.CombinedChannelDuplexHandler.channelRead(CombinedChannelDuplexHandler.java:249)
	at io.netty.channel.AbstractChannelHandlerContext.fireChannelRead(AbstractChannelHandlerContext.java:355)
	at io.netty.channel.DefaultChannelPipeline$HeadContext.channelRead(DefaultChannelPipeline.java:1429)
	at io.netty.channel.DefaultChannelPipeline.fireChannelRead(DefaultChannelPipeline.java:918)
	at io.netty.channel.nio.AbstractNioByteChannel$NioByteUnsafe.read(AbstractNioByteChannel.java:176)
	at io.netty.channel.nio.AbstractNioChannel$AbstractNioUnsafe.handle(AbstractNioChannel.java:445)
	at io.netty.channel.nio.NioIoHandler$DefaultNioRegistration.handle(NioIoHandler.java:388)
	at io.netty.channel.nio.NioIoHandler.processSelectedKey(NioIoHandler.java:596)
	at io.netty.channel.nio.NioIoHandler.processSelectedKeysPlain(NioIoHandler.java:541)
	at io.netty.channel.nio.NioIoHandler.processSelectedKeys(NioIoHandler.java:514)
	at io.netty.channel.nio.NioIoHandler.run(NioIoHandler.java:484)
	at io.netty.channel.SingleThreadIoEventLoop.runIo(SingleThreadIoEventLoop.java:225)
	at io.netty.channel.SingleThreadIoEventLoop.run(SingleThreadIoEventLoop.java:196)
	at io.netty.util.concurrent.SingleThreadEventExecutor$5.run(SingleThreadEventExecutor.java:1195)
	at io.netty.util.internal.ThreadExecutorMap$2.run(ThreadExecutorMap.java:74)
	at io.netty.util.concurrent.FastThreadLocalRunnable.run(FastThreadLocalRunnable.java:30)
	at java.base/java.lang.Thread.run(Thread.java:1474)
Caused by: io.lettuce.core.RedisConnectionException: Unable to connect to localhost/<unresolved>:6379
	at io.lettuce.core.RedisConnectionException.create(RedisConnectionException.java:63)
	at io.lettuce.core.RedisConnectionException.create(RedisConnectionException.java:41)
	at io.lettuce.core.AbstractRedisClient.getConnection(AbstractRedisClient.java:352)
	at io.lettuce.core.RedisClient.connect(RedisClient.java:220)
	at org.springframework.data.redis.connection.lettuce.StandaloneConnectionProvider.lambda$getConnection$1(StandaloneConnectionProvider.java:113)
	at java.base/java.util.Optional.orElseGet(Optional.java:364)
	at org.springframework.data.redis.connection.lettuce.StandaloneConnectionProvider.getConnection(StandaloneConnectionProvider.java:113)
	at org.springframework.data.redis.connection.lettuce.LettuceConnectionFactory$ExceptionTranslatingConnectionProvider.getConnection(LettuceConnectionFactory.java:1797)
	... 92 common frames omitted
Caused by: io.netty.channel.AbstractChannel$AnnotatedConnectException: Connection refused: getsockopt: localhost/127.0.0.1:6379
Caused by: java.net.ConnectException: Connection refused: getsockopt
	at java.base/sun.nio.ch.Net.pollConnect(Native Method)
	at java.base/sun.nio.ch.Net.pollConnectNow(Net.java:639)
	at java.base/sun.nio.ch.SocketChannelImpl.finishConnect(SocketChannelImpl.java:1046)
	at io.netty.channel.socket.nio.NioSocketChannel.doFinishConnect(NioSocketChannel.java:330)
	at io.netty.channel.nio.AbstractNioChannel$AbstractNioUnsafe.finishConnect(AbstractNioChannel.java:384)
	at io.netty.channel.nio.AbstractNioChannel$AbstractNioUnsafe.handle(AbstractNioChannel.java:432)
	at io.netty.channel.nio.NioIoHandler$DefaultNioRegistration.handle(NioIoHandler.java:388)
	at io.netty.channel.nio.NioIoHandler.processSelectedKey(NioIoHandler.java:596)
	at io.netty.channel.nio.NioIoHandler.processSelectedKeysPlain(NioIoHandler.java:541)
	at io.netty.channel.nio.NioIoHandler.processSelectedKeys(NioIoHandler.java:514)
	at io.netty.channel.nio.NioIoHandler.run(NioIoHandler.java:484)
	at io.netty.channel.SingleThreadIoEventLoop.runIo(SingleThreadIoEventLoop.java:225)
	at io.netty.channel.SingleThreadIoEventLoop.run(SingleThreadIoEventLoop.java:196)
	at io.netty.util.concurrent.SingleThreadEventExecutor$5.run(SingleThreadEventExecutor.java:1195)
	at io.netty.util.internal.ThreadExecutorMap$2.run(ThreadExecutorMap.java:74)
	at io.netty.util.concurrent.FastThreadLocalRunnable.run(FastThreadLocalRunnable.java:30)
	at java.base/java.lang.Thread.run(Thread.java:1474)
2026-10-01 19:36:53 ERROR [reactor-http-nio-16] traceId=da4201d11033d7848a02051dd1dbe80e spanId=32109349a88ec35d o.s.c.g.f.ratelimit.RedisRateLimiter : Error calling rate limiter lua
org.springframework.data.redis.RedisConnectionFailureException: Unable to connect to Redis
	at org.springframework.data.redis.connection.lettuce.LettuceConnectionFactory$ExceptionTranslatingConnectionProvider.translateException(LettuceConnectionFactory.java:1868)
	at org.springframework.data.redis.connection.lettuce.LettuceConnectionFactory$ExceptionTranslatingConnectionProvider.getConnection(LettuceConnectionFactory.java:1799)
	at org.springframework.data.redis.connection.lettuce.LettuceConnectionFactory$SharedConnection.getNativeConnection(LettuceConnectionFactory.java:1596)
	at org.springframework.data.redis.connection.lettuce.LettuceConnectionFactory$SharedConnection.lambda$getConnection$0(LettuceConnectionFactory.java:1576)
	at org.springframework.data.redis.connection.lettuce.LettuceConnectionFactory.doInLock(LettuceConnectionFactory.java:1537)
	at org.springframework.data.redis.connection.lettuce.LettuceConnectionFactory$SharedConnection.getConnection(LettuceConnectionFactory.java:1573)
	at org.springframework.data.redis.connection.lettuce.LettuceConnectionFactory.getSharedReactiveConnection(LettuceConnectionFactory.java:1281)
	at org.springframework.data.redis.connection.lettuce.LettuceConnectionFactory.getReactiveConnection(LettuceConnectionFactory.java:1151)
	at org.springframework.data.redis.connection.lettuce.LettuceConnectionFactory.getReactiveConnection(LettuceConnectionFactory.java:120)
	at reactor.core.publisher.MonoSupplier$MonoSupplierSubscription.request(MonoSupplier.java:123)
	at reactor.core.publisher.FluxUsingWhen$ResourceSubscriber.onSubscribe(FluxUsingWhen.java:244)
	at io.opentelemetry.javaagent.shaded.instrumentation.reactor.v3_1.TracingSubscriber.onSubscribe(TracingSubscriber.java:65)
	at reactor.core.publisher.MonoSupplier.subscribe(MonoSupplier.java:47)
	at reactor.core.publisher.Mono.subscribe(Mono.java:4569)
	at reactor.core.publisher.FluxUsingWhen.subscribe(FluxUsingWhen.java:105)
	at reactor.core.publisher.Mono.subscribe(Mono.java:4569)
	at reactor.core.publisher.FluxFlatMap.trySubscribeScalarMap(FluxFlatMap.java:202)
	at reactor.core.publisher.MonoFlatMap.subscribeOrReturn(MonoFlatMap.java:53)
	at reactor.core.publisher.InternalMonoOperator.subscribe(InternalMonoOperator.java:62)
	at reactor.core.publisher.MonoDefer.subscribe(MonoDefer.java:54)
	at reactor.core.publisher.InternalMonoOperator.subscribe(InternalMonoOperator.java:75)
	at reactor.core.publisher.MonoDefer.subscribe(MonoDefer.java:54)
	at reactor.core.publisher.InternalMonoOperator.subscribe(InternalMonoOperator.java:75)
	at reactor.core.publisher.MonoDefer.subscribe(MonoDefer.java:54)
	at reactor.core.publisher.InternalMonoOperator.subscribe(InternalMonoOperator.java:75)
	at reactor.core.publisher.MonoDefer.subscribe(MonoDefer.java:54)
	at reactor.core.publisher.InternalMonoOperator.subscribe(InternalMonoOperator.java:75)
	at reactor.core.publisher.MonoDefer.subscribe(MonoDefer.java:54)
	at reactor.core.publisher.Mono.subscribe(Mono.java:4569)
	at reactor.core.publisher.MonoIgnoreThen$ThenIgnoreMain.subscribeNext(MonoIgnoreThen.java:268)
	at reactor.core.publisher.MonoIgnoreThen.subscribe(MonoIgnoreThen.java:51)
	at reactor.core.publisher.InternalMonoOperator.subscribe(InternalMonoOperator.java:75)
	at reactor.core.publisher.MonoDefer.subscribe(MonoDefer.java:54)
	at reactor.core.publisher.InternalMonoOperator.subscribe(InternalMonoOperator.java:75)
	at reactor.core.publisher.MonoFlatMap$FlatMapMain.onNext(MonoFlatMap.java:165)
	at io.opentelemetry.javaagent.shaded.instrumentation.reactor.v3_1.TracingSubscriber.onNext(TracingSubscriber.java:72)
	at reactor.core.publisher.FluxSwitchIfEmpty$SwitchIfEmptySubscriber.onNext(FluxSwitchIfEmpty.java:75)
	at io.opentelemetry.javaagent.shaded.instrumentation.reactor.v3_1.TracingSubscriber.onNext(TracingSubscriber.java:72)
	at reactor.core.publisher.FluxMap$MapSubscriber.onNext(FluxMap.java:122)
	at io.opentelemetry.javaagent.shaded.instrumentation.reactor.v3_1.TracingSubscriber.onNext(TracingSubscriber.java:72)
	at reactor.core.publisher.Operators$BaseFluxToMonoOperator.completePossiblyEmpty(Operators.java:2093)
	at reactor.core.publisher.FluxDefaultIfEmpty$DefaultIfEmptySubscriber.onComplete(FluxDefaultIfEmpty.java:134)
	at io.opentelemetry.javaagent.shaded.instrumentation.reactor.v3_1.TracingSubscriber.onComplete(TracingSubscriber.java:96)
	at reactor.core.publisher.FluxHide$SuppressFuseableSubscriber.onComplete(FluxHide.java:147)
	at reactor.core.publisher.FluxContextWrite$ContextWriteSubscriber.onComplete(FluxContextWrite.java:128)
	at io.opentelemetry.javaagent.shaded.instrumentation.reactor.v3_1.TracingSubscriber.onComplete(TracingSubscriber.java:96)
	at reactor.core.publisher.FluxHide$SuppressFuseableSubscriber.onComplete(FluxHide.java:147)
	at reactor.core.publisher.FluxMapFuseable$MapFuseableSubscriber.onComplete(FluxMapFuseable.java:153)
	at io.opentelemetry.javaagent.shaded.instrumentation.reactor.v3_1.TracingSubscriber.onComplete(TracingSubscriber.java:96)
	at reactor.core.publisher.FluxHide$SuppressFuseableSubscriber.onComplete(FluxHide.java:147)
	at reactor.core.publisher.FluxFilterFuseable$FilterFuseableSubscriber.onComplete(FluxFilterFuseable.java:172)
	at io.opentelemetry.javaagent.shaded.instrumentation.reactor.v3_1.TracingSubscriber.onComplete(TracingSubscriber.java:96)
	at reactor.core.publisher.FluxHide$SuppressFuseableSubscriber.onComplete(FluxHide.java:147)
	at reactor.core.publisher.Operators$BaseFluxToMonoOperator.completePossiblyEmpty(Operators.java:2094)
	at reactor.core.publisher.MonoCollect$CollectSubscriber.onComplete(MonoCollect.java:144)
	at io.opentelemetry.javaagent.shaded.instrumentation.reactor.v3_1.TracingSubscriber.onComplete(TracingSubscriber.java:96)
	at reactor.core.publisher.FluxMap$MapSubscriber.onComplete(FluxMap.java:144)
	at io.opentelemetry.javaagent.shaded.instrumentation.reactor.v3_1.TracingSubscriber.onComplete(TracingSubscriber.java:96)
	at reactor.core.publisher.FluxPeek$PeekSubscriber.onComplete(FluxPeek.java:263)
	at io.opentelemetry.javaagent.shaded.instrumentation.reactor.v3_1.TracingSubscriber.onComplete(TracingSubscriber.java:96)
	at reactor.core.publisher.FluxMap$MapSubscriber.onComplete(FluxMap.java:144)
	at reactor.netty.channel.FluxReceive.onInboundComplete(FluxReceive.java:419)
	at reactor.netty.channel.ChannelOperations.onInboundComplete(ChannelOperations.java:467)
	at reactor.netty.http.server.HttpServerOperations.handleLastHttpContent(HttpServerOperations.java:911)
	at reactor.netty.http.server.HttpServerOperations.onInboundNext(HttpServerOperations.java:810)
	at reactor.netty.channel.ChannelOperationsHandler.channelRead(ChannelOperationsHandler.java:115)
	at io.netty.channel.AbstractChannelHandlerContext.fireChannelRead(AbstractChannelHandlerContext.java:357)
	at reactor.netty.http.server.HttpTrafficHandler.channelRead(HttpTrafficHandler.java:332)
	at io.netty.channel.AbstractChannelHandlerContext.fireChannelRead(AbstractChannelHandlerContext.java:355)
	at io.netty.channel.CombinedChannelDuplexHandler$DelegatingChannelHandlerContext.fireChannelRead(CombinedChannelDuplexHandler.java:434)
	at io.netty.channel.ChannelInboundHandlerAdapter.channelRead(ChannelInboundHandlerAdapter.java:93)
	at io.opentelemetry.javaagent.shaded.instrumentation.netty.v4_1.internal.server.HttpServerRequestTracingHandler.channelRead(HttpServerRequestTracingHandler.java:44)
	at io.netty.channel.CombinedChannelDuplexHandler.channelRead(CombinedChannelDuplexHandler.java:249)
	at io.netty.channel.AbstractChannelHandlerContext.fireChannelRead(AbstractChannelHandlerContext.java:355)
	at io.netty.channel.CombinedChannelDuplexHandler$DelegatingChannelHandlerContext.fireChannelRead(CombinedChannelDuplexHandler.java:434)
	at io.netty.handler.codec.ByteToMessageDecoder.fireChannelRead(ByteToMessageDecoder.java:361)
	at io.netty.handler.codec.ByteToMessageDecoder.channelRead(ByteToMessageDecoder.java:325)
	at io.netty.channel.CombinedChannelDuplexHandler.channelRead(CombinedChannelDuplexHandler.java:249)
	at io.netty.channel.AbstractChannelHandlerContext.fireChannelRead(AbstractChannelHandlerContext.java:355)
	at io.netty.channel.DefaultChannelPipeline$HeadContext.channelRead(DefaultChannelPipeline.java:1429)
	at io.netty.channel.DefaultChannelPipeline.fireChannelRead(DefaultChannelPipeline.java:918)
	at io.netty.channel.nio.AbstractNioByteChannel$NioByteUnsafe.read(AbstractNioByteChannel.java:176)
	at io.netty.channel.nio.AbstractNioChannel$AbstractNioUnsafe.handle(AbstractNioChannel.java:445)
	at io.netty.channel.nio.NioIoHandler$DefaultNioRegistration.handle(NioIoHandler.java:388)
	at io.netty.channel.nio.NioIoHandler.processSelectedKey(NioIoHandler.java:596)
	at io.netty.channel.nio.NioIoHandler.processSelectedKeysPlain(NioIoHandler.java:541)
	at io.netty.channel.nio.NioIoHandler.processSelectedKeys(NioIoHandler.java:514)
	at io.netty.channel.nio.NioIoHandler.run(NioIoHandler.java:484)
	at io.netty.channel.SingleThreadIoEventLoop.runIo(SingleThreadIoEventLoop.java:225)
	at io.netty.channel.SingleThreadIoEventLoop.run(SingleThreadIoEventLoop.java:196)
	at io.netty.util.concurrent.SingleThreadEventExecutor$5.run(SingleThreadEventExecutor.java:1195)
	at io.netty.util.internal.ThreadExecutorMap$2.run(ThreadExecutorMap.java:74)
	at io.netty.util.concurrent.FastThreadLocalRunnable.run(FastThreadLocalRunnable.java:30)
	at java.base/java.lang.Thread.run(Thread.java:1474)
Caused by: io.lettuce.core.RedisConnectionException: Unable to connect to localhost/<unresolved>:6379
	at io.lettuce.core.RedisConnectionException.create(RedisConnectionException.java:63)
	at io.lettuce.core.RedisConnectionException.create(RedisConnectionException.java:41)
	at io.lettuce.core.AbstractRedisClient.getConnection(AbstractRedisClient.java:352)
	at io.lettuce.core.RedisClient.connect(RedisClient.java:220)
	at org.springframework.data.redis.connection.lettuce.StandaloneConnectionProvider.lambda$getConnection$1(StandaloneConnectionProvider.java:113)
	at java.base/java.util.Optional.orElseGet(Optional.java:364)
	at org.springframework.data.redis.connection.lettuce.StandaloneConnectionProvider.getConnection(StandaloneConnectionProvider.java:113)
	at org.springframework.data.redis.connection.lettuce.LettuceConnectionFactory$ExceptionTranslatingConnectionProvider.getConnection(LettuceConnectionFactory.java:1797)
	... 92 common frames omitted
Caused by: io.netty.channel.AbstractChannel$AnnotatedConnectException: Connection refused: getsockopt: localhost/127.0.0.1:6379
Caused by: java.net.ConnectException: Connection refused: getsockopt
	at java.base/sun.nio.ch.Net.pollConnect(Native Method)
	at java.base/sun.nio.ch.Net.pollConnectNow(Net.java:639)
	at java.base/sun.nio.ch.SocketChannelImpl.finishConnect(SocketChannelImpl.java:1046)
	at io.netty.channel.socket.nio.NioSocketChannel.doFinishConnect(NioSocketChannel.java:330)
	at io.netty.channel.nio.AbstractNioChannel$AbstractNioUnsafe.finishConnect(AbstractNioChannel.java:384)
	at io.netty.channel.nio.AbstractNioChannel$AbstractNioUnsafe.handle(AbstractNioChannel.java:432)
	at io.netty.channel.nio.NioIoHandler$DefaultNioRegistration.handle(NioIoHandler.java:388)
	at io.netty.channel.nio.NioIoHandler.processSelectedKey(NioIoHandler.java:596)
	at io.netty.channel.nio.NioIoHandler.processSelectedKeysPlain(NioIoHandler.java:541)
	at io.netty.channel.nio.NioIoHandler.processSelectedKeys(NioIoHandler.java:514)
	at io.netty.channel.nio.NioIoHandler.run(NioIoHandler.java:484)
	at io.netty.channel.SingleThreadIoEventLoop.runIo(SingleThreadIoEventLoop.java:225)
	at io.netty.channel.SingleThreadIoEventLoop.run(SingleThreadIoEventLoop.java:196)
	at io.netty.util.concurrent.SingleThreadEventExecutor$5.run(SingleThreadEventExecutor.java:1195)
	at io.netty.util.internal.ThreadExecutorMap$2.run(ThreadExecutorMap.java:74)
	at io.netty.util.concurrent.FastThreadLocalRunnable.run(FastThreadLocalRunnable.java:30)
	at java.base/java.lang.Thread.run(Thread.java:1474)
2026-10-01 19:36:53 INFO  [reactor-http-nio-18] traceId=abf01b57e325a23c9aeab1ea6234dbc7 spanId=761b5c83481a3c85 c.s.e.a.filter.AuthenticationFilter : path  /products/api/categories
2026-10-01 19:36:53 INFO  [reactor-http-nio-18] traceId=abf01b57e325a23c9aeab1ea6234dbc7 spanId=761b5c83481a3c85 c.s.e.a.filter.AuthenticationFilter : method  GET
2026-10-01 19:36:53 ERROR [reactor-http-nio-18] traceId=abf01b57e325a23c9aeab1ea6234dbc7 spanId=761b5c83481a3c85 o.s.c.g.f.ratelimit.RedisRateLimiter : Error calling rate limiter lua
org.springframework.data.redis.RedisConnectionFailureException: Unable to connect to Redis
	at org.springframework.data.redis.connection.lettuce.LettuceConnectionFactory$ExceptionTranslatingConnectionProvider.translateException(LettuceConnectionFactory.java:1868)
	at org.springframework.data.redis.connection.lettuce.LettuceConnectionFactory$ExceptionTranslatingConnectionProvider.getConnection(LettuceConnectionFactory.java:1799)
	at org.springframework.data.redis.connection.lettuce.LettuceConnectionFactory$SharedConnection.getNativeConnection(LettuceConnectionFactory.java:1596)
	at org.springframework.data.redis.connection.lettuce.LettuceConnectionFactory$SharedConnection.lambda$getConnection$0(LettuceConnectionFactory.java:1576)
	at org.springframework.data.redis.connection.lettuce.LettuceConnectionFactory.doInLock(LettuceConnectionFactory.java:1537)
	at org.springframework.data.redis.connection.lettuce.LettuceConnectionFactory$SharedConnection.getConnection(LettuceConnectionFactory.java:1573)
	at org.springframework.data.redis.connection.lettuce.LettuceConnectionFactory.getSharedReactiveConnection(LettuceConnectionFactory.java:1281)
	at org.springframework.data.redis.connection.lettuce.LettuceConnectionFactory.getReactiveConnection(LettuceConnectionFactory.java:1151)
	at org.springframework.data.redis.connection.lettuce.LettuceConnectionFactory.getReactiveConnection(LettuceConnectionFactory.java:120)
	at reactor.core.publisher.MonoSupplier$MonoSupplierSubscription.request(MonoSupplier.java:123)
	at reactor.core.publisher.FluxUsingWhen$ResourceSubscriber.onSubscribe(FluxUsingWhen.java:244)
	at io.opentelemetry.javaagent.shaded.instrumentation.reactor.v3_1.TracingSubscriber.onSubscribe(TracingSubscriber.java:65)
	at reactor.core.publisher.MonoSupplier.subscribe(MonoSupplier.java:47)
	at reactor.core.publisher.Mono.subscribe(Mono.java:4569)
	at reactor.core.publisher.FluxUsingWhen.subscribe(FluxUsingWhen.java:105)
	at reactor.core.publisher.Mono.subscribe(Mono.java:4569)
	at reactor.core.publisher.FluxFlatMap.trySubscribeScalarMap(FluxFlatMap.java:202)
	at reactor.core.publisher.MonoFlatMap.subscribeOrReturn(MonoFlatMap.java:53)
	at reactor.core.publisher.InternalMonoOperator.subscribe(InternalMonoOperator.java:62)
	at reactor.core.publisher.MonoDefer.subscribe(MonoDefer.java:54)
	at reactor.core.publisher.InternalMonoOperator.subscribe(InternalMonoOperator.java:75)
	at reactor.core.publisher.MonoDefer.subscribe(MonoDefer.java:54)
	at reactor.core.publisher.InternalMonoOperator.subscribe(InternalMonoOperator.java:75)
	at reactor.core.publisher.MonoDefer.subscribe(MonoDefer.java:54)
	at reactor.core.publisher.InternalMonoOperator.subscribe(InternalMonoOperator.java:75)
	at reactor.core.publisher.MonoDefer.subscribe(MonoDefer.java:54)
	at reactor.core.publisher.InternalMonoOperator.subscribe(InternalMonoOperator.java:75)
	at reactor.core.publisher.MonoDefer.subscribe(MonoDefer.java:54)
	at reactor.core.publisher.Mono.subscribe(Mono.java:4569)
	at reactor.core.publisher.MonoIgnoreThen$ThenIgnoreMain.subscribeNext(MonoIgnoreThen.java:268)
	at reactor.core.publisher.MonoIgnoreThen.subscribe(MonoIgnoreThen.java:51)
	at reactor.core.publisher.InternalMonoOperator.subscribe(InternalMonoOperator.java:75)
	at reactor.core.publisher.MonoDefer.subscribe(MonoDefer.java:54)
	at reactor.core.publisher.InternalMonoOperator.subscribe(InternalMonoOperator.java:75)
	at reactor.core.publisher.MonoFlatMap$FlatMapMain.onNext(MonoFlatMap.java:165)
	at io.opentelemetry.javaagent.shaded.instrumentation.reactor.v3_1.TracingSubscriber.onNext(TracingSubscriber.java:72)
	at reactor.core.publisher.FluxSwitchIfEmpty$SwitchIfEmptySubscriber.onNext(FluxSwitchIfEmpty.java:75)
	at io.opentelemetry.javaagent.shaded.instrumentation.reactor.v3_1.TracingSubscriber.onNext(TracingSubscriber.java:72)
	at reactor.core.publisher.FluxMap$MapSubscriber.onNext(FluxMap.java:122)
	at io.opentelemetry.javaagent.shaded.instrumentation.reactor.v3_1.TracingSubscriber.onNext(TracingSubscriber.java:72)
	at reactor.core.publisher.Operators$BaseFluxToMonoOperator.completePossiblyEmpty(Operators.java:2093)
	at reactor.core.publisher.FluxDefaultIfEmpty$DefaultIfEmptySubscriber.onComplete(FluxDefaultIfEmpty.java:134)
	at io.opentelemetry.javaagent.shaded.instrumentation.reactor.v3_1.TracingSubscriber.onComplete(TracingSubscriber.java:96)
	at reactor.core.publisher.FluxHide$SuppressFuseableSubscriber.onComplete(FluxHide.java:147)
	at reactor.core.publisher.FluxContextWrite$ContextWriteSubscriber.onComplete(FluxContextWrite.java:128)
	at io.opentelemetry.javaagent.shaded.instrumentation.reactor.v3_1.TracingSubscriber.onComplete(TracingSubscriber.java:96)
	at reactor.core.publisher.FluxHide$SuppressFuseableSubscriber.onComplete(FluxHide.java:147)
	at reactor.core.publisher.FluxMapFuseable$MapFuseableSubscriber.onComplete(FluxMapFuseable.java:153)
	at io.opentelemetry.javaagent.shaded.instrumentation.reactor.v3_1.TracingSubscriber.onComplete(TracingSubscriber.java:96)
	at reactor.core.publisher.FluxHide$SuppressFuseableSubscriber.onComplete(FluxHide.java:147)
	at reactor.core.publisher.FluxFilterFuseable$FilterFuseableSubscriber.onComplete(FluxFilterFuseable.java:172)
	at io.opentelemetry.javaagent.shaded.instrumentation.reactor.v3_1.TracingSubscriber.onComplete(TracingSubscriber.java:96)
	at reactor.core.publisher.FluxHide$SuppressFuseableSubscriber.onComplete(FluxHide.java:147)
	at reactor.core.publisher.Operators$BaseFluxToMonoOperator.completePossiblyEmpty(Operators.java:2094)
	at reactor.core.publisher.MonoCollect$CollectSubscriber.onComplete(MonoCollect.java:144)
	at io.opentelemetry.javaagent.shaded.instrumentation.reactor.v3_1.TracingSubscriber.onComplete(TracingSubscriber.java:96)
	at reactor.core.publisher.FluxMap$MapSubscriber.onComplete(FluxMap.java:144)
	at io.opentelemetry.javaagent.shaded.instrumentation.reactor.v3_1.TracingSubscriber.onComplete(TracingSubscriber.java:96)
	at reactor.core.publisher.FluxPeek$PeekSubscriber.onComplete(FluxPeek.java:263)
	at io.opentelemetry.javaagent.shaded.instrumentation.reactor.v3_1.TracingSubscriber.onComplete(TracingSubscriber.java:96)
	at reactor.core.publisher.FluxMap$MapSubscriber.onComplete(FluxMap.java:144)
	at reactor.netty.channel.FluxReceive.onInboundComplete(FluxReceive.java:419)
	at reactor.netty.channel.ChannelOperations.onInboundComplete(ChannelOperations.java:467)
	at reactor.netty.http.server.HttpServerOperations.handleLastHttpContent(HttpServerOperations.java:911)
	at reactor.netty.http.server.HttpServerOperations.onInboundNext(HttpServerOperations.java:810)
	at reactor.netty.channel.ChannelOperationsHandler.channelRead(ChannelOperationsHandler.java:115)
	at io.netty.channel.AbstractChannelHandlerContext.fireChannelRead(AbstractChannelHandlerContext.java:357)
	at reactor.netty.http.server.HttpTrafficHandler.channelRead(HttpTrafficHandler.java:332)
	at io.netty.channel.AbstractChannelHandlerContext.fireChannelRead(AbstractChannelHandlerContext.java:355)
	at io.netty.channel.CombinedChannelDuplexHandler$DelegatingChannelHandlerContext.fireChannelRead(CombinedChannelDuplexHandler.java:434)
	at io.netty.channel.ChannelInboundHandlerAdapter.channelRead(ChannelInboundHandlerAdapter.java:93)
	at io.opentelemetry.javaagent.shaded.instrumentation.netty.v4_1.internal.server.HttpServerRequestTracingHandler.channelRead(HttpServerRequestTracingHandler.java:44)
	at io.netty.channel.CombinedChannelDuplexHandler.channelRead(CombinedChannelDuplexHandler.java:249)
	at io.netty.channel.AbstractChannelHandlerContext.fireChannelRead(AbstractChannelHandlerContext.java:355)
	at io.netty.channel.CombinedChannelDuplexHandler$DelegatingChannelHandlerContext.fireChannelRead(CombinedChannelDuplexHandler.java:434)
	at io.netty.handler.codec.ByteToMessageDecoder.fireChannelRead(ByteToMessageDecoder.java:361)
	at io.netty.handler.codec.ByteToMessageDecoder.channelRead(ByteToMessageDecoder.java:325)
	at io.netty.channel.CombinedChannelDuplexHandler.channelRead(CombinedChannelDuplexHandler.java:249)
	at io.netty.channel.AbstractChannelHandlerContext.fireChannelRead(AbstractChannelHandlerContext.java:355)
	at io.netty.channel.DefaultChannelPipeline$HeadContext.channelRead(DefaultChannelPipeline.java:1429)
	at io.netty.channel.DefaultChannelPipeline.fireChannelRead(DefaultChannelPipeline.java:918)
	at io.netty.channel.nio.AbstractNioByteChannel$NioByteUnsafe.read(AbstractNioByteChannel.java:176)
	at io.netty.channel.nio.AbstractNioChannel$AbstractNioUnsafe.handle(AbstractNioChannel.java:445)
	at io.netty.channel.nio.NioIoHandler$DefaultNioRegistration.handle(NioIoHandler.java:388)
	at io.netty.channel.nio.NioIoHandler.processSelectedKey(NioIoHandler.java:596)
	at io.netty.channel.nio.NioIoHandler.processSelectedKeysPlain(NioIoHandler.java:541)
	at io.netty.channel.nio.NioIoHandler.processSelectedKeys(NioIoHandler.java:514)
	at io.netty.channel.nio.NioIoHandler.run(NioIoHandler.java:484)
	at io.netty.channel.SingleThreadIoEventLoop.runIo(SingleThreadIoEventLoop.java:225)
	at io.netty.channel.SingleThreadIoEventLoop.run(SingleThreadIoEventLoop.java:196)
	at io.netty.util.concurrent.SingleThreadEventExecutor$5.run(SingleThreadEventExecutor.java:1195)
	at io.netty.util.internal.ThreadExecutorMap$2.run(ThreadExecutorMap.java:74)
	at io.netty.util.concurrent.FastThreadLocalRunnable.run(FastThreadLocalRunnable.java:30)
	at java.base/java.lang.Thread.run(Thread.java:1474)
Caused by: io.lettuce.core.RedisConnectionException: Unable to connect to localhost/<unresolved>:6379
	at io.lettuce.core.RedisConnectionException.create(RedisConnectionException.java:63)
	at io.lettuce.core.RedisConnectionException.create(RedisConnectionException.java:41)
	at io.lettuce.core.AbstractRedisClient.getConnection(AbstractRedisClient.java:352)
	at io.lettuce.core.RedisClient.connect(RedisClient.java:220)
	at org.springframework.data.redis.connection.lettuce.StandaloneConnectionProvider.lambda$getConnection$1(StandaloneConnectionProvider.java:113)
	at java.base/java.util.Optional.orElseGet(Optional.java:364)
	at org.springframework.data.redis.connection.lettuce.StandaloneConnectionProvider.getConnection(StandaloneConnectionProvider.java:113)
	at org.springframework.data.redis.connection.lettuce.LettuceConnectionFactory$ExceptionTranslatingConnectionProvider.getConnection(LettuceConnectionFactory.java:1797)
	... 92 common frames omitted
Caused by: io.netty.channel.AbstractChannel$AnnotatedConnectException: Connection refused: getsockopt: localhost/127.0.0.1:6379
Caused by: java.net.ConnectException: Connection refused: getsockopt
	at java.base/sun.nio.ch.Net.pollConnect(Native Method)
	at java.base/sun.nio.ch.Net.pollConnectNow(Net.java:639)
	at java.base/sun.nio.ch.SocketChannelImpl.finishConnect(SocketChannelImpl.java:1046)
	at io.netty.channel.socket.nio.NioSocketChannel.doFinishConnect(NioSocketChannel.java:330)
	at io.netty.channel.nio.AbstractNioChannel$AbstractNioUnsafe.finishConnect(AbstractNioChannel.java:384)
	at io.netty.channel.nio.AbstractNioChannel$AbstractNioUnsafe.handle(AbstractNioChannel.java:432)
	at io.netty.channel.nio.NioIoHandler$DefaultNioRegistration.handle(NioIoHandler.java:388)
	at io.netty.channel.nio.NioIoHandler.processSelectedKey(NioIoHandler.java:596)
	at io.netty.channel.nio.NioIoHandler.processSelectedKeysPlain(NioIoHandler.java:541)
	at io.netty.channel.nio.NioIoHandler.processSelectedKeys(NioIoHandler.java:514)
	at io.netty.channel.nio.NioIoHandler.run(NioIoHandler.java:484)
	at io.netty.channel.SingleThreadIoEventLoop.runIo(SingleThreadIoEventLoop.java:225)
	at io.netty.channel.SingleThreadIoEventLoop.run(SingleThreadIoEventLoop.java:196)
	at io.netty.util.concurrent.SingleThreadEventExecutor$5.run(SingleThreadEventExecutor.java:1195)
	at io.netty.util.internal.ThreadExecutorMap$2.run(ThreadExecutorMap.java:74)
	at io.netty.util.concurrent.FastThreadLocalRunnable.run(FastThreadLocalRunnable.java:30)
	at java.base/java.lang.Thread.run(Thread.java:1474)
2026-10-01 19:36:58 INFO  [reactor-http-nio-19] traceId=979c5e34fd40b912c4b536930884ef4e spanId=2233faf15becc35b c.s.e.a.filter.AuthenticationFilter : path  /users/api/users
2026-10-01 19:36:58 INFO  [reactor-http-nio-19] traceId=979c5e34fd40b912c4b536930884ef4e spanId=2233faf15becc35b c.s.e.a.filter.AuthenticationFilter : method  POST
2026-10-01 19:36:58 INFO  [reactor-http-nio-1] traceId=a3f20f739fdec5cdb4227e293bfb620d spanId=779c4ceafd83125e c.s.e.a.filter.AuthenticationFilter : path  /users/api/users/login
2026-10-01 19:36:58 INFO  [reactor-http-nio-1] traceId=a3f20f739fdec5cdb4227e293bfb620d spanId=779c4ceafd83125e c.s.e.a.filter.AuthenticationFilter : method  POST
2026-10-01 19:36:58 INFO  [reactor-http-nio-20] traceId=bd798fdb107b63e861e03c8d58de147a spanId=938a518bb52e327e c.s.e.a.filter.AuthenticationFilter : path  /cart-orders/api/orders/1
2026-10-01 19:36:58 INFO  [reactor-http-nio-20] traceId=bd798fdb107b63e861e03c8d58de147a spanId=938a518bb52e327e c.s.e.a.filter.AuthenticationFilter : method  GET
2026-10-01 19:36:58 INFO  [reactor-http-nio-2] traceId=51a67f1cfcac91e7ec6782e00975c95f spanId=7da13fe77cfd982f c.s.e.a.filter.AuthenticationFilter : path  /payments/api/payments/order/1
2026-10-01 19:36:58 INFO  [reactor-http-nio-2] traceId=51a67f1cfcac91e7ec6782e00975c95f spanId=7da13fe77cfd982f c.s.e.a.filter.AuthenticationFilter : method  GET
2026-10-01 19:36:59 INFO  [reactor-http-nio-5] traceId=cc7fd412a897145bf27f6358dc113d33 spanId=37b851bff91a0b8f c.s.e.a.filter.AuthenticationFilter : path  /users/api/users/login
2026-10-01 19:36:59 INFO  [reactor-http-nio-5] traceId=cc7fd412a897145bf27f6358dc113d33 spanId=37b851bff91a0b8f c.s.e.a.filter.AuthenticationFilter : method  POST
2026-10-01 19:36:59 INFO  [reactor-http-nio-6] traceId=0cef11f7ce78208c3c22f685be48291b spanId=c81030a177c9453f c.s.e.a.filter.AuthenticationFilter : path  /users/api/users
2026-10-01 19:36:59 INFO  [reactor-http-nio-6] traceId=0cef11f7ce78208c3c22f685be48291b spanId=c81030a177c9453f c.s.e.a.filter.AuthenticationFilter : method  POST
2026-10-01 19:37:05 INFO  [reactor-http-nio-10] traceId=c41f3abe08de62daa858545f2f8c78d9 spanId=cc1eebc0bc59966d c.s.e.a.filter.AuthenticationFilter : path  /products/api/categories
2026-10-01 19:37:05 INFO  [reactor-http-nio-9] traceId=bc5470cc8b5df3ee692d2312209410d0 spanId=3577ee675e915ab1 c.s.e.a.filter.AuthenticationFilter : path  /products/api/products/filter
2026-10-01 19:37:05 INFO  [reactor-http-nio-10] traceId=c41f3abe08de62daa858545f2f8c78d9 spanId=cc1eebc0bc59966d c.s.e.a.filter.AuthenticationFilter : method  GET
2026-10-01 19:37:05 INFO  [reactor-http-nio-9] traceId=bc5470cc8b5df3ee692d2312209410d0 spanId=3577ee675e915ab1 c.s.e.a.filter.AuthenticationFilter : method  GET
2026-10-01 19:37:05 ERROR [reactor-http-nio-10] traceId=c41f3abe08de62daa858545f2f8c78d9 spanId=cc1eebc0bc59966d o.s.c.g.f.ratelimit.RedisRateLimiter : Error calling rate limiter lua
org.springframework.data.redis.RedisConnectionFailureException: Unable to connect to Redis
	at org.springframework.data.redis.connection.lettuce.LettuceConnectionFactory$ExceptionTranslatingConnectionProvider.translateException(LettuceConnectionFactory.java:1868)
	at org.springframework.data.redis.connection.lettuce.LettuceConnectionFactory$ExceptionTranslatingConnectionProvider.getConnection(LettuceConnectionFactory.java:1799)
	at org.springframework.data.redis.connection.lettuce.LettuceConnectionFactory$SharedConnection.getNativeConnection(LettuceConnectionFactory.java:1596)
	at org.springframework.data.redis.connection.lettuce.LettuceConnectionFactory$SharedConnection.lambda$getConnection$0(LettuceConnectionFactory.java:1576)
	at org.springframework.data.redis.connection.lettuce.LettuceConnectionFactory.doInLock(LettuceConnectionFactory.java:1537)
	at org.springframework.data.redis.connection.lettuce.LettuceConnectionFactory$SharedConnection.getConnection(LettuceConnectionFactory.java:1573)
	at org.springframework.data.redis.connection.lettuce.LettuceConnectionFactory.getSharedReactiveConnection(LettuceConnectionFactory.java:1281)
	at org.springframework.data.redis.connection.lettuce.LettuceConnectionFactory.getReactiveConnection(LettuceConnectionFactory.java:1151)
	at org.springframework.data.redis.connection.lettuce.LettuceConnectionFactory.getReactiveConnection(LettuceConnectionFactory.java:120)
	at reactor.core.publisher.MonoSupplier$MonoSupplierSubscription.request(MonoSupplier.java:123)
	at reactor.core.publisher.FluxUsingWhen$ResourceSubscriber.onSubscribe(FluxUsingWhen.java:244)
	at io.opentelemetry.javaagent.shaded.instrumentation.reactor.v3_1.TracingSubscriber.onSubscribe(TracingSubscriber.java:65)
	at reactor.core.publisher.MonoSupplier.subscribe(MonoSupplier.java:47)
	at reactor.core.publisher.Mono.subscribe(Mono.java:4569)
	at reactor.core.publisher.FluxUsingWhen.subscribe(FluxUsingWhen.java:105)
	at reactor.core.publisher.Mono.subscribe(Mono.java:4569)
	at reactor.core.publisher.FluxFlatMap.trySubscribeScalarMap(FluxFlatMap.java:202)
	at reactor.core.publisher.MonoFlatMap.subscribeOrReturn(MonoFlatMap.java:53)
	at reactor.core.publisher.InternalMonoOperator.subscribe(InternalMonoOperator.java:62)
	at reactor.core.publisher.MonoDefer.subscribe(MonoDefer.java:54)
	at reactor.core.publisher.InternalMonoOperator.subscribe(InternalMonoOperator.java:75)
	at reactor.core.publisher.MonoDefer.subscribe(MonoDefer.java:54)
	at reactor.core.publisher.InternalMonoOperator.subscribe(InternalMonoOperator.java:75)
	at reactor.core.publisher.MonoDefer.subscribe(MonoDefer.java:54)
	at reactor.core.publisher.InternalMonoOperator.subscribe(InternalMonoOperator.java:75)
	at reactor.core.publisher.MonoDefer.subscribe(MonoDefer.java:54)
	at reactor.core.publisher.InternalMonoOperator.subscribe(InternalMonoOperator.java:75)
	at reactor.core.publisher.MonoDefer.subscribe(MonoDefer.java:54)
	at reactor.core.publisher.Mono.subscribe(Mono.java:4569)
	at reactor.core.publisher.MonoIgnoreThen$ThenIgnoreMain.subscribeNext(MonoIgnoreThen.java:268)
	at reactor.core.publisher.MonoIgnoreThen.subscribe(MonoIgnoreThen.java:51)
	at reactor.core.publisher.InternalMonoOperator.subscribe(InternalMonoOperator.java:75)
	at reactor.core.publisher.MonoDefer.subscribe(MonoDefer.java:54)
	at reactor.core.publisher.InternalMonoOperator.subscribe(InternalMonoOperator.java:75)
	at reactor.core.publisher.MonoFlatMap$FlatMapMain.onNext(MonoFlatMap.java:165)
	at io.opentelemetry.javaagent.shaded.instrumentation.reactor.v3_1.TracingSubscriber.onNext(TracingSubscriber.java:72)
	at reactor.core.publisher.FluxSwitchIfEmpty$SwitchIfEmptySubscriber.onNext(FluxSwitchIfEmpty.java:75)
	at io.opentelemetry.javaagent.shaded.instrumentation.reactor.v3_1.TracingSubscriber.onNext(TracingSubscriber.java:72)
	at reactor.core.publisher.FluxMap$MapSubscriber.onNext(FluxMap.java:122)
	at io.opentelemetry.javaagent.shaded.instrumentation.reactor.v3_1.TracingSubscriber.onNext(TracingSubscriber.java:72)
	at reactor.core.publisher.Operators$BaseFluxToMonoOperator.completePossiblyEmpty(Operators.java:2093)
	at reactor.core.publisher.FluxDefaultIfEmpty$DefaultIfEmptySubscriber.onComplete(FluxDefaultIfEmpty.java:134)
	at io.opentelemetry.javaagent.shaded.instrumentation.reactor.v3_1.TracingSubscriber.onComplete(TracingSubscriber.java:96)
	at reactor.core.publisher.FluxHide$SuppressFuseableSubscriber.onComplete(FluxHide.java:147)
	at reactor.core.publisher.FluxContextWrite$ContextWriteSubscriber.onComplete(FluxContextWrite.java:128)
	at io.opentelemetry.javaagent.shaded.instrumentation.reactor.v3_1.TracingSubscriber.onComplete(TracingSubscriber.java:96)
	at reactor.core.publisher.FluxHide$SuppressFuseableSubscriber.onComplete(FluxHide.java:147)
	at reactor.core.publisher.FluxMapFuseable$MapFuseableSubscriber.onComplete(FluxMapFuseable.java:153)
	at io.opentelemetry.javaagent.shaded.instrumentation.reactor.v3_1.TracingSubscriber.onComplete(TracingSubscriber.java:96)
	at reactor.core.publisher.FluxHide$SuppressFuseableSubscriber.onComplete(FluxHide.java:147)
	at reactor.core.publisher.FluxFilterFuseable$FilterFuseableSubscriber.onComplete(FluxFilterFuseable.java:172)
	at io.opentelemetry.javaagent.shaded.instrumentation.reactor.v3_1.TracingSubscriber.onComplete(TracingSubscriber.java:96)
	at reactor.core.publisher.FluxHide$SuppressFuseableSubscriber.onComplete(FluxHide.java:147)
	at reactor.core.publisher.Operators$BaseFluxToMonoOperator.completePossiblyEmpty(Operators.java:2094)
	at reactor.core.publisher.MonoCollect$CollectSubscriber.onComplete(MonoCollect.java:144)
	at io.opentelemetry.javaagent.shaded.instrumentation.reactor.v3_1.TracingSubscriber.onComplete(TracingSubscriber.java:96)
	at reactor.core.publisher.FluxMap$MapSubscriber.onComplete(FluxMap.java:144)
	at io.opentelemetry.javaagent.shaded.instrumentation.reactor.v3_1.TracingSubscriber.onComplete(TracingSubscriber.java:96)
	at reactor.core.publisher.FluxPeek$PeekSubscriber.onComplete(FluxPeek.java:263)
	at io.opentelemetry.javaagent.shaded.instrumentation.reactor.v3_1.TracingSubscriber.onComplete(TracingSubscriber.java:96)
	at reactor.core.publisher.FluxMap$MapSubscriber.onComplete(FluxMap.java:144)
	at reactor.netty.channel.FluxReceive.onInboundComplete(FluxReceive.java:419)
	at reactor.netty.channel.ChannelOperations.onInboundComplete(ChannelOperations.java:467)
	at reactor.netty.http.server.HttpServerOperations.handleLastHttpContent(HttpServerOperations.java:911)
	at reactor.netty.http.server.HttpServerOperations.onInboundNext(HttpServerOperations.java:810)
	at reactor.netty.channel.ChannelOperationsHandler.channelRead(ChannelOperationsHandler.java:115)
	at io.netty.channel.AbstractChannelHandlerContext.fireChannelRead(AbstractChannelHandlerContext.java:357)
	at reactor.netty.http.server.HttpTrafficHandler.channelRead(HttpTrafficHandler.java:332)
	at io.netty.channel.AbstractChannelHandlerContext.fireChannelRead(AbstractChannelHandlerContext.java:355)
	at io.netty.channel.CombinedChannelDuplexHandler$DelegatingChannelHandlerContext.fireChannelRead(CombinedChannelDuplexHandler.java:434)
	at io.netty.channel.ChannelInboundHandlerAdapter.channelRead(ChannelInboundHandlerAdapter.java:93)
	at io.opentelemetry.javaagent.shaded.instrumentation.netty.v4_1.internal.server.HttpServerRequestTracingHandler.channelRead(HttpServerRequestTracingHandler.java:44)
	at io.netty.channel.CombinedChannelDuplexHandler.channelRead(CombinedChannelDuplexHandler.java:249)
	at io.netty.channel.AbstractChannelHandlerContext.fireChannelRead(AbstractChannelHandlerContext.java:355)
	at io.netty.channel.CombinedChannelDuplexHandler$DelegatingChannelHandlerContext.fireChannelRead(CombinedChannelDuplexHandler.java:434)
	at io.netty.handler.codec.ByteToMessageDecoder.fireChannelRead(ByteToMessageDecoder.java:361)
	at io.netty.handler.codec.ByteToMessageDecoder.channelRead(ByteToMessageDecoder.java:325)
	at io.netty.channel.CombinedChannelDuplexHandler.channelRead(CombinedChannelDuplexHandler.java:249)
	at io.netty.channel.AbstractChannelHandlerContext.fireChannelRead(AbstractChannelHandlerContext.java:355)
	at io.netty.channel.DefaultChannelPipeline$HeadContext.channelRead(DefaultChannelPipeline.java:1429)
	at io.netty.channel.DefaultChannelPipeline.fireChannelRead(DefaultChannelPipeline.java:918)
	at io.netty.channel.nio.AbstractNioByteChannel$NioByteUnsafe.read(AbstractNioByteChannel.java:176)
	at io.netty.channel.nio.AbstractNioChannel$AbstractNioUnsafe.handle(AbstractNioChannel.java:445)
	at io.netty.channel.nio.NioIoHandler$DefaultNioRegistration.handle(NioIoHandler.java:388)
	at io.netty.channel.nio.NioIoHandler.processSelectedKey(NioIoHandler.java:596)
	at io.netty.channel.nio.NioIoHandler.processSelectedKeysPlain(NioIoHandler.java:541)
	at io.netty.channel.nio.NioIoHandler.processSelectedKeys(NioIoHandler.java:514)
	at io.netty.channel.nio.NioIoHandler.run(NioIoHandler.java:484)
	at io.netty.channel.SingleThreadIoEventLoop.runIo(SingleThreadIoEventLoop.java:225)
	at io.netty.channel.SingleThreadIoEventLoop.run(SingleThreadIoEventLoop.java:196)
	at io.netty.util.concurrent.SingleThreadEventExecutor$5.run(SingleThreadEventExecutor.java:1195)
	at io.netty.util.internal.ThreadExecutorMap$2.run(ThreadExecutorMap.java:74)
	at io.netty.util.concurrent.FastThreadLocalRunnable.run(FastThreadLocalRunnable.java:30)
	at java.base/java.lang.Thread.run(Thread.java:1474)
Caused by: io.lettuce.core.RedisConnectionException: Unable to connect to localhost/<unresolved>:6379
	at io.lettuce.core.RedisConnectionException.create(RedisConnectionException.java:63)
	at io.lettuce.core.RedisConnectionException.create(RedisConnectionException.java:41)
	at io.lettuce.core.AbstractRedisClient.getConnection(AbstractRedisClient.java:352)
	at io.lettuce.core.RedisClient.connect(RedisClient.java:220)
	at org.springframework.data.redis.connection.lettuce.StandaloneConnectionProvider.lambda$getConnection$1(StandaloneConnectionProvider.java:113)
	at java.base/java.util.Optional.orElseGet(Optional.java:364)
	at org.springframework.data.redis.connection.lettuce.StandaloneConnectionProvider.getConnection(StandaloneConnectionProvider.java:113)
	at org.springframework.data.redis.connection.lettuce.LettuceConnectionFactory$ExceptionTranslatingConnectionProvider.getConnection(LettuceConnectionFactory.java:1797)
	... 92 common frames omitted
Caused by: io.netty.channel.AbstractChannel$AnnotatedConnectException: Connection refused: getsockopt: localhost/127.0.0.1:6379
Caused by: java.net.ConnectException: Connection refused: getsockopt
	at java.base/sun.nio.ch.Net.pollConnect(Native Method)
	at java.base/sun.nio.ch.Net.pollConnectNow(Net.java:639)
	at java.base/sun.nio.ch.SocketChannelImpl.finishConnect(SocketChannelImpl.java:1046)
	at io.netty.channel.socket.nio.NioSocketChannel.doFinishConnect(NioSocketChannel.java:330)
	at io.netty.channel.nio.AbstractNioChannel$AbstractNioUnsafe.finishConnect(AbstractNioChannel.java:384)
	at io.netty.channel.nio.AbstractNioChannel$AbstractNioUnsafe.handle(AbstractNioChannel.java:432)
	at io.netty.channel.nio.NioIoHandler$DefaultNioRegistration.handle(NioIoHandler.java:388)
	at io.netty.channel.nio.NioIoHandler.processSelectedKey(NioIoHandler.java:596)
	at io.netty.channel.nio.NioIoHandler.processSelectedKeysPlain(NioIoHandler.java:541)
	at io.netty.channel.nio.NioIoHandler.processSelectedKeys(NioIoHandler.java:514)
	at io.netty.channel.nio.NioIoHandler.run(NioIoHandler.java:484)
	at io.netty.channel.SingleThreadIoEventLoop.runIo(SingleThreadIoEventLoop.java:225)
	at io.netty.channel.SingleThreadIoEventLoop.run(SingleThreadIoEventLoop.java:196)
	at io.netty.util.concurrent.SingleThreadEventExecutor$5.run(SingleThreadEventExecutor.java:1195)
	at io.netty.util.internal.ThreadExecutorMap$2.run(ThreadExecutorMap.java:74)
	at io.netty.util.concurrent.FastThreadLocalRunnable.run(FastThreadLocalRunnable.java:30)
	at java.base/java.lang.Thread.run(Thread.java:1474)
2026-10-01 19:37:05 ERROR [reactor-http-nio-9] traceId=bc5470cc8b5df3ee692d2312209410d0 spanId=3577ee675e915ab1 o.s.c.g.f.ratelimit.RedisRateLimiter : Error calling rate limiter lua
org.springframework.data.redis.RedisConnectionFailureException: Unable to connect to Redis
	at org.springframework.data.redis.connection.lettuce.LettuceConnectionFactory$ExceptionTranslatingConnectionProvider.translateException(LettuceConnectionFactory.java:1868)
	at org.springframework.data.redis.connection.lettuce.LettuceConnectionFactory$ExceptionTranslatingConnectionProvider.getConnection(LettuceConnectionFactory.java:1799)
	at org.springframework.data.redis.connection.lettuce.LettuceConnectionFactory$SharedConnection.getNativeConnection(LettuceConnectionFactory.java:1596)
	at org.springframework.data.redis.connection.lettuce.LettuceConnectionFactory$SharedConnection.lambda$getConnection$0(LettuceConnectionFactory.java:1576)
	at org.springframework.data.redis.connection.lettuce.LettuceConnectionFactory.doInLock(LettuceConnectionFactory.java:1537)
	at org.springframework.data.redis.connection.lettuce.LettuceConnectionFactory$SharedConnection.getConnection(LettuceConnectionFactory.java:1573)
	at org.springframework.data.redis.connection.lettuce.LettuceConnectionFactory.getSharedReactiveConnection(LettuceConnectionFactory.java:1281)
	at org.springframework.data.redis.connection.lettuce.LettuceConnectionFactory.getReactiveConnection(LettuceConnectionFactory.java:1151)
	at org.springframework.data.redis.connection.lettuce.LettuceConnectionFactory.getReactiveConnection(LettuceConnectionFactory.java:120)
	at reactor.core.publisher.MonoSupplier$MonoSupplierSubscription.request(MonoSupplier.java:123)
	at reactor.core.publisher.FluxUsingWhen$ResourceSubscriber.onSubscribe(FluxUsingWhen.java:244)
	at io.opentelemetry.javaagent.shaded.instrumentation.reactor.v3_1.TracingSubscriber.onSubscribe(TracingSubscriber.java:65)
	at reactor.core.publisher.MonoSupplier.subscribe(MonoSupplier.java:47)
	at reactor.core.publisher.Mono.subscribe(Mono.java:4569)
	at reactor.core.publisher.FluxUsingWhen.subscribe(FluxUsingWhen.java:105)
	at reactor.core.publisher.Mono.subscribe(Mono.java:4569)
	at reactor.core.publisher.FluxFlatMap.trySubscribeScalarMap(FluxFlatMap.java:202)
	at reactor.core.publisher.MonoFlatMap.subscribeOrReturn(MonoFlatMap.java:53)
	at reactor.core.publisher.InternalMonoOperator.subscribe(InternalMonoOperator.java:62)
	at reactor.core.publisher.MonoDefer.subscribe(MonoDefer.java:54)
	at reactor.core.publisher.InternalMonoOperator.subscribe(InternalMonoOperator.java:75)
	at reactor.core.publisher.MonoDefer.subscribe(MonoDefer.java:54)
	at reactor.core.publisher.InternalMonoOperator.subscribe(InternalMonoOperator.java:75)
	at reactor.core.publisher.MonoDefer.subscribe(MonoDefer.java:54)
	at reactor.core.publisher.InternalMonoOperator.subscribe(InternalMonoOperator.java:75)
	at reactor.core.publisher.MonoDefer.subscribe(MonoDefer.java:54)
	at reactor.core.publisher.InternalMonoOperator.subscribe(InternalMonoOperator.java:75)
	at reactor.core.publisher.MonoDefer.subscribe(MonoDefer.java:54)
	at reactor.core.publisher.Mono.subscribe(Mono.java:4569)
	at reactor.core.publisher.MonoIgnoreThen$ThenIgnoreMain.subscribeNext(MonoIgnoreThen.java:268)
	at reactor.core.publisher.MonoIgnoreThen.subscribe(MonoIgnoreThen.java:51)
	at reactor.core.publisher.InternalMonoOperator.subscribe(InternalMonoOperator.java:75)
	at reactor.core.publisher.MonoDefer.subscribe(MonoDefer.java:54)
	at reactor.core.publisher.InternalMonoOperator.subscribe(InternalMonoOperator.java:75)
	at reactor.core.publisher.MonoFlatMap$FlatMapMain.onNext(MonoFlatMap.java:165)
	at io.opentelemetry.javaagent.shaded.instrumentation.reactor.v3_1.TracingSubscriber.onNext(TracingSubscriber.java:72)
	at reactor.core.publisher.FluxSwitchIfEmpty$SwitchIfEmptySubscriber.onNext(FluxSwitchIfEmpty.java:75)
	at io.opentelemetry.javaagent.shaded.instrumentation.reactor.v3_1.TracingSubscriber.onNext(TracingSubscriber.java:72)
	at reactor.core.publisher.FluxMap$MapSubscriber.onNext(FluxMap.java:122)
	at io.opentelemetry.javaagent.shaded.instrumentation.reactor.v3_1.TracingSubscriber.onNext(TracingSubscriber.java:72)
	at reactor.core.publisher.Operators$BaseFluxToMonoOperator.completePossiblyEmpty(Operators.java:2093)
	at reactor.core.publisher.FluxDefaultIfEmpty$DefaultIfEmptySubscriber.onComplete(FluxDefaultIfEmpty.java:134)
	at io.opentelemetry.javaagent.shaded.instrumentation.reactor.v3_1.TracingSubscriber.onComplete(TracingSubscriber.java:96)
	at reactor.core.publisher.FluxHide$SuppressFuseableSubscriber.onComplete(FluxHide.java:147)
	at reactor.core.publisher.FluxContextWrite$ContextWriteSubscriber.onComplete(FluxContextWrite.java:128)
	at io.opentelemetry.javaagent.shaded.instrumentation.reactor.v3_1.TracingSubscriber.onComplete(TracingSubscriber.java:96)
	at reactor.core.publisher.FluxHide$SuppressFuseableSubscriber.onComplete(FluxHide.java:147)
	at reactor.core.publisher.FluxMapFuseable$MapFuseableSubscriber.onComplete(FluxMapFuseable.java:153)
	at io.opentelemetry.javaagent.shaded.instrumentation.reactor.v3_1.TracingSubscriber.onComplete(TracingSubscriber.java:96)
	at reactor.core.publisher.FluxHide$SuppressFuseableSubscriber.onComplete(FluxHide.java:147)
	at reactor.core.publisher.FluxFilterFuseable$FilterFuseableSubscriber.onComplete(FluxFilterFuseable.java:172)
	at io.opentelemetry.javaagent.shaded.instrumentation.reactor.v3_1.TracingSubscriber.onComplete(TracingSubscriber.java:96)
	at reactor.core.publisher.FluxHide$SuppressFuseableSubscriber.onComplete(FluxHide.java:147)
	at reactor.core.publisher.Operators$BaseFluxToMonoOperator.completePossiblyEmpty(Operators.java:2094)
	at reactor.core.publisher.MonoCollect$CollectSubscriber.onComplete(MonoCollect.java:144)
	at io.opentelemetry.javaagent.shaded.instrumentation.reactor.v3_1.TracingSubscriber.onComplete(TracingSubscriber.java:96)
	at reactor.core.publisher.FluxMap$MapSubscriber.onComplete(FluxMap.java:144)
	at io.opentelemetry.javaagent.shaded.instrumentation.reactor.v3_1.TracingSubscriber.onComplete(TracingSubscriber.java:96)
	at reactor.core.publisher.FluxPeek$PeekSubscriber.onComplete(FluxPeek.java:263)
	at io.opentelemetry.javaagent.shaded.instrumentation.reactor.v3_1.TracingSubscriber.onComplete(TracingSubscriber.java:96)
	at reactor.core.publisher.FluxMap$MapSubscriber.onComplete(FluxMap.java:144)
	at reactor.netty.channel.FluxReceive.onInboundComplete(FluxReceive.java:419)
	at reactor.netty.channel.ChannelOperations.onInboundComplete(ChannelOperations.java:467)
	at reactor.netty.http.server.HttpServerOperations.handleLastHttpContent(HttpServerOperations.java:911)
	at reactor.netty.http.server.HttpServerOperations.onInboundNext(HttpServerOperations.java:810)
	at reactor.netty.channel.ChannelOperationsHandler.channelRead(ChannelOperationsHandler.java:115)
	at io.netty.channel.AbstractChannelHandlerContext.fireChannelRead(AbstractChannelHandlerContext.java:357)
	at reactor.netty.http.server.HttpTrafficHandler.channelRead(HttpTrafficHandler.java:332)
	at io.netty.channel.AbstractChannelHandlerContext.fireChannelRead(AbstractChannelHandlerContext.java:355)
	at io.netty.channel.CombinedChannelDuplexHandler$DelegatingChannelHandlerContext.fireChannelRead(CombinedChannelDuplexHandler.java:434)
	at io.netty.channel.ChannelInboundHandlerAdapter.channelRead(ChannelInboundHandlerAdapter.java:93)
	at io.opentelemetry.javaagent.shaded.instrumentation.netty.v4_1.internal.server.HttpServerRequestTracingHandler.channelRead(HttpServerRequestTracingHandler.java:44)
	at io.netty.channel.CombinedChannelDuplexHandler.channelRead(CombinedChannelDuplexHandler.java:249)
	at io.netty.channel.AbstractChannelHandlerContext.fireChannelRead(AbstractChannelHandlerContext.java:355)
	at io.netty.channel.CombinedChannelDuplexHandler$DelegatingChannelHandlerContext.fireChannelRead(CombinedChannelDuplexHandler.java:434)
	at io.netty.handler.codec.ByteToMessageDecoder.fireChannelRead(ByteToMessageDecoder.java:361)
	at io.netty.handler.codec.ByteToMessageDecoder.channelRead(ByteToMessageDecoder.java:325)
	at io.netty.channel.CombinedChannelDuplexHandler.channelRead(CombinedChannelDuplexHandler.java:249)
	at io.netty.channel.AbstractChannelHandlerContext.fireChannelRead(AbstractChannelHandlerContext.java:355)
	at io.netty.channel.DefaultChannelPipeline$HeadContext.channelRead(DefaultChannelPipeline.java:1429)
	at io.netty.channel.DefaultChannelPipeline.fireChannelRead(DefaultChannelPipeline.java:918)
	at io.netty.channel.nio.AbstractNioByteChannel$NioByteUnsafe.read(AbstractNioByteChannel.java:176)
	at io.netty.channel.nio.AbstractNioChannel$AbstractNioUnsafe.handle(AbstractNioChannel.java:445)
	at io.netty.channel.nio.NioIoHandler$DefaultNioRegistration.handle(NioIoHandler.java:388)
	at io.netty.channel.nio.NioIoHandler.processSelectedKey(NioIoHandler.java:596)
	at io.netty.channel.nio.NioIoHandler.processSelectedKeysPlain(NioIoHandler.java:541)
	at io.netty.channel.nio.NioIoHandler.processSelectedKeys(NioIoHandler.java:514)
	at io.netty.channel.nio.NioIoHandler.run(NioIoHandler.java:484)
	at io.netty.channel.SingleThreadIoEventLoop.runIo(SingleThreadIoEventLoop.java:225)
	at io.netty.channel.SingleThreadIoEventLoop.run(SingleThreadIoEventLoop.java:196)
	at io.netty.util.concurrent.SingleThreadEventExecutor$5.run(SingleThreadEventExecutor.java:1195)
	at io.netty.util.internal.ThreadExecutorMap$2.run(ThreadExecutorMap.java:74)
	at io.netty.util.concurrent.FastThreadLocalRunnable.run(FastThreadLocalRunnable.java:30)
	at java.base/java.lang.Thread.run(Thread.java:1474)
Caused by: io.lettuce.core.RedisConnectionException: Unable to connect to localhost/<unresolved>:6379
	at io.lettuce.core.RedisConnectionException.create(RedisConnectionException.java:63)
	at io.lettuce.core.RedisConnectionException.create(RedisConnectionException.java:41)
	at io.lettuce.core.AbstractRedisClient.getConnection(AbstractRedisClient.java:352)
	at io.lettuce.core.RedisClient.connect(RedisClient.java:220)
	at org.springframework.data.redis.connection.lettuce.StandaloneConnectionProvider.lambda$getConnection$1(StandaloneConnectionProvider.java:113)
	at java.base/java.util.Optional.orElseGet(Optional.java:364)
	at org.springframework.data.redis.connection.lettuce.StandaloneConnectionProvider.getConnection(StandaloneConnectionProvider.java:113)
	at org.springframework.data.redis.connection.lettuce.LettuceConnectionFactory$ExceptionTranslatingConnectionProvider.getConnection(LettuceConnectionFactory.java:1797)
	... 92 common frames omitted
Caused by: io.netty.channel.AbstractChannel$AnnotatedConnectException: Connection refused: getsockopt: localhost/127.0.0.1:6379
Caused by: java.net.ConnectException: Connection refused: getsockopt
	at java.base/sun.nio.ch.Net.pollConnect(Native Method)
	at java.base/sun.nio.ch.Net.pollConnectNow(Net.java:639)
	at java.base/sun.nio.ch.SocketChannelImpl.finishConnect(SocketChannelImpl.java:1046)
	at io.netty.channel.socket.nio.NioSocketChannel.doFinishConnect(NioSocketChannel.java:330)
	at io.netty.channel.nio.AbstractNioChannel$AbstractNioUnsafe.finishConnect(AbstractNioChannel.java:384)
	at io.netty.channel.nio.AbstractNioChannel$AbstractNioUnsafe.handle(AbstractNioChannel.java:432)
	at io.netty.channel.nio.NioIoHandler$DefaultNioRegistration.handle(NioIoHandler.java:388)
	at io.netty.channel.nio.NioIoHandler.processSelectedKey(NioIoHandler.java:596)
	at io.netty.channel.nio.NioIoHandler.processSelectedKeysPlain(NioIoHandler.java:541)
	at io.netty.channel.nio.NioIoHandler.processSelectedKeys(NioIoHandler.java:514)
	at io.netty.channel.nio.NioIoHandler.run(NioIoHandler.java:484)
	at io.netty.channel.SingleThreadIoEventLoop.runIo(SingleThreadIoEventLoop.java:225)
	at io.netty.channel.SingleThreadIoEventLoop.run(SingleThreadIoEventLoop.java:196)
	at io.netty.util.concurrent.SingleThreadEventExecutor$5.run(SingleThreadEventExecutor.java:1195)
	at io.netty.util.internal.ThreadExecutorMap$2.run(ThreadExecutorMap.java:74)
	at io.netty.util.concurrent.FastThreadLocalRunnable.run(FastThreadLocalRunnable.java:30)
	at java.base/java.lang.Thread.run(Thread.java:1474)
2026-10-01 19:37:05 INFO  [reactor-http-nio-11] traceId=98222d5165ca25d7fe8a58c72ba058d6 spanId=65d567da7657d9e2 c.s.e.a.filter.AuthenticationFilter : path  /products/api/categories
2026-10-01 19:37:05 INFO  [reactor-http-nio-11] traceId=98222d5165ca25d7fe8a58c72ba058d6 spanId=65d567da7657d9e2 c.s.e.a.filter.AuthenticationFilter : method  GET
2026-10-01 19:37:05 ERROR [reactor-http-nio-11] traceId=98222d5165ca25d7fe8a58c72ba058d6 spanId=65d567da7657d9e2 o.s.c.g.f.ratelimit.RedisRateLimiter : Error calling rate limiter lua
org.springframework.data.redis.RedisConnectionFailureException: Unable to connect to Redis
	at org.springframework.data.redis.connection.lettuce.LettuceConnectionFactory$ExceptionTranslatingConnectionProvider.translateException(LettuceConnectionFactory.java:1868)
	at org.springframework.data.redis.connection.lettuce.LettuceConnectionFactory$ExceptionTranslatingConnectionProvider.getConnection(LettuceConnectionFactory.java:1799)
	at org.springframework.data.redis.connection.lettuce.LettuceConnectionFactory$SharedConnection.getNativeConnection(LettuceConnectionFactory.java:1596)
	at org.springframework.data.redis.connection.lettuce.LettuceConnectionFactory$SharedConnection.lambda$getConnection$0(LettuceConnectionFactory.java:1576)
	at org.springframework.data.redis.connection.lettuce.LettuceConnectionFactory.doInLock(LettuceConnectionFactory.java:1537)
	at org.springframework.data.redis.connection.lettuce.LettuceConnectionFactory$SharedConnection.getConnection(LettuceConnectionFactory.java:1573)
	at org.springframework.data.redis.connection.lettuce.LettuceConnectionFactory.getSharedReactiveConnection(LettuceConnectionFactory.java:1281)
	at org.springframework.data.redis.connection.lettuce.LettuceConnectionFactory.getReactiveConnection(LettuceConnectionFactory.java:1151)
	at org.springframework.data.redis.connection.lettuce.LettuceConnectionFactory.getReactiveConnection(LettuceConnectionFactory.java:120)
	at reactor.core.publisher.MonoSupplier$MonoSupplierSubscription.request(MonoSupplier.java:123)
	at reactor.core.publisher.FluxUsingWhen$ResourceSubscriber.onSubscribe(FluxUsingWhen.java:244)
	at io.opentelemetry.javaagent.shaded.instrumentation.reactor.v3_1.TracingSubscriber.onSubscribe(TracingSubscriber.java:65)
	at reactor.core.publisher.MonoSupplier.subscribe(MonoSupplier.java:47)
	at reactor.core.publisher.Mono.subscribe(Mono.java:4569)
	at reactor.core.publisher.FluxUsingWhen.subscribe(FluxUsingWhen.java:105)
	at reactor.core.publisher.Mono.subscribe(Mono.java:4569)
	at reactor.core.publisher.FluxFlatMap.trySubscribeScalarMap(FluxFlatMap.java:202)
	at reactor.core.publisher.MonoFlatMap.subscribeOrReturn(MonoFlatMap.java:53)
	at reactor.core.publisher.InternalMonoOperator.subscribe(InternalMonoOperator.java:62)
	at reactor.core.publisher.MonoDefer.subscribe(MonoDefer.java:54)
	at reactor.core.publisher.InternalMonoOperator.subscribe(InternalMonoOperator.java:75)
	at reactor.core.publisher.MonoDefer.subscribe(MonoDefer.java:54)
	at reactor.core.publisher.InternalMonoOperator.subscribe(InternalMonoOperator.java:75)
	at reactor.core.publisher.MonoDefer.subscribe(MonoDefer.java:54)
	at reactor.core.publisher.InternalMonoOperator.subscribe(InternalMonoOperator.java:75)
	at reactor.core.publisher.MonoDefer.subscribe(MonoDefer.java:54)
	at reactor.core.publisher.InternalMonoOperator.subscribe(InternalMonoOperator.java:75)
	at reactor.core.publisher.MonoDefer.subscribe(MonoDefer.java:54)
	at reactor.core.publisher.Mono.subscribe(Mono.java:4569)
	at reactor.core.publisher.MonoIgnoreThen$ThenIgnoreMain.subscribeNext(MonoIgnoreThen.java:268)
	at reactor.core.publisher.MonoIgnoreThen.subscribe(MonoIgnoreThen.java:51)
	at reactor.core.publisher.InternalMonoOperator.subscribe(InternalMonoOperator.java:75)
	at reactor.core.publisher.MonoDefer.subscribe(MonoDefer.java:54)
	at reactor.core.publisher.InternalMonoOperator.subscribe(InternalMonoOperator.java:75)
	at reactor.core.publisher.MonoFlatMap$FlatMapMain.onNext(MonoFlatMap.java:165)
	at io.opentelemetry.javaagent.shaded.instrumentation.reactor.v3_1.TracingSubscriber.onNext(TracingSubscriber.java:72)
	at reactor.core.publisher.FluxSwitchIfEmpty$SwitchIfEmptySubscriber.onNext(FluxSwitchIfEmpty.java:75)
	at io.opentelemetry.javaagent.shaded.instrumentation.reactor.v3_1.TracingSubscriber.onNext(TracingSubscriber.java:72)
	at reactor.core.publisher.FluxMap$MapSubscriber.onNext(FluxMap.java:122)
	at io.opentelemetry.javaagent.shaded.instrumentation.reactor.v3_1.TracingSubscriber.onNext(TracingSubscriber.java:72)
	at reactor.core.publisher.Operators$BaseFluxToMonoOperator.completePossiblyEmpty(Operators.java:2093)
	at reactor.core.publisher.FluxDefaultIfEmpty$DefaultIfEmptySubscriber.onComplete(FluxDefaultIfEmpty.java:134)
	at io.opentelemetry.javaagent.shaded.instrumentation.reactor.v3_1.TracingSubscriber.onComplete(TracingSubscriber.java:96)
	at reactor.core.publisher.FluxHide$SuppressFuseableSubscriber.onComplete(FluxHide.java:147)
	at reactor.core.publisher.FluxContextWrite$ContextWriteSubscriber.onComplete(FluxContextWrite.java:128)
	at io.opentelemetry.javaagent.shaded.instrumentation.reactor.v3_1.TracingSubscriber.onComplete(TracingSubscriber.java:96)
	at reactor.core.publisher.FluxHide$SuppressFuseableSubscriber.onComplete(FluxHide.java:147)
	at reactor.core.publisher.FluxMapFuseable$MapFuseableSubscriber.onComplete(FluxMapFuseable.java:153)
	at io.opentelemetry.javaagent.shaded.instrumentation.reactor.v3_1.TracingSubscriber.onComplete(TracingSubscriber.java:96)
	at reactor.core.publisher.FluxHide$SuppressFuseableSubscriber.onComplete(FluxHide.java:147)
	at reactor.core.publisher.FluxFilterFuseable$FilterFuseableSubscriber.onComplete(FluxFilterFuseable.java:172)
	at io.opentelemetry.javaagent.shaded.instrumentation.reactor.v3_1.TracingSubscriber.onComplete(TracingSubscriber.java:96)
	at reactor.core.publisher.FluxHide$SuppressFuseableSubscriber.onComplete(FluxHide.java:147)
	at reactor.core.publisher.Operators$BaseFluxToMonoOperator.completePossiblyEmpty(Operators.java:2094)
	at reactor.core.publisher.MonoCollect$CollectSubscriber.onComplete(MonoCollect.java:144)
	at io.opentelemetry.javaagent.shaded.instrumentation.reactor.v3_1.TracingSubscriber.onComplete(TracingSubscriber.java:96)
	at reactor.core.publisher.FluxMap$MapSubscriber.onComplete(FluxMap.java:144)
	at io.opentelemetry.javaagent.shaded.instrumentation.reactor.v3_1.TracingSubscriber.onComplete(TracingSubscriber.java:96)
	at reactor.core.publisher.FluxPeek$PeekSubscriber.onComplete(FluxPeek.java:263)
	at io.opentelemetry.javaagent.shaded.instrumentation.reactor.v3_1.TracingSubscriber.onComplete(TracingSubscriber.java:96)
	at reactor.core.publisher.FluxMap$MapSubscriber.onComplete(FluxMap.java:144)
	at reactor.netty.channel.FluxReceive.onInboundComplete(FluxReceive.java:419)
	at reactor.netty.channel.ChannelOperations.onInboundComplete(ChannelOperations.java:467)
	at reactor.netty.http.server.HttpServerOperations.handleLastHttpContent(HttpServerOperations.java:911)
	at reactor.netty.http.server.HttpServerOperations.onInboundNext(HttpServerOperations.java:810)
	at reactor.netty.channel.ChannelOperationsHandler.channelRead(ChannelOperationsHandler.java:115)
	at io.netty.channel.AbstractChannelHandlerContext.fireChannelRead(AbstractChannelHandlerContext.java:357)
	at reactor.netty.http.server.HttpTrafficHandler.channelRead(HttpTrafficHandler.java:332)
	at io.netty.channel.AbstractChannelHandlerContext.fireChannelRead(AbstractChannelHandlerContext.java:355)
	at io.netty.channel.CombinedChannelDuplexHandler$DelegatingChannelHandlerContext.fireChannelRead(CombinedChannelDuplexHandler.java:434)
	at io.netty.channel.ChannelInboundHandlerAdapter.channelRead(ChannelInboundHandlerAdapter.java:93)
	at io.opentelemetry.javaagent.shaded.instrumentation.netty.v4_1.internal.server.HttpServerRequestTracingHandler.channelRead(HttpServerRequestTracingHandler.java:44)
	at io.netty.channel.CombinedChannelDuplexHandler.channelRead(CombinedChannelDuplexHandler.java:249)
	at io.netty.channel.AbstractChannelHandlerContext.fireChannelRead(AbstractChannelHandlerContext.java:355)
	at io.netty.channel.CombinedChannelDuplexHandler$DelegatingChannelHandlerContext.fireChannelRead(CombinedChannelDuplexHandler.java:434)
	at io.netty.handler.codec.ByteToMessageDecoder.fireChannelRead(ByteToMessageDecoder.java:361)
	at io.netty.handler.codec.ByteToMessageDecoder.channelRead(ByteToMessageDecoder.java:325)
	at io.netty.channel.CombinedChannelDuplexHandler.channelRead(CombinedChannelDuplexHandler.java:249)
	at io.netty.channel.AbstractChannelHandlerContext.fireChannelRead(AbstractChannelHandlerContext.java:355)
	at io.netty.channel.DefaultChannelPipeline$HeadContext.channelRead(DefaultChannelPipeline.java:1429)
	at io.netty.channel.DefaultChannelPipeline.fireChannelRead(DefaultChannelPipeline.java:918)
	at io.netty.channel.nio.AbstractNioByteChannel$NioByteUnsafe.read(AbstractNioByteChannel.java:176)
	at io.netty.channel.nio.AbstractNioChannel$AbstractNioUnsafe.handle(AbstractNioChannel.java:445)
	at io.netty.channel.nio.NioIoHandler$DefaultNioRegistration.handle(NioIoHandler.java:388)
	at io.netty.channel.nio.NioIoHandler.processSelectedKey(NioIoHandler.java:596)
	at io.netty.channel.nio.NioIoHandler.processSelectedKeysPlain(NioIoHandler.java:541)
	at io.netty.channel.nio.NioIoHandler.processSelectedKeys(NioIoHandler.java:514)
	at io.netty.channel.nio.NioIoHandler.run(NioIoHandler.java:484)
	at io.netty.channel.SingleThreadIoEventLoop.runIo(SingleThreadIoEventLoop.java:225)
	at io.netty.channel.SingleThreadIoEventLoop.run(SingleThreadIoEventLoop.java:196)
	at io.netty.util.concurrent.SingleThreadEventExecutor$5.run(SingleThreadEventExecutor.java:1195)
	at io.netty.util.internal.ThreadExecutorMap$2.run(ThreadExecutorMap.java:74)
	at io.netty.util.concurrent.FastThreadLocalRunnable.run(FastThreadLocalRunnable.java:30)
	at java.base/java.lang.Thread.run(Thread.java:1474)
Caused by: io.lettuce.core.RedisConnectionException: Unable to connect to localhost/<unresolved>:6379
	at io.lettuce.core.RedisConnectionException.create(RedisConnectionException.java:63)
	at io.lettuce.core.RedisConnectionException.create(RedisConnectionException.java:41)
	at io.lettuce.core.AbstractRedisClient.getConnection(AbstractRedisClient.java:352)
	at io.lettuce.core.RedisClient.connect(RedisClient.java:220)
	at org.springframework.data.redis.connection.lettuce.StandaloneConnectionProvider.lambda$getConnection$1(StandaloneConnectionProvider.java:113)
	at java.base/java.util.Optional.orElseGet(Optional.java:364)
	at org.springframework.data.redis.connection.lettuce.StandaloneConnectionProvider.getConnection(StandaloneConnectionProvider.java:113)
	at org.springframework.data.redis.connection.lettuce.LettuceConnectionFactory$ExceptionTranslatingConnectionProvider.getConnection(LettuceConnectionFactory.java:1797)
	... 92 common frames omitted
Caused by: io.netty.channel.AbstractChannel$AnnotatedConnectException: Connection refused: getsockopt: localhost/127.0.0.1:6379
Caused by: java.net.ConnectException: Connection refused: getsockopt
	at java.base/sun.nio.ch.Net.pollConnect(Native Method)
	at java.base/sun.nio.ch.Net.pollConnectNow(Net.java:639)
	at java.base/sun.nio.ch.SocketChannelImpl.finishConnect(SocketChannelImpl.java:1046)
	at io.netty.channel.socket.nio.NioSocketChannel.doFinishConnect(NioSocketChannel.java:330)
	at io.netty.channel.nio.AbstractNioChannel$AbstractNioUnsafe.finishConnect(AbstractNioChannel.java:384)
	at io.netty.channel.nio.AbstractNioChannel$AbstractNioUnsafe.handle(AbstractNioChannel.java:432)
	at io.netty.channel.nio.NioIoHandler$DefaultNioRegistration.handle(NioIoHandler.java:388)
	at io.netty.channel.nio.NioIoHandler.processSelectedKey(NioIoHandler.java:596)
	at io.netty.channel.nio.NioIoHandler.processSelectedKeysPlain(NioIoHandler.java:541)
	at io.netty.channel.nio.NioIoHandler.processSelectedKeys(NioIoHandler.java:514)
	at io.netty.channel.nio.NioIoHandler.run(NioIoHandler.java:484)
	at io.netty.channel.SingleThreadIoEventLoop.runIo(SingleThreadIoEventLoop.java:225)
	at io.netty.channel.SingleThreadIoEventLoop.run(SingleThreadIoEventLoop.java:196)
	at io.netty.util.concurrent.SingleThreadEventExecutor$5.run(SingleThreadEventExecutor.java:1195)
	at io.netty.util.internal.ThreadExecutorMap$2.run(ThreadExecutorMap.java:74)
	at io.netty.util.concurrent.FastThreadLocalRunnable.run(FastThreadLocalRunnable.java:30)
	at java.base/java.lang.Thread.run(Thread.java:1474)
2026-10-01 19:38:02 INFO  [reactor-http-nio-13] traceId=e230da5b6ab6a45ee6b59219f3f2f1be spanId=2a517a41974c7170 c.s.e.a.filter.AuthenticationFilter : path  /products/api/categories
2026-10-01 19:38:02 INFO  [reactor-http-nio-13] traceId=e230da5b6ab6a45ee6b59219f3f2f1be spanId=2a517a41974c7170 c.s.e.a.filter.AuthenticationFilter : method  GET
2026-10-01 19:38:02 INFO  [reactor-http-nio-12] traceId=b99e1e02a3cfdfd848309509672f01f0 spanId=f30a1404780932a2 c.s.e.a.filter.AuthenticationFilter : path  /products/api/products/filter
2026-10-01 19:38:02 INFO  [reactor-http-nio-12] traceId=b99e1e02a3cfdfd848309509672f01f0 spanId=f30a1404780932a2 c.s.e.a.filter.AuthenticationFilter : method  GET
2026-10-01 19:38:02 ERROR [reactor-http-nio-12] traceId=b99e1e02a3cfdfd848309509672f01f0 spanId=f30a1404780932a2 o.s.c.g.f.ratelimit.RedisRateLimiter : Error calling rate limiter lua
org.springframework.data.redis.RedisConnectionFailureException: Unable to connect to Redis
	at org.springframework.data.redis.connection.lettuce.LettuceConnectionFactory$ExceptionTranslatingConnectionProvider.translateException(LettuceConnectionFactory.java:1868)
	at org.springframework.data.redis.connection.lettuce.LettuceConnectionFactory$ExceptionTranslatingConnectionProvider.getConnection(LettuceConnectionFactory.java:1799)
	at org.springframework.data.redis.connection.lettuce.LettuceConnectionFactory$SharedConnection.getNativeConnection(LettuceConnectionFactory.java:1596)
	at org.springframework.data.redis.connection.lettuce.LettuceConnectionFactory$SharedConnection.lambda$getConnection$0(LettuceConnectionFactory.java:1576)
	at org.springframework.data.redis.connection.lettuce.LettuceConnectionFactory.doInLock(LettuceConnectionFactory.java:1537)
	at org.springframework.data.redis.connection.lettuce.LettuceConnectionFactory$SharedConnection.getConnection(LettuceConnectionFactory.java:1573)
	at org.springframework.data.redis.connection.lettuce.LettuceConnectionFactory.getSharedReactiveConnection(LettuceConnectionFactory.java:1281)
	at org.springframework.data.redis.connection.lettuce.LettuceConnectionFactory.getReactiveConnection(LettuceConnectionFactory.java:1151)
	at org.springframework.data.redis.connection.lettuce.LettuceConnectionFactory.getReactiveConnection(LettuceConnectionFactory.java:120)
	at reactor.core.publisher.MonoSupplier$MonoSupplierSubscription.request(MonoSupplier.java:123)
	at reactor.core.publisher.FluxUsingWhen$ResourceSubscriber.onSubscribe(FluxUsingWhen.java:244)
	at io.opentelemetry.javaagent.shaded.instrumentation.reactor.v3_1.TracingSubscriber.onSubscribe(TracingSubscriber.java:65)
	at reactor.core.publisher.MonoSupplier.subscribe(MonoSupplier.java:47)
	at reactor.core.publisher.Mono.subscribe(Mono.java:4569)
	at reactor.core.publisher.FluxUsingWhen.subscribe(FluxUsingWhen.java:105)
	at reactor.core.publisher.Mono.subscribe(Mono.java:4569)
	at reactor.core.publisher.FluxFlatMap.trySubscribeScalarMap(FluxFlatMap.java:202)
	at reactor.core.publisher.MonoFlatMap.subscribeOrReturn(MonoFlatMap.java:53)
	at reactor.core.publisher.InternalMonoOperator.subscribe(InternalMonoOperator.java:62)
	at reactor.core.publisher.MonoDefer.subscribe(MonoDefer.java:54)
	at reactor.core.publisher.InternalMonoOperator.subscribe(InternalMonoOperator.java:75)
	at reactor.core.publisher.MonoDefer.subscribe(MonoDefer.java:54)
	at reactor.core.publisher.InternalMonoOperator.subscribe(InternalMonoOperator.java:75)
	at reactor.core.publisher.MonoDefer.subscribe(MonoDefer.java:54)
	at reactor.core.publisher.InternalMonoOperator.subscribe(InternalMonoOperator.java:75)
	at reactor.core.publisher.MonoDefer.subscribe(MonoDefer.java:54)
	at reactor.core.publisher.InternalMonoOperator.subscribe(InternalMonoOperator.java:75)
	at reactor.core.publisher.MonoDefer.subscribe(MonoDefer.java:54)
	at reactor.core.publisher.Mono.subscribe(Mono.java:4569)
	at reactor.core.publisher.MonoIgnoreThen$ThenIgnoreMain.subscribeNext(MonoIgnoreThen.java:268)
	at reactor.core.publisher.MonoIgnoreThen.subscribe(MonoIgnoreThen.java:51)
	at reactor.core.publisher.InternalMonoOperator.subscribe(InternalMonoOperator.java:75)
	at reactor.core.publisher.MonoDefer.subscribe(MonoDefer.java:54)
	at reactor.core.publisher.InternalMonoOperator.subscribe(InternalMonoOperator.java:75)
	at reactor.core.publisher.MonoFlatMap$FlatMapMain.onNext(MonoFlatMap.java:165)
	at io.opentelemetry.javaagent.shaded.instrumentation.reactor.v3_1.TracingSubscriber.onNext(TracingSubscriber.java:72)
	at reactor.core.publisher.FluxSwitchIfEmpty$SwitchIfEmptySubscriber.onNext(FluxSwitchIfEmpty.java:75)
	at io.opentelemetry.javaagent.shaded.instrumentation.reactor.v3_1.TracingSubscriber.onNext(TracingSubscriber.java:72)
	at reactor.core.publisher.FluxMap$MapSubscriber.onNext(FluxMap.java:122)
	at io.opentelemetry.javaagent.shaded.instrumentation.reactor.v3_1.TracingSubscriber.onNext(TracingSubscriber.java:72)
	at reactor.core.publisher.Operators$BaseFluxToMonoOperator.completePossiblyEmpty(Operators.java:2093)
	at reactor.core.publisher.FluxDefaultIfEmpty$DefaultIfEmptySubscriber.onComplete(FluxDefaultIfEmpty.java:134)
	at io.opentelemetry.javaagent.shaded.instrumentation.reactor.v3_1.TracingSubscriber.onComplete(TracingSubscriber.java:96)
	at reactor.core.publisher.FluxHide$SuppressFuseableSubscriber.onComplete(FluxHide.java:147)
	at reactor.core.publisher.FluxContextWrite$ContextWriteSubscriber.onComplete(FluxContextWrite.java:128)
	at io.opentelemetry.javaagent.shaded.instrumentation.reactor.v3_1.TracingSubscriber.onComplete(TracingSubscriber.java:96)
	at reactor.core.publisher.FluxHide$SuppressFuseableSubscriber.onComplete(FluxHide.java:147)
	at reactor.core.publisher.FluxMapFuseable$MapFuseableSubscriber.onComplete(FluxMapFuseable.java:153)
	at io.opentelemetry.javaagent.shaded.instrumentation.reactor.v3_1.TracingSubscriber.onComplete(TracingSubscriber.java:96)
	at reactor.core.publisher.FluxHide$SuppressFuseableSubscriber.onComplete(FluxHide.java:147)
	at reactor.core.publisher.FluxFilterFuseable$FilterFuseableSubscriber.onComplete(FluxFilterFuseable.java:172)
	at io.opentelemetry.javaagent.shaded.instrumentation.reactor.v3_1.TracingSubscriber.onComplete(TracingSubscriber.java:96)
	at reactor.core.publisher.FluxHide$SuppressFuseableSubscriber.onComplete(FluxHide.java:147)
	at reactor.core.publisher.Operators$BaseFluxToMonoOperator.completePossiblyEmpty(Operators.java:2094)
	at reactor.core.publisher.MonoCollect$CollectSubscriber.onComplete(MonoCollect.java:144)
	at io.opentelemetry.javaagent.shaded.instrumentation.reactor.v3_1.TracingSubscriber.onComplete(TracingSubscriber.java:96)
	at reactor.core.publisher.FluxMap$MapSubscriber.onComplete(FluxMap.java:144)
	at io.opentelemetry.javaagent.shaded.instrumentation.reactor.v3_1.TracingSubscriber.onComplete(TracingSubscriber.java:96)
	at reactor.core.publisher.FluxPeek$PeekSubscriber.onComplete(FluxPeek.java:263)
	at io.opentelemetry.javaagent.shaded.instrumentation.reactor.v3_1.TracingSubscriber.onComplete(TracingSubscriber.java:96)
	at reactor.core.publisher.FluxMap$MapSubscriber.onComplete(FluxMap.java:144)
	at reactor.netty.channel.FluxReceive.onInboundComplete(FluxReceive.java:419)
	at reactor.netty.channel.ChannelOperations.onInboundComplete(ChannelOperations.java:467)
	at reactor.netty.http.server.HttpServerOperations.handleLastHttpContent(HttpServerOperations.java:911)
	at reactor.netty.http.server.HttpServerOperations.onInboundNext(HttpServerOperations.java:810)
	at reactor.netty.channel.ChannelOperationsHandler.channelRead(ChannelOperationsHandler.java:115)
	at io.netty.channel.AbstractChannelHandlerContext.fireChannelRead(AbstractChannelHandlerContext.java:357)
	at reactor.netty.http.server.HttpTrafficHandler.channelRead(HttpTrafficHandler.java:332)
	at io.netty.channel.AbstractChannelHandlerContext.fireChannelRead(AbstractChannelHandlerContext.java:355)
	at io.netty.channel.CombinedChannelDuplexHandler$DelegatingChannelHandlerContext.fireChannelRead(CombinedChannelDuplexHandler.java:434)
	at io.netty.channel.ChannelInboundHandlerAdapter.channelRead(ChannelInboundHandlerAdapter.java:93)
	at io.opentelemetry.javaagent.shaded.instrumentation.netty.v4_1.internal.server.HttpServerRequestTracingHandler.channelRead(HttpServerRequestTracingHandler.java:44)
	at io.netty.channel.CombinedChannelDuplexHandler.channelRead(CombinedChannelDuplexHandler.java:249)
	at io.netty.channel.AbstractChannelHandlerContext.fireChannelRead(AbstractChannelHandlerContext.java:355)
	at io.netty.channel.CombinedChannelDuplexHandler$DelegatingChannelHandlerContext.fireChannelRead(CombinedChannelDuplexHandler.java:434)
	at io.netty.handler.codec.ByteToMessageDecoder.fireChannelRead(ByteToMessageDecoder.java:361)
	at io.netty.handler.codec.ByteToMessageDecoder.channelRead(ByteToMessageDecoder.java:325)
	at io.netty.channel.CombinedChannelDuplexHandler.channelRead(CombinedChannelDuplexHandler.java:249)
	at io.netty.channel.AbstractChannelHandlerContext.fireChannelRead(AbstractChannelHandlerContext.java:355)
	at io.netty.channel.DefaultChannelPipeline$HeadContext.channelRead(DefaultChannelPipeline.java:1429)
	at io.netty.channel.DefaultChannelPipeline.fireChannelRead(DefaultChannelPipeline.java:918)
	at io.netty.channel.nio.AbstractNioByteChannel$NioByteUnsafe.read(AbstractNioByteChannel.java:176)
	at io.netty.channel.nio.AbstractNioChannel$AbstractNioUnsafe.handle(AbstractNioChannel.java:445)
	at io.netty.channel.nio.NioIoHandler$DefaultNioRegistration.handle(NioIoHandler.java:388)
	at io.netty.channel.nio.NioIoHandler.processSelectedKey(NioIoHandler.java:596)
	at io.netty.channel.nio.NioIoHandler.processSelectedKeysPlain(NioIoHandler.java:541)
	at io.netty.channel.nio.NioIoHandler.processSelectedKeys(NioIoHandler.java:514)
	at io.netty.channel.nio.NioIoHandler.run(NioIoHandler.java:484)
	at io.netty.channel.SingleThreadIoEventLoop.runIo(SingleThreadIoEventLoop.java:225)
	at io.netty.channel.SingleThreadIoEventLoop.run(SingleThreadIoEventLoop.java:196)
	at io.netty.util.concurrent.SingleThreadEventExecutor$5.run(SingleThreadEventExecutor.java:1195)
	at io.netty.util.internal.ThreadExecutorMap$2.run(ThreadExecutorMap.java:74)
	at io.netty.util.concurrent.FastThreadLocalRunnable.run(FastThreadLocalRunnable.java:30)
	at java.base/java.lang.Thread.run(Thread.java:1474)
Caused by: io.lettuce.core.RedisConnectionException: Unable to connect to localhost/<unresolved>:6379
	at io.lettuce.core.RedisConnectionException.create(RedisConnectionException.java:63)
	at io.lettuce.core.RedisConnectionException.create(RedisConnectionException.java:41)
	at io.lettuce.core.AbstractRedisClient.getConnection(AbstractRedisClient.java:352)
	at io.lettuce.core.RedisClient.connect(RedisClient.java:220)
	at org.springframework.data.redis.connection.lettuce.StandaloneConnectionProvider.lambda$getConnection$1(StandaloneConnectionProvider.java:113)
	at java.base/java.util.Optional.orElseGet(Optional.java:364)
	at org.springframework.data.redis.connection.lettuce.StandaloneConnectionProvider.getConnection(StandaloneConnectionProvider.java:113)
	at org.springframework.data.redis.connection.lettuce.LettuceConnectionFactory$ExceptionTranslatingConnectionProvider.getConnection(LettuceConnectionFactory.java:1797)
	... 92 common frames omitted
Caused by: io.netty.channel.AbstractChannel$AnnotatedConnectException: Connection refused: getsockopt: localhost/127.0.0.1:6379
Caused by: java.net.ConnectException: Connection refused: getsockopt
	at java.base/sun.nio.ch.Net.pollConnect(Native Method)
	at java.base/sun.nio.ch.Net.pollConnectNow(Net.java:639)
	at java.base/sun.nio.ch.SocketChannelImpl.finishConnect(SocketChannelImpl.java:1046)
	at io.netty.channel.socket.nio.NioSocketChannel.doFinishConnect(NioSocketChannel.java:330)
	at io.netty.channel.nio.AbstractNioChannel$AbstractNioUnsafe.finishConnect(AbstractNioChannel.java:384)
	at io.netty.channel.nio.AbstractNioChannel$AbstractNioUnsafe.handle(AbstractNioChannel.java:432)
	at io.netty.channel.nio.NioIoHandler$DefaultNioRegistration.handle(NioIoHandler.java:388)
	at io.netty.channel.nio.NioIoHandler.processSelectedKey(NioIoHandler.java:596)
	at io.netty.channel.nio.NioIoHandler.processSelectedKeysPlain(NioIoHandler.java:541)
	at io.netty.channel.nio.NioIoHandler.processSelectedKeys(NioIoHandler.java:514)
	at io.netty.channel.nio.NioIoHandler.run(NioIoHandler.java:484)
	at io.netty.channel.SingleThreadIoEventLoop.runIo(SingleThreadIoEventLoop.java:225)
	at io.netty.channel.SingleThreadIoEventLoop.run(SingleThreadIoEventLoop.java:196)
	at io.netty.util.concurrent.SingleThreadEventExecutor$5.run(SingleThreadEventExecutor.java:1195)
	at io.netty.util.internal.ThreadExecutorMap$2.run(ThreadExecutorMap.java:74)
	at io.netty.util.concurrent.FastThreadLocalRunnable.run(FastThreadLocalRunnable.java:30)
	at java.base/java.lang.Thread.run(Thread.java:1474)
2026-10-01 19:38:02 ERROR [reactor-http-nio-13] traceId=e230da5b6ab6a45ee6b59219f3f2f1be spanId=2a517a41974c7170 o.s.c.g.f.ratelimit.RedisRateLimiter : Error calling rate limiter lua
org.springframework.data.redis.RedisConnectionFailureException: Unable to connect to Redis
	at org.springframework.data.redis.connection.lettuce.LettuceConnectionFactory$ExceptionTranslatingConnectionProvider.translateException(LettuceConnectionFactory.java:1868)
	at org.springframework.data.redis.connection.lettuce.LettuceConnectionFactory$ExceptionTranslatingConnectionProvider.getConnection(LettuceConnectionFactory.java:1799)
	at org.springframework.data.redis.connection.lettuce.LettuceConnectionFactory$SharedConnection.getNativeConnection(LettuceConnectionFactory.java:1596)
	at org.springframework.data.redis.connection.lettuce.LettuceConnectionFactory$SharedConnection.lambda$getConnection$0(LettuceConnectionFactory.java:1576)
	at org.springframework.data.redis.connection.lettuce.LettuceConnectionFactory.doInLock(LettuceConnectionFactory.java:1537)
	at org.springframework.data.redis.connection.lettuce.LettuceConnectionFactory$SharedConnection.getConnection(LettuceConnectionFactory.java:1573)
	at org.springframework.data.redis.connection.lettuce.LettuceConnectionFactory.getSharedReactiveConnection(LettuceConnectionFactory.java:1281)
	at org.springframework.data.redis.connection.lettuce.LettuceConnectionFactory.getReactiveConnection(LettuceConnectionFactory.java:1151)
	at org.springframework.data.redis.connection.lettuce.LettuceConnectionFactory.getReactiveConnection(LettuceConnectionFactory.java:120)
	at reactor.core.publisher.MonoSupplier$MonoSupplierSubscription.request(MonoSupplier.java:123)
	at reactor.core.publisher.FluxUsingWhen$ResourceSubscriber.onSubscribe(FluxUsingWhen.java:244)
	at io.opentelemetry.javaagent.shaded.instrumentation.reactor.v3_1.TracingSubscriber.onSubscribe(TracingSubscriber.java:65)
	at reactor.core.publisher.MonoSupplier.subscribe(MonoSupplier.java:47)
	at reactor.core.publisher.Mono.subscribe(Mono.java:4569)
	at reactor.core.publisher.FluxUsingWhen.subscribe(FluxUsingWhen.java:105)
	at reactor.core.publisher.Mono.subscribe(Mono.java:4569)
	at reactor.core.publisher.FluxFlatMap.trySubscribeScalarMap(FluxFlatMap.java:202)
	at reactor.core.publisher.MonoFlatMap.subscribeOrReturn(MonoFlatMap.java:53)
	at reactor.core.publisher.InternalMonoOperator.subscribe(InternalMonoOperator.java:62)
	at reactor.core.publisher.MonoDefer.subscribe(MonoDefer.java:54)
	at reactor.core.publisher.InternalMonoOperator.subscribe(InternalMonoOperator.java:75)
	at reactor.core.publisher.MonoDefer.subscribe(MonoDefer.java:54)
	at reactor.core.publisher.InternalMonoOperator.subscribe(InternalMonoOperator.java:75)
	at reactor.core.publisher.MonoDefer.subscribe(MonoDefer.java:54)
	at reactor.core.publisher.InternalMonoOperator.subscribe(InternalMonoOperator.java:75)
	at reactor.core.publisher.MonoDefer.subscribe(MonoDefer.java:54)
	at reactor.core.publisher.InternalMonoOperator.subscribe(InternalMonoOperator.java:75)
	at reactor.core.publisher.MonoDefer.subscribe(MonoDefer.java:54)
	at reactor.core.publisher.Mono.subscribe(Mono.java:4569)
	at reactor.core.publisher.MonoIgnoreThen$ThenIgnoreMain.subscribeNext(MonoIgnoreThen.java:268)
	at reactor.core.publisher.MonoIgnoreThen.subscribe(MonoIgnoreThen.java:51)
	at reactor.core.publisher.InternalMonoOperator.subscribe(InternalMonoOperator.java:75)
	at reactor.core.publisher.MonoDefer.subscribe(MonoDefer.java:54)
	at reactor.core.publisher.InternalMonoOperator.subscribe(InternalMonoOperator.java:75)
	at reactor.core.publisher.MonoFlatMap$FlatMapMain.onNext(MonoFlatMap.java:165)
	at io.opentelemetry.javaagent.shaded.instrumentation.reactor.v3_1.TracingSubscriber.onNext(TracingSubscriber.java:72)
	at reactor.core.publisher.FluxSwitchIfEmpty$SwitchIfEmptySubscriber.onNext(FluxSwitchIfEmpty.java:75)
	at io.opentelemetry.javaagent.shaded.instrumentation.reactor.v3_1.TracingSubscriber.onNext(TracingSubscriber.java:72)
	at reactor.core.publisher.FluxMap$MapSubscriber.onNext(FluxMap.java:122)
	at io.opentelemetry.javaagent.shaded.instrumentation.reactor.v3_1.TracingSubscriber.onNext(TracingSubscriber.java:72)
	at reactor.core.publisher.Operators$BaseFluxToMonoOperator.completePossiblyEmpty(Operators.java:2093)
	at reactor.core.publisher.FluxDefaultIfEmpty$DefaultIfEmptySubscriber.onComplete(FluxDefaultIfEmpty.java:134)
	at io.opentelemetry.javaagent.shaded.instrumentation.reactor.v3_1.TracingSubscriber.onComplete(TracingSubscriber.java:96)
	at reactor.core.publisher.FluxHide$SuppressFuseableSubscriber.onComplete(FluxHide.java:147)
	at reactor.core.publisher.FluxContextWrite$ContextWriteSubscriber.onComplete(FluxContextWrite.java:128)
	at io.opentelemetry.javaagent.shaded.instrumentation.reactor.v3_1.TracingSubscriber.onComplete(TracingSubscriber.java:96)
	at reactor.core.publisher.FluxHide$SuppressFuseableSubscriber.onComplete(FluxHide.java:147)
	at reactor.core.publisher.FluxMapFuseable$MapFuseableSubscriber.onComplete(FluxMapFuseable.java:153)
	at io.opentelemetry.javaagent.shaded.instrumentation.reactor.v3_1.TracingSubscriber.onComplete(TracingSubscriber.java:96)
	at reactor.core.publisher.FluxHide$SuppressFuseableSubscriber.onComplete(FluxHide.java:147)
	at reactor.core.publisher.FluxFilterFuseable$FilterFuseableSubscriber.onComplete(FluxFilterFuseable.java:172)
	at io.opentelemetry.javaagent.shaded.instrumentation.reactor.v3_1.TracingSubscriber.onComplete(TracingSubscriber.java:96)
	at reactor.core.publisher.FluxHide$SuppressFuseableSubscriber.onComplete(FluxHide.java:147)
	at reactor.core.publisher.Operators$BaseFluxToMonoOperator.completePossiblyEmpty(Operators.java:2094)
	at reactor.core.publisher.MonoCollect$CollectSubscriber.onComplete(MonoCollect.java:144)
	at io.opentelemetry.javaagent.shaded.instrumentation.reactor.v3_1.TracingSubscriber.onComplete(TracingSubscriber.java:96)
	at reactor.core.publisher.FluxMap$MapSubscriber.onComplete(FluxMap.java:144)
	at io.opentelemetry.javaagent.shaded.instrumentation.reactor.v3_1.TracingSubscriber.onComplete(TracingSubscriber.java:96)
	at reactor.core.publisher.FluxPeek$PeekSubscriber.onComplete(FluxPeek.java:263)
	at io.opentelemetry.javaagent.shaded.instrumentation.reactor.v3_1.TracingSubscriber.onComplete(TracingSubscriber.java:96)
	at reactor.core.publisher.FluxMap$MapSubscriber.onComplete(FluxMap.java:144)
	at reactor.netty.channel.FluxReceive.onInboundComplete(FluxReceive.java:419)
	at reactor.netty.channel.ChannelOperations.onInboundComplete(ChannelOperations.java:467)
	at reactor.netty.http.server.HttpServerOperations.handleLastHttpContent(HttpServerOperations.java:911)
	at reactor.netty.http.server.HttpServerOperations.onInboundNext(HttpServerOperations.java:810)
	at reactor.netty.channel.ChannelOperationsHandler.channelRead(ChannelOperationsHandler.java:115)
	at io.netty.channel.AbstractChannelHandlerContext.fireChannelRead(AbstractChannelHandlerContext.java:357)
	at reactor.netty.http.server.HttpTrafficHandler.channelRead(HttpTrafficHandler.java:332)
	at io.netty.channel.AbstractChannelHandlerContext.fireChannelRead(AbstractChannelHandlerContext.java:355)
	at io.netty.channel.CombinedChannelDuplexHandler$DelegatingChannelHandlerContext.fireChannelRead(CombinedChannelDuplexHandler.java:434)
	at io.netty.channel.ChannelInboundHandlerAdapter.channelRead(ChannelInboundHandlerAdapter.java:93)
	at io.opentelemetry.javaagent.shaded.instrumentation.netty.v4_1.internal.server.HttpServerRequestTracingHandler.channelRead(HttpServerRequestTracingHandler.java:44)
	at io.netty.channel.CombinedChannelDuplexHandler.channelRead(CombinedChannelDuplexHandler.java:249)
	at io.netty.channel.AbstractChannelHandlerContext.fireChannelRead(AbstractChannelHandlerContext.java:355)
	at io.netty.channel.CombinedChannelDuplexHandler$DelegatingChannelHandlerContext.fireChannelRead(CombinedChannelDuplexHandler.java:434)
	at io.netty.handler.codec.ByteToMessageDecoder.fireChannelRead(ByteToMessageDecoder.java:361)
	at io.netty.handler.codec.ByteToMessageDecoder.channelRead(ByteToMessageDecoder.java:325)
	at io.netty.channel.CombinedChannelDuplexHandler.channelRead(CombinedChannelDuplexHandler.java:249)
	at io.netty.channel.AbstractChannelHandlerContext.fireChannelRead(AbstractChannelHandlerContext.java:355)
	at io.netty.channel.DefaultChannelPipeline$HeadContext.channelRead(DefaultChannelPipeline.java:1429)
	at io.netty.channel.DefaultChannelPipeline.fireChannelRead(DefaultChannelPipeline.java:918)
	at io.netty.channel.nio.AbstractNioByteChannel$NioByteUnsafe.read(AbstractNioByteChannel.java:176)
	at io.netty.channel.nio.AbstractNioChannel$AbstractNioUnsafe.handle(AbstractNioChannel.java:445)
	at io.netty.channel.nio.NioIoHandler$DefaultNioRegistration.handle(NioIoHandler.java:388)
	at io.netty.channel.nio.NioIoHandler.processSelectedKey(NioIoHandler.java:596)
	at io.netty.channel.nio.NioIoHandler.processSelectedKeysPlain(NioIoHandler.java:541)
	at io.netty.channel.nio.NioIoHandler.processSelectedKeys(NioIoHandler.java:514)
	at io.netty.channel.nio.NioIoHandler.run(NioIoHandler.java:484)
	at io.netty.channel.SingleThreadIoEventLoop.runIo(SingleThreadIoEventLoop.java:225)
	at io.netty.channel.SingleThreadIoEventLoop.run(SingleThreadIoEventLoop.java:196)
	at io.netty.util.concurrent.SingleThreadEventExecutor$5.run(SingleThreadEventExecutor.java:1195)
	at io.netty.util.internal.ThreadExecutorMap$2.run(ThreadExecutorMap.java:74)
	at io.netty.util.concurrent.FastThreadLocalRunnable.run(FastThreadLocalRunnable.java:30)
	at java.base/java.lang.Thread.run(Thread.java:1474)
Caused by: io.lettuce.core.RedisConnectionException: Unable to connect to localhost/<unresolved>:6379
	at io.lettuce.core.RedisConnectionException.create(RedisConnectionException.java:63)
	at io.lettuce.core.RedisConnectionException.create(RedisConnectionException.java:41)
	at io.lettuce.core.AbstractRedisClient.getConnection(AbstractRedisClient.java:352)
	at io.lettuce.core.RedisClient.connect(RedisClient.java:220)
	at org.springframework.data.redis.connection.lettuce.StandaloneConnectionProvider.lambda$getConnection$1(StandaloneConnectionProvider.java:113)
	at java.base/java.util.Optional.orElseGet(Optional.java:364)
	at org.springframework.data.redis.connection.lettuce.StandaloneConnectionProvider.getConnection(StandaloneConnectionProvider.java:113)
	at org.springframework.data.redis.connection.lettuce.LettuceConnectionFactory$ExceptionTranslatingConnectionProvider.getConnection(LettuceConnectionFactory.java:1797)
	... 92 common frames omitted
Caused by: io.netty.channel.AbstractChannel$AnnotatedConnectException: Connection refused: getsockopt: localhost/127.0.0.1:6379
Caused by: java.net.ConnectException: Connection refused: getsockopt
	at java.base/sun.nio.ch.Net.pollConnect(Native Method)
	at java.base/sun.nio.ch.Net.pollConnectNow(Net.java:639)
	at java.base/sun.nio.ch.SocketChannelImpl.finishConnect(SocketChannelImpl.java:1046)
	at io.netty.channel.socket.nio.NioSocketChannel.doFinishConnect(NioSocketChannel.java:330)
	at io.netty.channel.nio.AbstractNioChannel$AbstractNioUnsafe.finishConnect(AbstractNioChannel.java:384)
	at io.netty.channel.nio.AbstractNioChannel$AbstractNioUnsafe.handle(AbstractNioChannel.java:432)
	at io.netty.channel.nio.NioIoHandler$DefaultNioRegistration.handle(NioIoHandler.java:388)
	at io.netty.channel.nio.NioIoHandler.processSelectedKey(NioIoHandler.java:596)
	at io.netty.channel.nio.NioIoHandler.processSelectedKeysPlain(NioIoHandler.java:541)
	at io.netty.channel.nio.NioIoHandler.processSelectedKeys(NioIoHandler.java:514)
	at io.netty.channel.nio.NioIoHandler.run(NioIoHandler.java:484)
	at io.netty.channel.SingleThreadIoEventLoop.runIo(SingleThreadIoEventLoop.java:225)
	at io.netty.channel.SingleThreadIoEventLoop.run(SingleThreadIoEventLoop.java:196)
	at io.netty.util.concurrent.SingleThreadEventExecutor$5.run(SingleThreadEventExecutor.java:1195)
	at io.netty.util.internal.ThreadExecutorMap$2.run(ThreadExecutorMap.java:74)
	at io.netty.util.concurrent.FastThreadLocalRunnable.run(FastThreadLocalRunnable.java:30)
	at java.base/java.lang.Thread.run(Thread.java:1474)
2026-10-01 19:38:02 INFO  [reactor-http-nio-14] traceId=e4349f431687ba028d312f0bfe35cea5 spanId=6911eaf1f213ccf8 c.s.e.a.filter.AuthenticationFilter : path  /products/api/categories
2026-10-01 19:38:02 INFO  [reactor-http-nio-14] traceId=e4349f431687ba028d312f0bfe35cea5 spanId=6911eaf1f213ccf8 c.s.e.a.filter.AuthenticationFilter : method  GET
2026-10-01 19:38:02 ERROR [reactor-http-nio-14] traceId=e4349f431687ba028d312f0bfe35cea5 spanId=6911eaf1f213ccf8 o.s.c.g.f.ratelimit.RedisRateLimiter : Error calling rate limiter lua
org.springframework.data.redis.RedisConnectionFailureException: Unable to connect to Redis
	at org.springframework.data.redis.connection.lettuce.LettuceConnectionFactory$ExceptionTranslatingConnectionProvider.translateException(LettuceConnectionFactory.java:1868)
	at org.springframework.data.redis.connection.lettuce.LettuceConnectionFactory$ExceptionTranslatingConnectionProvider.getConnection(LettuceConnectionFactory.java:1799)
	at org.springframework.data.redis.connection.lettuce.LettuceConnectionFactory$SharedConnection.getNativeConnection(LettuceConnectionFactory.java:1596)
	at org.springframework.data.redis.connection.lettuce.LettuceConnectionFactory$SharedConnection.lambda$getConnection$0(LettuceConnectionFactory.java:1576)
	at org.springframework.data.redis.connection.lettuce.LettuceConnectionFactory.doInLock(LettuceConnectionFactory.java:1537)
	at org.springframework.data.redis.connection.lettuce.LettuceConnectionFactory$SharedConnection.getConnection(LettuceConnectionFactory.java:1573)
	at org.springframework.data.redis.connection.lettuce.LettuceConnectionFactory.getSharedReactiveConnection(LettuceConnectionFactory.java:1281)
	at org.springframework.data.redis.connection.lettuce.LettuceConnectionFactory.getReactiveConnection(LettuceConnectionFactory.java:1151)
	at org.springframework.data.redis.connection.lettuce.LettuceConnectionFactory.getReactiveConnection(LettuceConnectionFactory.java:120)
	at reactor.core.publisher.MonoSupplier$MonoSupplierSubscription.request(MonoSupplier.java:123)
	at reactor.core.publisher.FluxUsingWhen$ResourceSubscriber.onSubscribe(FluxUsingWhen.java:244)
	at io.opentelemetry.javaagent.shaded.instrumentation.reactor.v3_1.TracingSubscriber.onSubscribe(TracingSubscriber.java:65)
	at reactor.core.publisher.MonoSupplier.subscribe(MonoSupplier.java:47)
	at reactor.core.publisher.Mono.subscribe(Mono.java:4569)
	at reactor.core.publisher.FluxUsingWhen.subscribe(FluxUsingWhen.java:105)
	at reactor.core.publisher.Mono.subscribe(Mono.java:4569)
	at reactor.core.publisher.FluxFlatMap.trySubscribeScalarMap(FluxFlatMap.java:202)
	at reactor.core.publisher.MonoFlatMap.subscribeOrReturn(MonoFlatMap.java:53)
	at reactor.core.publisher.InternalMonoOperator.subscribe(InternalMonoOperator.java:62)
	at reactor.core.publisher.MonoDefer.subscribe(MonoDefer.java:54)
	at reactor.core.publisher.InternalMonoOperator.subscribe(InternalMonoOperator.java:75)
	at reactor.core.publisher.MonoDefer.subscribe(MonoDefer.java:54)
	at reactor.core.publisher.InternalMonoOperator.subscribe(InternalMonoOperator.java:75)
	at reactor.core.publisher.MonoDefer.subscribe(MonoDefer.java:54)
	at reactor.core.publisher.InternalMonoOperator.subscribe(InternalMonoOperator.java:75)
	at reactor.core.publisher.MonoDefer.subscribe(MonoDefer.java:54)
	at reactor.core.publisher.InternalMonoOperator.subscribe(InternalMonoOperator.java:75)
	at reactor.core.publisher.MonoDefer.subscribe(MonoDefer.java:54)
	at reactor.core.publisher.Mono.subscribe(Mono.java:4569)
	at reactor.core.publisher.MonoIgnoreThen$ThenIgnoreMain.subscribeNext(MonoIgnoreThen.java:268)
	at reactor.core.publisher.MonoIgnoreThen.subscribe(MonoIgnoreThen.java:51)
	at reactor.core.publisher.InternalMonoOperator.subscribe(InternalMonoOperator.java:75)
	at reactor.core.publisher.MonoDefer.subscribe(MonoDefer.java:54)
	at reactor.core.publisher.InternalMonoOperator.subscribe(InternalMonoOperator.java:75)
	at reactor.core.publisher.MonoFlatMap$FlatMapMain.onNext(MonoFlatMap.java:165)
	at io.opentelemetry.javaagent.shaded.instrumentation.reactor.v3_1.TracingSubscriber.onNext(TracingSubscriber.java:72)
	at reactor.core.publisher.FluxSwitchIfEmpty$SwitchIfEmptySubscriber.onNext(FluxSwitchIfEmpty.java:75)
	at io.opentelemetry.javaagent.shaded.instrumentation.reactor.v3_1.TracingSubscriber.onNext(TracingSubscriber.java:72)
	at reactor.core.publisher.FluxMap$MapSubscriber.onNext(FluxMap.java:122)
	at io.opentelemetry.javaagent.shaded.instrumentation.reactor.v3_1.TracingSubscriber.onNext(TracingSubscriber.java:72)
	at reactor.core.publisher.Operators$BaseFluxToMonoOperator.completePossiblyEmpty(Operators.java:2093)
	at reactor.core.publisher.FluxDefaultIfEmpty$DefaultIfEmptySubscriber.onComplete(FluxDefaultIfEmpty.java:134)
	at io.opentelemetry.javaagent.shaded.instrumentation.reactor.v3_1.TracingSubscriber.onComplete(TracingSubscriber.java:96)
	at reactor.core.publisher.FluxHide$SuppressFuseableSubscriber.onComplete(FluxHide.java:147)
	at reactor.core.publisher.FluxContextWrite$ContextWriteSubscriber.onComplete(FluxContextWrite.java:128)
	at io.opentelemetry.javaagent.shaded.instrumentation.reactor.v3_1.TracingSubscriber.onComplete(TracingSubscriber.java:96)
	at reactor.core.publisher.FluxHide$SuppressFuseableSubscriber.onComplete(FluxHide.java:147)
	at reactor.core.publisher.FluxMapFuseable$MapFuseableSubscriber.onComplete(FluxMapFuseable.java:153)
	at io.opentelemetry.javaagent.shaded.instrumentation.reactor.v3_1.TracingSubscriber.onComplete(TracingSubscriber.java:96)
	at reactor.core.publisher.FluxHide$SuppressFuseableSubscriber.onComplete(FluxHide.java:147)
	at reactor.core.publisher.FluxFilterFuseable$FilterFuseableSubscriber.onComplete(FluxFilterFuseable.java:172)
	at io.opentelemetry.javaagent.shaded.instrumentation.reactor.v3_1.TracingSubscriber.onComplete(TracingSubscriber.java:96)
	at reactor.core.publisher.FluxHide$SuppressFuseableSubscriber.onComplete(FluxHide.java:147)
	at reactor.core.publisher.Operators$BaseFluxToMonoOperator.completePossiblyEmpty(Operators.java:2094)
	at reactor.core.publisher.MonoCollect$CollectSubscriber.onComplete(MonoCollect.java:144)
	at io.opentelemetry.javaagent.shaded.instrumentation.reactor.v3_1.TracingSubscriber.onComplete(TracingSubscriber.java:96)
	at reactor.core.publisher.FluxMap$MapSubscriber.onComplete(FluxMap.java:144)
	at io.opentelemetry.javaagent.shaded.instrumentation.reactor.v3_1.TracingSubscriber.onComplete(TracingSubscriber.java:96)
	at reactor.core.publisher.FluxPeek$PeekSubscriber.onComplete(FluxPeek.java:263)
	at io.opentelemetry.javaagent.shaded.instrumentation.reactor.v3_1.TracingSubscriber.onComplete(TracingSubscriber.java:96)
	at reactor.core.publisher.FluxMap$MapSubscriber.onComplete(FluxMap.java:144)
	at reactor.netty.channel.FluxReceive.onInboundComplete(FluxReceive.java:419)
	at reactor.netty.channel.ChannelOperations.onInboundComplete(ChannelOperations.java:467)
	at reactor.netty.http.server.HttpServerOperations.handleLastHttpContent(HttpServerOperations.java:911)
	at reactor.netty.http.server.HttpServerOperations.onInboundNext(HttpServerOperations.java:810)
	at reactor.netty.channel.ChannelOperationsHandler.channelRead(ChannelOperationsHandler.java:115)
	at io.netty.channel.AbstractChannelHandlerContext.fireChannelRead(AbstractChannelHandlerContext.java:357)
	at reactor.netty.http.server.HttpTrafficHandler.channelRead(HttpTrafficHandler.java:332)
	at io.netty.channel.AbstractChannelHandlerContext.fireChannelRead(AbstractChannelHandlerContext.java:355)
	at io.netty.channel.CombinedChannelDuplexHandler$DelegatingChannelHandlerContext.fireChannelRead(CombinedChannelDuplexHandler.java:434)
	at io.netty.channel.ChannelInboundHandlerAdapter.channelRead(ChannelInboundHandlerAdapter.java:93)
	at io.opentelemetry.javaagent.shaded.instrumentation.netty.v4_1.internal.server.HttpServerRequestTracingHandler.channelRead(HttpServerRequestTracingHandler.java:44)
	at io.netty.channel.CombinedChannelDuplexHandler.channelRead(CombinedChannelDuplexHandler.java:249)
	at io.netty.channel.AbstractChannelHandlerContext.fireChannelRead(AbstractChannelHandlerContext.java:355)
	at io.netty.channel.CombinedChannelDuplexHandler$DelegatingChannelHandlerContext.fireChannelRead(CombinedChannelDuplexHandler.java:434)
	at io.netty.handler.codec.ByteToMessageDecoder.fireChannelRead(ByteToMessageDecoder.java:361)
	at io.netty.handler.codec.ByteToMessageDecoder.channelRead(ByteToMessageDecoder.java:325)
	at io.netty.channel.CombinedChannelDuplexHandler.channelRead(CombinedChannelDuplexHandler.java:249)
	at io.netty.channel.AbstractChannelHandlerContext.fireChannelRead(AbstractChannelHandlerContext.java:355)
	at io.netty.channel.DefaultChannelPipeline$HeadContext.channelRead(DefaultChannelPipeline.java:1429)
	at io.netty.channel.DefaultChannelPipeline.fireChannelRead(DefaultChannelPipeline.java:918)
	at io.netty.channel.nio.AbstractNioByteChannel$NioByteUnsafe.read(AbstractNioByteChannel.java:176)
	at io.netty.channel.nio.AbstractNioChannel$AbstractNioUnsafe.handle(AbstractNioChannel.java:445)
	at io.netty.channel.nio.NioIoHandler$DefaultNioRegistration.handle(NioIoHandler.java:388)
	at io.netty.channel.nio.NioIoHandler.processSelectedKey(NioIoHandler.java:596)
	at io.netty.channel.nio.NioIoHandler.processSelectedKeysPlain(NioIoHandler.java:541)
	at io.netty.channel.nio.NioIoHandler.processSelectedKeys(NioIoHandler.java:514)
	at io.netty.channel.nio.NioIoHandler.run(NioIoHandler.java:484)
	at io.netty.channel.SingleThreadIoEventLoop.runIo(SingleThreadIoEventLoop.java:225)
	at io.netty.channel.SingleThreadIoEventLoop.run(SingleThreadIoEventLoop.java:196)
	at io.netty.util.concurrent.SingleThreadEventExecutor$5.run(SingleThreadEventExecutor.java:1195)
	at io.netty.util.internal.ThreadExecutorMap$2.run(ThreadExecutorMap.java:74)
	at io.netty.util.concurrent.FastThreadLocalRunnable.run(FastThreadLocalRunnable.java:30)
	at java.base/java.lang.Thread.run(Thread.java:1474)
Caused by: io.lettuce.core.RedisConnectionException: Unable to connect to localhost/<unresolved>:6379
	at io.lettuce.core.RedisConnectionException.create(RedisConnectionException.java:63)
	at io.lettuce.core.RedisConnectionException.create(RedisConnectionException.java:41)
	at io.lettuce.core.AbstractRedisClient.getConnection(AbstractRedisClient.java:352)
	at io.lettuce.core.RedisClient.connect(RedisClient.java:220)
	at org.springframework.data.redis.connection.lettuce.StandaloneConnectionProvider.lambda$getConnection$1(StandaloneConnectionProvider.java:113)
	at java.base/java.util.Optional.orElseGet(Optional.java:364)
	at org.springframework.data.redis.connection.lettuce.StandaloneConnectionProvider.getConnection(StandaloneConnectionProvider.java:113)
	at org.springframework.data.redis.connection.lettuce.LettuceConnectionFactory$ExceptionTranslatingConnectionProvider.getConnection(LettuceConnectionFactory.java:1797)
	... 92 common frames omitted
Caused by: io.netty.channel.AbstractChannel$AnnotatedConnectException: Connection refused: getsockopt: localhost/127.0.0.1:6379
Caused by: java.net.ConnectException: Connection refused: getsockopt
	at java.base/sun.nio.ch.Net.pollConnect(Native Method)
	at java.base/sun.nio.ch.Net.pollConnectNow(Net.java:639)
	at java.base/sun.nio.ch.SocketChannelImpl.finishConnect(SocketChannelImpl.java:1046)
	at io.netty.channel.socket.nio.NioSocketChannel.doFinishConnect(NioSocketChannel.java:330)
	at io.netty.channel.nio.AbstractNioChannel$AbstractNioUnsafe.finishConnect(AbstractNioChannel.java:384)
	at io.netty.channel.nio.AbstractNioChannel$AbstractNioUnsafe.handle(AbstractNioChannel.java:432)
	at io.netty.channel.nio.NioIoHandler$DefaultNioRegistration.handle(NioIoHandler.java:388)
	at io.netty.channel.nio.NioIoHandler.processSelectedKey(NioIoHandler.java:596)
	at io.netty.channel.nio.NioIoHandler.processSelectedKeysPlain(NioIoHandler.java:541)
	at io.netty.channel.nio.NioIoHandler.processSelectedKeys(NioIoHandler.java:514)
	at io.netty.channel.nio.NioIoHandler.run(NioIoHandler.java:484)
	at io.netty.channel.SingleThreadIoEventLoop.runIo(SingleThreadIoEventLoop.java:225)
	at io.netty.channel.SingleThreadIoEventLoop.run(SingleThreadIoEventLoop.java:196)
	at io.netty.util.concurrent.SingleThreadEventExecutor$5.run(SingleThreadEventExecutor.java:1195)
	at io.netty.util.internal.ThreadExecutorMap$2.run(ThreadExecutorMap.java:74)
	at io.netty.util.concurrent.FastThreadLocalRunnable.run(FastThreadLocalRunnable.java:30)
	at java.base/java.lang.Thread.run(Thread.java:1474)
2026-10-01 19:38:14 INFO  [reactor-http-nio-15] traceId=37e5a8722fef4910ccec30b3533aa193 spanId=116cd254d36651d2 c.s.e.a.filter.AuthenticationFilter : path  /products/api/categories
2026-10-01 19:38:14 INFO  [reactor-http-nio-15] traceId=37e5a8722fef4910ccec30b3533aa193 spanId=116cd254d36651d2 c.s.e.a.filter.AuthenticationFilter : method  GET
2026-10-01 19:38:14 ERROR [reactor-http-nio-15] traceId=37e5a8722fef4910ccec30b3533aa193 spanId=116cd254d36651d2 o.s.c.g.f.ratelimit.RedisRateLimiter : Error calling rate limiter lua
org.springframework.data.redis.RedisConnectionFailureException: Unable to connect to Redis
	at org.springframework.data.redis.connection.lettuce.LettuceConnectionFactory$ExceptionTranslatingConnectionProvider.translateException(LettuceConnectionFactory.java:1868)
	at org.springframework.data.redis.connection.lettuce.LettuceConnectionFactory$ExceptionTranslatingConnectionProvider.getConnection(LettuceConnectionFactory.java:1799)
	at org.springframework.data.redis.connection.lettuce.LettuceConnectionFactory$SharedConnection.getNativeConnection(LettuceConnectionFactory.java:1596)
	at org.springframework.data.redis.connection.lettuce.LettuceConnectionFactory$SharedConnection.lambda$getConnection$0(LettuceConnectionFactory.java:1576)
	at org.springframework.data.redis.connection.lettuce.LettuceConnectionFactory.doInLock(LettuceConnectionFactory.java:1537)
	at org.springframework.data.redis.connection.lettuce.LettuceConnectionFactory$SharedConnection.getConnection(LettuceConnectionFactory.java:1573)
	at org.springframework.data.redis.connection.lettuce.LettuceConnectionFactory.getSharedReactiveConnection(LettuceConnectionFactory.java:1281)
	at org.springframework.data.redis.connection.lettuce.LettuceConnectionFactory.getReactiveConnection(LettuceConnectionFactory.java:1151)
	at org.springframework.data.redis.connection.lettuce.LettuceConnectionFactory.getReactiveConnection(LettuceConnectionFactory.java:120)
	at reactor.core.publisher.MonoSupplier$MonoSupplierSubscription.request(MonoSupplier.java:123)
	at reactor.core.publisher.FluxUsingWhen$ResourceSubscriber.onSubscribe(FluxUsingWhen.java:244)
	at io.opentelemetry.javaagent.shaded.instrumentation.reactor.v3_1.TracingSubscriber.onSubscribe(TracingSubscriber.java:65)
	at reactor.core.publisher.MonoSupplier.subscribe(MonoSupplier.java:47)
	at reactor.core.publisher.Mono.subscribe(Mono.java:4569)
	at reactor.core.publisher.FluxUsingWhen.subscribe(FluxUsingWhen.java:105)
	at reactor.core.publisher.Mono.subscribe(Mono.java:4569)
	at reactor.core.publisher.FluxFlatMap.trySubscribeScalarMap(FluxFlatMap.java:202)
	at reactor.core.publisher.MonoFlatMap.subscribeOrReturn(MonoFlatMap.java:53)
	at reactor.core.publisher.InternalMonoOperator.subscribe(InternalMonoOperator.java:62)
	at reactor.core.publisher.MonoDefer.subscribe(MonoDefer.java:54)
	at reactor.core.publisher.InternalMonoOperator.subscribe(InternalMonoOperator.java:75)
	at reactor.core.publisher.MonoDefer.subscribe(MonoDefer.java:54)
	at reactor.core.publisher.InternalMonoOperator.subscribe(InternalMonoOperator.java:75)
	at reactor.core.publisher.MonoDefer.subscribe(MonoDefer.java:54)
	at reactor.core.publisher.InternalMonoOperator.subscribe(InternalMonoOperator.java:75)
	at reactor.core.publisher.MonoDefer.subscribe(MonoDefer.java:54)
	at reactor.core.publisher.InternalMonoOperator.subscribe(InternalMonoOperator.java:75)
	at reactor.core.publisher.MonoDefer.subscribe(MonoDefer.java:54)
	at reactor.core.publisher.Mono.subscribe(Mono.java:4569)
	at reactor.core.publisher.MonoIgnoreThen$ThenIgnoreMain.subscribeNext(MonoIgnoreThen.java:268)
	at reactor.core.publisher.MonoIgnoreThen.subscribe(MonoIgnoreThen.java:51)
	at reactor.core.publisher.InternalMonoOperator.subscribe(InternalMonoOperator.java:75)
	at reactor.core.publisher.MonoDefer.subscribe(MonoDefer.java:54)
	at reactor.core.publisher.InternalMonoOperator.subscribe(InternalMonoOperator.java:75)
	at reactor.core.publisher.MonoFlatMap$FlatMapMain.onNext(MonoFlatMap.java:165)
	at io.opentelemetry.javaagent.shaded.instrumentation.reactor.v3_1.TracingSubscriber.onNext(TracingSubscriber.java:72)
	at reactor.core.publisher.FluxSwitchIfEmpty$SwitchIfEmptySubscriber.onNext(FluxSwitchIfEmpty.java:75)
	at io.opentelemetry.javaagent.shaded.instrumentation.reactor.v3_1.TracingSubscriber.onNext(TracingSubscriber.java:72)
	at reactor.core.publisher.FluxMap$MapSubscriber.onNext(FluxMap.java:122)
	at io.opentelemetry.javaagent.shaded.instrumentation.reactor.v3_1.TracingSubscriber.onNext(TracingSubscriber.java:72)
	at reactor.core.publisher.Operators$BaseFluxToMonoOperator.completePossiblyEmpty(Operators.java:2093)
	at reactor.core.publisher.FluxDefaultIfEmpty$DefaultIfEmptySubscriber.onComplete(FluxDefaultIfEmpty.java:134)
	at io.opentelemetry.javaagent.shaded.instrumentation.reactor.v3_1.TracingSubscriber.onComplete(TracingSubscriber.java:96)
	at reactor.core.publisher.FluxHide$SuppressFuseableSubscriber.onComplete(FluxHide.java:147)
	at reactor.core.publisher.FluxContextWrite$ContextWriteSubscriber.onComplete(FluxContextWrite.java:128)
	at io.opentelemetry.javaagent.shaded.instrumentation.reactor.v3_1.TracingSubscriber.onComplete(TracingSubscriber.java:96)
	at reactor.core.publisher.FluxHide$SuppressFuseableSubscriber.onComplete(FluxHide.java:147)
	at reactor.core.publisher.FluxMapFuseable$MapFuseableSubscriber.onComplete(FluxMapFuseable.java:153)
	at io.opentelemetry.javaagent.shaded.instrumentation.reactor.v3_1.TracingSubscriber.onComplete(TracingSubscriber.java:96)
	at reactor.core.publisher.FluxHide$SuppressFuseableSubscriber.onComplete(FluxHide.java:147)
	at reactor.core.publisher.FluxFilterFuseable$FilterFuseableSubscriber.onComplete(FluxFilterFuseable.java:172)
	at io.opentelemetry.javaagent.shaded.instrumentation.reactor.v3_1.TracingSubscriber.onComplete(TracingSubscriber.java:96)
	at reactor.core.publisher.FluxHide$SuppressFuseableSubscriber.onComplete(FluxHide.java:147)
	at reactor.core.publisher.Operators$BaseFluxToMonoOperator.completePossiblyEmpty(Operators.java:2094)
	at reactor.core.publisher.MonoCollect$CollectSubscriber.onComplete(MonoCollect.java:144)
	at io.opentelemetry.javaagent.shaded.instrumentation.reactor.v3_1.TracingSubscriber.onComplete(TracingSubscriber.java:96)
	at reactor.core.publisher.FluxMap$MapSubscriber.onComplete(FluxMap.java:144)
	at io.opentelemetry.javaagent.shaded.instrumentation.reactor.v3_1.TracingSubscriber.onComplete(TracingSubscriber.java:96)
	at reactor.core.publisher.FluxPeek$PeekSubscriber.onComplete(FluxPeek.java:263)
	at io.opentelemetry.javaagent.shaded.instrumentation.reactor.v3_1.TracingSubscriber.onComplete(TracingSubscriber.java:96)
	at reactor.core.publisher.FluxMap$MapSubscriber.onComplete(FluxMap.java:144)
	at reactor.netty.channel.FluxReceive.onInboundComplete(FluxReceive.java:419)
	at reactor.netty.channel.ChannelOperations.onInboundComplete(ChannelOperations.java:467)
	at reactor.netty.http.server.HttpServerOperations.handleLastHttpContent(HttpServerOperations.java:911)
	at reactor.netty.http.server.HttpServerOperations.onInboundNext(HttpServerOperations.java:810)
	at reactor.netty.channel.ChannelOperationsHandler.channelRead(ChannelOperationsHandler.java:115)
	at io.netty.channel.AbstractChannelHandlerContext.fireChannelRead(AbstractChannelHandlerContext.java:357)
	at reactor.netty.http.server.HttpTrafficHandler.channelRead(HttpTrafficHandler.java:332)
	at io.netty.channel.AbstractChannelHandlerContext.fireChannelRead(AbstractChannelHandlerContext.java:355)
	at io.netty.channel.CombinedChannelDuplexHandler$DelegatingChannelHandlerContext.fireChannelRead(CombinedChannelDuplexHandler.java:434)
	at io.netty.channel.ChannelInboundHandlerAdapter.channelRead(ChannelInboundHandlerAdapter.java:93)
	at io.opentelemetry.javaagent.shaded.instrumentation.netty.v4_1.internal.server.HttpServerRequestTracingHandler.channelRead(HttpServerRequestTracingHandler.java:44)
	at io.netty.channel.CombinedChannelDuplexHandler.channelRead(CombinedChannelDuplexHandler.java:249)
	at io.netty.channel.AbstractChannelHandlerContext.fireChannelRead(AbstractChannelHandlerContext.java:355)
	at io.netty.channel.CombinedChannelDuplexHandler$DelegatingChannelHandlerContext.fireChannelRead(CombinedChannelDuplexHandler.java:434)
	at io.netty.handler.codec.ByteToMessageDecoder.fireChannelRead(ByteToMessageDecoder.java:361)
	at io.netty.handler.codec.ByteToMessageDecoder.channelRead(ByteToMessageDecoder.java:325)
	at io.netty.channel.CombinedChannelDuplexHandler.channelRead(CombinedChannelDuplexHandler.java:249)
	at io.netty.channel.AbstractChannelHandlerContext.fireChannelRead(AbstractChannelHandlerContext.java:355)
	at io.netty.channel.DefaultChannelPipeline$HeadContext.channelRead(DefaultChannelPipeline.java:1429)
	at io.netty.channel.DefaultChannelPipeline.fireChannelRead(DefaultChannelPipeline.java:918)
	at io.netty.channel.nio.AbstractNioByteChannel$NioByteUnsafe.read(AbstractNioByteChannel.java:176)
	at io.netty.channel.nio.AbstractNioChannel$AbstractNioUnsafe.handle(AbstractNioChannel.java:445)
	at io.netty.channel.nio.NioIoHandler$DefaultNioRegistration.handle(NioIoHandler.java:388)
	at io.netty.channel.nio.NioIoHandler.processSelectedKey(NioIoHandler.java:596)
	at io.netty.channel.nio.NioIoHandler.processSelectedKeysPlain(NioIoHandler.java:541)
	at io.netty.channel.nio.NioIoHandler.processSelectedKeys(NioIoHandler.java:514)
	at io.netty.channel.nio.NioIoHandler.run(NioIoHandler.java:484)
	at io.netty.channel.SingleThreadIoEventLoop.runIo(SingleThreadIoEventLoop.java:225)
	at io.netty.channel.SingleThreadIoEventLoop.run(SingleThreadIoEventLoop.java:196)
	at io.netty.util.concurrent.SingleThreadEventExecutor$5.run(SingleThreadEventExecutor.java:1195)
	at io.netty.util.internal.ThreadExecutorMap$2.run(ThreadExecutorMap.java:74)
	at io.netty.util.concurrent.FastThreadLocalRunnable.run(FastThreadLocalRunnable.java:30)
	at java.base/java.lang.Thread.run(Thread.java:1474)
Caused by: io.lettuce.core.RedisConnectionException: Unable to connect to localhost/<unresolved>:6379
	at io.lettuce.core.RedisConnectionException.create(RedisConnectionException.java:63)
	at io.lettuce.core.RedisConnectionException.create(RedisConnectionException.java:41)
	at io.lettuce.core.AbstractRedisClient.getConnection(AbstractRedisClient.java:352)
	at io.lettuce.core.RedisClient.connect(RedisClient.java:220)
	at org.springframework.data.redis.connection.lettuce.StandaloneConnectionProvider.lambda$getConnection$1(StandaloneConnectionProvider.java:113)
	at java.base/java.util.Optional.orElseGet(Optional.java:364)
	at org.springframework.data.redis.connection.lettuce.StandaloneConnectionProvider.getConnection(StandaloneConnectionProvider.java:113)
	at org.springframework.data.redis.connection.lettuce.LettuceConnectionFactory$ExceptionTranslatingConnectionProvider.getConnection(LettuceConnectionFactory.java:1797)
	... 92 common frames omitted
Caused by: io.netty.channel.AbstractChannel$AnnotatedConnectException: Connection refused: getsockopt: localhost/127.0.0.1:6379
Caused by: java.net.ConnectException: Connection refused: getsockopt
	at java.base/sun.nio.ch.Net.pollConnect(Native Method)
	at java.base/sun.nio.ch.Net.pollConnectNow(Net.java:639)
	at java.base/sun.nio.ch.SocketChannelImpl.finishConnect(SocketChannelImpl.java:1046)
	at io.netty.channel.socket.nio.NioSocketChannel.doFinishConnect(NioSocketChannel.java:330)
	at io.netty.channel.nio.AbstractNioChannel$AbstractNioUnsafe.finishConnect(AbstractNioChannel.java:384)
	at io.netty.channel.nio.AbstractNioChannel$AbstractNioUnsafe.handle(AbstractNioChannel.java:432)
	at io.netty.channel.nio.NioIoHandler$DefaultNioRegistration.handle(NioIoHandler.java:388)
	at io.netty.channel.nio.NioIoHandler.processSelectedKey(NioIoHandler.java:596)
	at io.netty.channel.nio.NioIoHandler.processSelectedKeysPlain(NioIoHandler.java:541)
	at io.netty.channel.nio.NioIoHandler.processSelectedKeys(NioIoHandler.java:514)
	at io.netty.channel.nio.NioIoHandler.run(NioIoHandler.java:484)
	at io.netty.channel.SingleThreadIoEventLoop.runIo(SingleThreadIoEventLoop.java:225)
	at io.netty.channel.SingleThreadIoEventLoop.run(SingleThreadIoEventLoop.java:196)
	at io.netty.util.concurrent.SingleThreadEventExecutor$5.run(SingleThreadEventExecutor.java:1195)
	at io.netty.util.internal.ThreadExecutorMap$2.run(ThreadExecutorMap.java:74)
	at io.netty.util.concurrent.FastThreadLocalRunnable.run(FastThreadLocalRunnable.java:30)
	at java.base/java.lang.Thread.run(Thread.java:1474)
