2026-10-01 17:44:09 INFO  [main] traceId= spanId= c.s.e.c.CartOrderServiceApplication : Starting CartOrderServiceApplication using Java 25.0.1 with PID 14504 (D:\Live Batches\micro_devops\easy_busy\cart-order-service\cart-order-service\target\classes started by DurgeshLap in D:\Live Batches\micro_devops\easy_busy)
2026-10-01 17:44:09 INFO  [main] traceId= spanId= c.s.e.c.CartOrderServiceApplication : The following 1 profile is active: "dev"
2026-10-01 17:44:09 INFO  [main] traceId= spanId= o.s.c.c.c.ConfigServerConfigDataLoader : Fetching config from server at : http://localhost:8079
2026-10-01 17:44:09 INFO  [main] traceId= spanId= o.s.c.c.c.ConfigServerConfigDataLoader : Located environment: name=CART-ORDER-SERVICE, profiles=[default], label=null, version=e9c8ddaaa507e29c792703f18f53aff3af15532f, state=
2026-10-01 17:44:09 INFO  [main] traceId= spanId= o.s.c.c.c.ConfigServerConfigDataLoader : Fetching config from server at : http://localhost:8079
2026-10-01 17:44:09 INFO  [main] traceId= spanId= o.s.c.c.c.ConfigServerConfigDataLoader : Located environment: name=CART-ORDER-SERVICE, profiles=[dev], label=null, version=e9c8ddaaa507e29c792703f18f53aff3af15532f, state=
2026-10-01 17:44:10 INFO  [main] traceId= spanId= o.s.d.r.c.RepositoryConfigurationDelegate : Bootstrapping Spring Data JPA repositories in DEFAULT mode.
2026-10-01 17:44:11 INFO  [main] traceId= spanId= o.s.d.r.c.RepositoryConfigurationDelegate : Finished Spring Data repository scanning in 315 ms. Found 4 JPA repository interfaces.
2026-10-01 17:44:11 INFO  [main] traceId= spanId= o.s.cloud.context.scope.GenericScope : BeanFactory id=fc12fa3f-c01d-3640-adfb-53ec6e2e8e3c
2026-10-01 17:44:12 INFO  [main] traceId= spanId= o.s.boot.tomcat.TomcatWebServer : Tomcat initialized with port 8082 (http)
2026-10-01 17:44:12 INFO  [main] traceId= spanId= o.a.catalina.core.StandardService : Starting service [Tomcat]
2026-10-01 17:44:12 INFO  [main] traceId= spanId= o.a.catalina.core.StandardEngine : Starting Servlet engine: [Apache Tomcat/11.0.21]
2026-10-01 17:44:12 INFO  [main] traceId= spanId= o.s.b.w.c.s.WebApplicationContextInitializer : Root WebApplicationContext: initialization completed in 3458 ms
2026-10-01 17:44:13 INFO  [main] traceId= spanId= org.hibernate.orm.jpa : HHH008540: Processing PersistenceUnitInfo [name: default]
2026-10-01 17:44:13 INFO  [main] traceId= spanId= org.hibernate.orm.core : HHH000001: Hibernate ORM core version 7.2.12.Final
2026-10-01 17:44:14 INFO  [main] traceId= spanId= o.s.o.j.p.SpringPersistenceUnitInfo : No LoadTimeWeaver setup: ignoring JPA class transformer
2026-10-01 17:44:14 INFO  [main] traceId= spanId= com.zaxxer.hikari.HikariDataSource : HikariPool-1 - Starting...
2026-10-01 17:44:14 INFO  [main] traceId= spanId= com.zaxxer.hikari.pool.HikariPool : HikariPool-1 - Added connection com.mysql.cj.jdbc.ConnectionImpl@485461b7
2026-10-01 17:44:14 INFO  [main] traceId= spanId= com.zaxxer.hikari.HikariDataSource : HikariPool-1 - Start completed.
2026-10-01 17:44:14 WARN  [main] traceId= spanId= org.hibernate.orm.deprecation : HHH90000025: MySQLDialect does not need to be specified explicitly using 'hibernate.dialect' (remove the property setting and it will be selected by default)
2026-10-01 17:44:14 INFO  [main] traceId= spanId= o.hibernate.orm.connections.pooling : HHH10001005: Database info:
	Database JDBC URL [jdbc:mysql://localhost:3306/micro_devops?useSSL=false&allowPublicKeyRetrieval=true]
	Database driver: MySQL Connector/J
	Database dialect: MySQLDialect
	Database version: 8.0.45
	Default catalog/schema: micro_devops/undefined
	Autocommit mode: undefined/unknown
	Isolation level: REPEATABLE_READ [default REPEATABLE_READ]
	JDBC fetch size: none
	Pool: DataSourceConnectionProvider
	Minimum pool size: undefined/unknown
	Maximum pool size: undefined/unknown
2026-10-01 17:44:16 INFO  [main] traceId= spanId= org.hibernate.orm.core : HHH000489: No JTA platform available (set 'hibernate.transaction.jta.platform' to enable JTA platform integration)
2026-10-01 17:44:17 INFO  [main] traceId= spanId= o.s.o.j.LocalContainerEntityManagerFactoryBean : Initialized JPA EntityManagerFactory for persistence unit 'default'
2026-10-01 17:44:17 INFO  [main] traceId= spanId= o.s.d.j.r.q.QueryEnhancerFactories : Hibernate is in classpath; If applicable, HQL parser will be used.
2026-10-01 17:44:17 WARN  [main] traceId= spanId= o.s.b.j.a.JpaBaseConfiguration$JpaWebConfiguration : spring.jpa.open-in-view is enabled by default. Therefore, database queries may be performed during view rendering. Explicitly configure spring.jpa.open-in-view to disable this warning
2026-10-01 17:44:17 INFO  [main] traceId= spanId= o.s.c.o.FeignClientFactoryBean : For 'INVENTORY-SERVICE' URL not provided. Will try picking an instance via load-balancing.
2026-10-01 17:44:18 INFO  [main] traceId= spanId= o.s.c.o.FeignClientFactoryBean : For 'PRODUCT-SERVICE' URL not provided. Will try picking an instance via load-balancing.
2026-10-01 17:44:19 INFO  [main] traceId= spanId= o.s.c.n.e.c.DiscoveryClientOptionalArgsConfiguration : Eureka HTTP Client uses RestClient.
2026-10-01 17:44:19 WARN  [main] traceId= spanId= o.s.c.l.c.LoadBalancerCacheAutoConfiguration$LoadBalancerCaffeineWarnLogger : Spring Cloud LoadBalancer is currently working with the default cache. While this cache implementation is useful for development and tests, it's recommended to use Caffeine cache in production.You can switch to using Caffeine cache, by adding it and org.springframework.cache.caffeine.CaffeineCacheManager to the classpath.
2026-10-01 17:44:20 INFO  [main] traceId= spanId= o.s.b.a.e.web.EndpointLinksResolver : Exposing 27 endpoints beneath base path '/actuator'
2026-10-01 17:44:20 INFO  [main] traceId= spanId= o.s.c.n.eureka.InstanceInfoFactory : Setting initial instance status as: STARTING
2026-10-01 17:44:20 INFO  [main] traceId= spanId= c.netflix.discovery.DiscoveryClient : Initializing Eureka in region us-east-1
2026-10-01 17:44:20 INFO  [main] traceId= spanId= c.n.d.s.r.aws.ConfigClusterResolver : Resolving eureka endpoints via configuration
2026-10-01 17:44:20 INFO  [main] traceId= spanId= c.netflix.discovery.DiscoveryClient : Disable delta property : false
2026-10-01 17:44:20 INFO  [main] traceId= spanId= c.netflix.discovery.DiscoveryClient : Single vip registry refresh property : null
2026-10-01 17:44:20 INFO  [main] traceId= spanId= c.netflix.discovery.DiscoveryClient : Force full registry fetch : false
2026-10-01 17:44:20 INFO  [main] traceId= spanId= c.netflix.discovery.DiscoveryClient : Application is null : false
2026-10-01 17:44:20 INFO  [main] traceId= spanId= c.netflix.discovery.DiscoveryClient : Registered Applications size is zero : true
2026-10-01 17:44:20 INFO  [main] traceId= spanId= c.netflix.discovery.DiscoveryClient : Application version is -1: true
2026-10-01 17:44:20 INFO  [main] traceId= spanId= c.netflix.discovery.DiscoveryClient : Getting all instance registry info from the eureka server
2026-10-01 17:44:20 INFO  [main] traceId= spanId= c.netflix.discovery.DiscoveryClient : The response status is 200
2026-10-01 17:44:20 INFO  [main] traceId= spanId= c.netflix.discovery.DiscoveryClient : Starting heartbeat executor: renew interval is: 30
2026-10-01 17:44:20 INFO  [main] traceId= spanId= c.n.discovery.InstanceInfoReplicator : InstanceInfoReplicator onDemand update allowed rate per min is 4
2026-10-01 17:44:20 INFO  [main] traceId= spanId= c.netflix.discovery.DiscoveryClient : Discovery Client initialized at timestamp 1790856860432 with initial instances count: 7
2026-10-01 17:44:20 INFO  [main] traceId= spanId= o.s.c.n.e.s.EurekaServiceRegistry : Registering application CART-ORDER-SERVICE with eureka with status UP
2026-10-01 17:44:20 INFO  [main] traceId= spanId= c.netflix.discovery.DiscoveryClient : Saw local status change event StatusChangeEvent [timestamp=1790856860445, current=UP, previous=STARTING]
2026-10-01 17:44:20 INFO  [DiscoveryClient-InstanceInfoReplicator-%d] traceId= spanId= c.netflix.discovery.DiscoveryClient : DiscoveryClient_CART-ORDER-SERVICE/LAPTOP-UJ0KBI4K.mshome.net:CART-ORDER-SERVICE:8082: registering service...
2026-10-01 17:44:20 INFO  [main] traceId= spanId= o.s.boot.tomcat.TomcatWebServer : Tomcat started on port 8082 (http) with context path '/'
2026-10-01 17:44:20 INFO  [main] traceId= spanId= o.s.c.n.e.s.EurekaAutoServiceRegistration : Updating port to 8082
2026-10-01 17:44:20 INFO  [DiscoveryClient-InstanceInfoReplicator-%d] traceId= spanId= c.netflix.discovery.DiscoveryClient : DiscoveryClient_CART-ORDER-SERVICE/LAPTOP-UJ0KBI4K.mshome.net:CART-ORDER-SERVICE:8082 - registration status: 204
2026-10-01 17:44:20 INFO  [main] traceId= spanId= o.a.k.common.config.AbstractConfig : ConsumerConfig values: 
	allow.auto.create.topics = true
	auto.commit.interval.ms = 5000
	auto.offset.reset = earliest
	bootstrap.servers = [localhost:9092]
	check.crcs = true
	client.dns.lookup = use_all_dns_ips
	client.id = consumer-order-group-1
	client.rack = 
	connections.max.idle.ms = 540000
	default.api.timeout.ms = 60000
	enable.auto.commit = false
	enable.metrics.push = true
	exclude.internal.topics = true
	fetch.max.bytes = 52428800
	fetch.max.wait.ms = 500
	fetch.min.bytes = 1
	group.id = order-group
	group.instance.id = null
	group.protocol = classic
	group.remote.assignor = null
	heartbeat.interval.ms = 3000
	interceptor.classes = []
	internal.leave.group.on.close = true
	internal.throw.on.fetch.stable.offset.unsupported = false
	isolation.level = read_uncommitted
	key.deserializer = class org.apache.kafka.common.serialization.StringDeserializer
	max.partition.fetch.bytes = 1048576
	max.poll.interval.ms = 300000
	max.poll.records = 500
	metadata.max.age.ms = 300000
	metadata.recovery.rebootstrap.trigger.ms = 300000
	metadata.recovery.strategy = rebootstrap
	metric.reporters = [class io.opentelemetry.javaagent.shaded.instrumentation.kafkaclients.common.v0_11.internal.OpenTelemetryMetricsReporter]
	metrics.num.samples = 2
	metrics.recording.level = INFO
	metrics.sample.window.ms = 30000
	partition.assignment.strategy = [class org.apache.kafka.clients.consumer.RangeAssignor, class org.apache.kafka.clients.consumer.CooperativeStickyAssignor]
	receive.buffer.bytes = 65536
	reconnect.backoff.max.ms = 1000
	reconnect.backoff.ms = 50
	request.timeout.ms = 30000
	retry.backoff.max.ms = 1000
	retry.backoff.ms = 100
	sasl.client.callback.handler.class = null
	sasl.jaas.config = null
	sasl.kerberos.kinit.cmd = /usr/bin/kinit
	sasl.kerberos.min.time.before.relogin = 60000
	sasl.kerberos.service.name = null
	sasl.kerberos.ticket.renew.jitter = 0.05
	sasl.kerberos.ticket.renew.window.factor = 0.8
	sasl.login.callback.handler.class = null
	sasl.login.class = null
	sasl.login.connect.timeout.ms = null
	sasl.login.read.timeout.ms = null
	sasl.login.refresh.buffer.seconds = 300
	sasl.login.refresh.min.period.seconds = 60
	sasl.login.refresh.window.factor = 0.8
	sasl.login.refresh.window.jitter = 0.05
	sasl.login.retry.backoff.max.ms = 10000
	sasl.login.retry.backoff.ms = 100
	sasl.mechanism = GSSAPI
	sasl.oauthbearer.assertion.algorithm = RS256
	sasl.oauthbearer.assertion.claim.aud = null
	sasl.oauthbearer.assertion.claim.exp.seconds = 300
	sasl.oauthbearer.assertion.claim.iss = null
	sasl.oauthbearer.assertion.claim.jti.include = false
	sasl.oauthbearer.assertion.claim.nbf.seconds = 60
	sasl.oauthbearer.assertion.claim.sub = null
	sasl.oauthbearer.assertion.file = null
	sasl.oauthbearer.assertion.private.key.file = null
	sasl.oauthbearer.assertion.private.key.passphrase = null
	sasl.oauthbearer.assertion.template.file = null
	sasl.oauthbearer.client.credentials.client.id = null
	sasl.oauthbearer.client.credentials.client.secret = null
	sasl.oauthbearer.clock.skew.seconds = 30
	sasl.oauthbearer.expected.audience = null
	sasl.oauthbearer.expected.issuer = null
	sasl.oauthbearer.header.urlencode = false
	sasl.oauthbearer.jwks.endpoint.refresh.ms = 3600000
	sasl.oauthbearer.jwks.endpoint.retry.backoff.max.ms = 10000
	sasl.oauthbearer.jwks.endpoint.retry.backoff.ms = 100
	sasl.oauthbearer.jwks.endpoint.url = null
	sasl.oauthbearer.jwt.retriever.class = class org.apache.kafka.common.security.oauthbearer.DefaultJwtRetriever
	sasl.oauthbearer.jwt.validator.class = class org.apache.kafka.common.security.oauthbearer.DefaultJwtValidator
	sasl.oauthbearer.scope = null
	sasl.oauthbearer.scope.claim.name = scope
	sasl.oauthbearer.sub.claim.name = sub
	sasl.oauthbearer.token.endpoint.url = null
	security.protocol = PLAINTEXT
	security.providers = null
	send.buffer.bytes = 131072
	session.timeout.ms = 45000
	share.acknowledgement.mode = implicit
	socket.connection.setup.timeout.max.ms = 30000
	socket.connection.setup.timeout.ms = 10000
	ssl.cipher.suites = null
	ssl.enabled.protocols = [TLSv1.2, TLSv1.3]
	ssl.endpoint.identification.algorithm = https
	ssl.engine.factory.class = null
	ssl.key.password = null
	ssl.keymanager.algorithm = SunX509
	ssl.keystore.certificate.chain = null
	ssl.keystore.key = null
	ssl.keystore.location = null
	ssl.keystore.password = null
	ssl.keystore.type = JKS
	ssl.protocol = TLSv1.3
	ssl.provider = null
	ssl.secure.random.implementation = null
	ssl.trustmanager.algorithm = PKIX
	ssl.truststore.certificates = null
	ssl.truststore.location = null
	ssl.truststore.password = null
	ssl.truststore.type = JKS
	value.deserializer = class org.springframework.kafka.support.serializer.JsonDeserializer

2026-10-01 17:44:20 INFO  [main] traceId= spanId= o.a.k.c.t.i.KafkaMetricsCollector : initializing Kafka metrics collector
2026-10-01 17:44:20 INFO  [main] traceId= spanId= o.a.kafka.common.utils.AppInfoParser : Kafka version: 4.1.2
2026-10-01 17:44:20 INFO  [main] traceId= spanId= o.a.kafka.common.utils.AppInfoParser : Kafka commitId: c82fd9b934b4c1e6
2026-10-01 17:44:20 INFO  [main] traceId= spanId= o.a.kafka.common.utils.AppInfoParser : Kafka startTimeMs: 1790856860788
2026-10-01 17:44:20 INFO  [main] traceId= spanId= o.a.k.c.c.i.ClassicKafkaConsumer : [Consumer clientId=consumer-order-group-1, groupId=order-group] Subscribed to topic(s): payment-topic
2026-10-01 17:44:20 INFO  [main] traceId= spanId= c.s.e.c.CartOrderServiceApplication : Started CartOrderServiceApplication in 15.901 seconds (process running for 21.681)
2026-10-01 17:44:21 INFO  [org.springframework.kafka.KafkaListenerEndpointContainer#0-0-C-1] traceId= spanId= org.apache.kafka.clients.Metadata : [Consumer clientId=consumer-order-group-1, groupId=order-group] Cluster ID: 5L6g3nShT-eMCtK--X86sw
2026-10-01 17:44:21 INFO  [org.springframework.kafka.KafkaListenerEndpointContainer#0-0-C-1] traceId= spanId= o.a.k.c.c.i.ConsumerCoordinator : [Consumer clientId=consumer-order-group-1, groupId=order-group] Discovered group coordinator localhost:9092 (id: 2147483646 rack: null isFenced: false)
2026-10-01 17:44:21 INFO  [org.springframework.kafka.KafkaListenerEndpointContainer#0-0-C-1] traceId= spanId= o.a.k.c.c.i.ConsumerCoordinator : [Consumer clientId=consumer-order-group-1, groupId=order-group] (Re-)joining group
2026-10-01 17:44:21 INFO  [org.springframework.kafka.KafkaListenerEndpointContainer#0-0-C-1] traceId= spanId= o.a.k.c.c.i.ConsumerCoordinator : [Consumer clientId=consumer-order-group-1, groupId=order-group] Request joining group due to: need to re-join with the given member-id: consumer-order-group-1-2ff24c74-1402-45c0-9182-11e49df0486b
2026-10-01 17:44:21 INFO  [org.springframework.kafka.KafkaListenerEndpointContainer#0-0-C-1] traceId= spanId= o.a.k.c.c.i.ConsumerCoordinator : [Consumer clientId=consumer-order-group-1, groupId=order-group] (Re-)joining group
2026-10-01 17:44:24 INFO  [org.springframework.kafka.KafkaListenerEndpointContainer#0-0-C-1] traceId= spanId= o.a.k.c.c.i.ConsumerCoordinator : [Consumer clientId=consumer-order-group-1, groupId=order-group] Successfully joined group with generation Generation{generationId=3, memberId='consumer-order-group-1-2ff24c74-1402-45c0-9182-11e49df0486b', protocol='range'}
2026-10-01 17:44:24 INFO  [org.springframework.kafka.KafkaListenerEndpointContainer#0-0-C-1] traceId= spanId= o.a.k.c.c.i.ConsumerCoordinator : [Consumer clientId=consumer-order-group-1, groupId=order-group] Finished assignment for group at generation 3: {consumer-order-group-1-2ff24c74-1402-45c0-9182-11e49df0486b=Assignment(partitions=[payment-topic-0])}
2026-10-01 17:44:24 INFO  [org.springframework.kafka.KafkaListenerEndpointContainer#0-0-C-1] traceId= spanId= o.a.k.c.c.i.ConsumerCoordinator : [Consumer clientId=consumer-order-group-1, groupId=order-group] Successfully synced group in generation Generation{generationId=3, memberId='consumer-order-group-1-2ff24c74-1402-45c0-9182-11e49df0486b', protocol='range'}
2026-10-01 17:44:24 INFO  [org.springframework.kafka.KafkaListenerEndpointContainer#0-0-C-1] traceId= spanId= o.a.k.c.c.i.ConsumerCoordinator : [Consumer clientId=consumer-order-group-1, groupId=order-group] Notifying assignor about the new Assignment(partitions=[payment-topic-0])
2026-10-01 17:44:24 INFO  [org.springframework.kafka.KafkaListenerEndpointContainer#0-0-C-1] traceId= spanId= o.a.k.c.c.i.ConsumerRebalanceListenerInvoker : [Consumer clientId=consumer-order-group-1, groupId=order-group] Adding newly assigned partitions: [payment-topic-0]
2026-10-01 17:44:24 INFO  [org.springframework.kafka.KafkaListenerEndpointContainer#0-0-C-1] traceId= spanId= o.a.k.c.c.internals.ConsumerUtils : Setting offset for partition payment-topic-0 to the committed offset FetchPosition{offset=3, offsetEpoch=Optional.empty, currentLeader=LeaderAndEpoch{leader=Optional[localhost:9092 (id: 1 rack: null isFenced: false)], epoch=22}}
2026-10-01 17:44:24 INFO  [org.springframework.kafka.KafkaListenerEndpointContainer#0-0-C-1] traceId= spanId= o.s.k.l.KafkaMessageListenerContainer : order-group: partitions assigned: [payment-topic-0]
2026-10-01 17:49:20 INFO  [AsyncResolver-bootstrap-executor-%d] traceId= spanId= c.n.d.s.r.aws.ConfigClusterResolver : Resolving eureka endpoints via configuration
2026-10-01 17:54:20 INFO  [AsyncResolver-bootstrap-executor-%d] traceId= spanId= c.n.d.s.r.aws.ConfigClusterResolver : Resolving eureka endpoints via configuration
2026-10-01 17:59:20 INFO  [AsyncResolver-bootstrap-executor-%d] traceId= spanId= c.n.d.s.r.aws.ConfigClusterResolver : Resolving eureka endpoints via configuration
2026-10-01 18:04:20 INFO  [AsyncResolver-bootstrap-executor-%d] traceId= spanId= c.n.d.s.r.aws.ConfigClusterResolver : Resolving eureka endpoints via configuration
2026-10-01 18:09:20 INFO  [AsyncResolver-bootstrap-executor-%d] traceId= spanId= c.n.d.s.r.aws.ConfigClusterResolver : Resolving eureka endpoints via configuration
2026-10-01 18:14:20 INFO  [AsyncResolver-bootstrap-executor-%d] traceId= spanId= c.n.d.s.r.aws.ConfigClusterResolver : Resolving eureka endpoints via configuration
2026-10-01 18:19:20 INFO  [AsyncResolver-bootstrap-executor-%d] traceId= spanId= c.n.d.s.r.aws.ConfigClusterResolver : Resolving eureka endpoints via configuration
2026-10-01 18:20:16 INFO  [http-nio-8082-exec-1] traceId=e19a01d8f9631042e1890242b1743437 spanId=3dad2fa142fea6a1 o.a.c.c.C.[Tomcat].[localhost].[/] : Initializing Spring DispatcherServlet 'dispatcherServlet'
2026-10-01 18:20:16 INFO  [http-nio-8082-exec-1] traceId=e19a01d8f9631042e1890242b1743437 spanId=3dad2fa142fea6a1 o.s.web.servlet.DispatcherServlet : Initializing Servlet 'dispatcherServlet'
2026-10-01 18:20:16 INFO  [http-nio-8082-exec-1] traceId=e19a01d8f9631042e1890242b1743437 spanId=3dad2fa142fea6a1 o.s.web.servlet.DispatcherServlet : Completed initialization in 80 ms
2026-10-01 18:21:37 INFO  [http-nio-8082-exec-2] traceId=732c0e87bb6e37b6a24273d6799d752d spanId=3fecacb3d4c070f1 c.s.e.c.c.f.ProductClientFallback : product fallback 
2026-10-01 18:24:20 INFO  [AsyncResolver-bootstrap-executor-%d] traceId= spanId= c.n.d.s.r.aws.ConfigClusterResolver : Resolving eureka endpoints via configuration
2026-10-01 18:29:20 INFO  [AsyncResolver-bootstrap-executor-%d] traceId= spanId= c.n.d.s.r.aws.ConfigClusterResolver : Resolving eureka endpoints via configuration
2026-10-01 18:34:20 INFO  [AsyncResolver-bootstrap-executor-%d] traceId= spanId= c.n.d.s.r.aws.ConfigClusterResolver : Resolving eureka endpoints via configuration
2026-10-01 18:39:20 INFO  [AsyncResolver-bootstrap-executor-%d] traceId= spanId= c.n.d.s.r.aws.ConfigClusterResolver : Resolving eureka endpoints via configuration
2026-10-01 18:44:20 INFO  [AsyncResolver-bootstrap-executor-%d] traceId= spanId= c.n.d.s.r.aws.ConfigClusterResolver : Resolving eureka endpoints via configuration
2026-10-01 18:49:20 INFO  [AsyncResolver-bootstrap-executor-%d] traceId= spanId= c.n.d.s.r.aws.ConfigClusterResolver : Resolving eureka endpoints via configuration
2026-10-01 18:54:20 INFO  [AsyncResolver-bootstrap-executor-%d] traceId= spanId= c.n.d.s.r.aws.ConfigClusterResolver : Resolving eureka endpoints via configuration
2026-10-01 18:59:20 INFO  [AsyncResolver-bootstrap-executor-%d] traceId= spanId= c.n.d.s.r.aws.ConfigClusterResolver : Resolving eureka endpoints via configuration
2026-10-01 19:06:19 INFO  [main] traceId= spanId= c.s.e.c.CartOrderServiceApplication : Starting CartOrderServiceApplication using Java 25.0.1 with PID 64112 (D:\Live Batches\micro_devops\easy_busy\cart-order-service\cart-order-service\target\classes started by DurgeshLap in D:\Live Batches\micro_devops\easy_busy)
2026-10-01 19:06:19 INFO  [main] traceId= spanId= c.s.e.c.CartOrderServiceApplication : The following 1 profile is active: "dev"
2026-10-01 19:06:19 INFO  [main] traceId= spanId= o.s.c.c.c.ConfigServerConfigDataLoader : Fetching config from server at : http://localhost:8079
2026-10-01 19:06:19 INFO  [main] traceId= spanId= o.s.c.c.c.ConfigServerConfigDataLoader : Located environment: name=CART-ORDER-SERVICE, profiles=[default], label=null, version=e9c8ddaaa507e29c792703f18f53aff3af15532f, state=
2026-10-01 19:06:19 INFO  [main] traceId= spanId= o.s.c.c.c.ConfigServerConfigDataLoader : Fetching config from server at : http://localhost:8079
2026-10-01 19:06:19 INFO  [main] traceId= spanId= o.s.c.c.c.ConfigServerConfigDataLoader : Located environment: name=CART-ORDER-SERVICE, profiles=[dev], label=null, version=e9c8ddaaa507e29c792703f18f53aff3af15532f, state=
2026-10-01 19:06:20 INFO  [main] traceId= spanId= o.s.d.r.c.RepositoryConfigurationDelegate : Bootstrapping Spring Data JPA repositories in DEFAULT mode.
2026-10-01 19:06:20 INFO  [main] traceId= spanId= o.s.d.r.c.RepositoryConfigurationDelegate : Finished Spring Data repository scanning in 213 ms. Found 4 JPA repository interfaces.
2026-10-01 19:06:21 INFO  [main] traceId= spanId= o.s.cloud.context.scope.GenericScope : BeanFactory id=95cfacc2-0b22-3dff-b83f-5b2ee8a75c56
2026-10-01 19:06:21 INFO  [main] traceId= spanId= o.s.boot.tomcat.TomcatWebServer : Tomcat initialized with port 8082 (http)
2026-10-01 19:06:21 INFO  [main] traceId= spanId= o.a.catalina.core.StandardService : Starting service [Tomcat]
2026-10-01 19:06:21 INFO  [main] traceId= spanId= o.a.catalina.core.StandardEngine : Starting Servlet engine: [Apache Tomcat/11.0.21]
2026-10-01 19:06:21 INFO  [main] traceId= spanId= o.s.b.w.c.s.WebApplicationContextInitializer : Root WebApplicationContext: initialization completed in 2292 ms
2026-10-01 19:06:22 INFO  [main] traceId= spanId= org.hibernate.orm.jpa : HHH008540: Processing PersistenceUnitInfo [name: default]
2026-10-01 19:06:22 INFO  [main] traceId= spanId= org.hibernate.orm.core : HHH000001: Hibernate ORM core version 7.2.12.Final
2026-10-01 19:06:22 INFO  [main] traceId= spanId= o.s.o.j.p.SpringPersistenceUnitInfo : No LoadTimeWeaver setup: ignoring JPA class transformer
2026-10-01 19:06:23 INFO  [main] traceId= spanId= com.zaxxer.hikari.HikariDataSource : HikariPool-1 - Starting...
2026-10-01 19:06:23 INFO  [main] traceId= spanId= com.zaxxer.hikari.pool.HikariPool : HikariPool-1 - Added connection com.mysql.cj.jdbc.ConnectionImpl@445b7f80
2026-10-01 19:06:23 INFO  [main] traceId= spanId= com.zaxxer.hikari.HikariDataSource : HikariPool-1 - Start completed.
2026-10-01 19:06:23 WARN  [main] traceId= spanId= org.hibernate.orm.deprecation : HHH90000025: MySQLDialect does not need to be specified explicitly using 'hibernate.dialect' (remove the property setting and it will be selected by default)
2026-10-01 19:06:23 INFO  [main] traceId= spanId= o.hibernate.orm.connections.pooling : HHH10001005: Database info:
	Database JDBC URL [jdbc:mysql://localhost:3306/micro_devops?useSSL=false&allowPublicKeyRetrieval=true]
	Database driver: MySQL Connector/J
	Database dialect: MySQLDialect
	Database version: 8.0.45
	Default catalog/schema: micro_devops/undefined
	Autocommit mode: undefined/unknown
	Isolation level: REPEATABLE_READ [default REPEATABLE_READ]
	JDBC fetch size: none
	Pool: DataSourceConnectionProvider
	Minimum pool size: undefined/unknown
	Maximum pool size: undefined/unknown
2026-10-01 19:06:24 INFO  [main] traceId= spanId= org.hibernate.orm.core : HHH000489: No JTA platform available (set 'hibernate.transaction.jta.platform' to enable JTA platform integration)
2026-10-01 19:06:24 INFO  [main] traceId= spanId= o.s.o.j.LocalContainerEntityManagerFactoryBean : Initialized JPA EntityManagerFactory for persistence unit 'default'
2026-10-01 19:06:24 INFO  [main] traceId= spanId= o.s.d.j.r.q.QueryEnhancerFactories : Hibernate is in classpath; If applicable, HQL parser will be used.
2026-10-01 19:06:25 WARN  [main] traceId= spanId= o.s.b.j.a.JpaBaseConfiguration$JpaWebConfiguration : spring.jpa.open-in-view is enabled by default. Therefore, database queries may be performed during view rendering. Explicitly configure spring.jpa.open-in-view to disable this warning
2026-10-01 19:06:26 INFO  [main] traceId= spanId= o.s.c.n.e.c.DiscoveryClientOptionalArgsConfiguration : Eureka HTTP Client uses RestClient.
2026-10-01 19:06:26 WARN  [main] traceId= spanId= o.s.c.l.c.LoadBalancerCacheAutoConfiguration$LoadBalancerCaffeineWarnLogger : Spring Cloud LoadBalancer is currently working with the default cache. While this cache implementation is useful for development and tests, it's recommended to use Caffeine cache in production.You can switch to using Caffeine cache, by adding it and org.springframework.cache.caffeine.CaffeineCacheManager to the classpath.
2026-10-01 19:06:26 INFO  [main] traceId= spanId= o.s.b.a.e.web.EndpointLinksResolver : Exposing 27 endpoints beneath base path '/actuator'
2026-10-01 19:06:27 INFO  [main] traceId= spanId= o.s.c.n.eureka.InstanceInfoFactory : Setting initial instance status as: STARTING
2026-10-01 19:06:27 INFO  [main] traceId= spanId= c.netflix.discovery.DiscoveryClient : Initializing Eureka in region us-east-1
2026-10-01 19:06:27 INFO  [main] traceId= spanId= c.n.d.s.r.aws.ConfigClusterResolver : Resolving eureka endpoints via configuration
2026-10-01 19:06:27 INFO  [main] traceId= spanId= c.netflix.discovery.DiscoveryClient : Disable delta property : false
2026-10-01 19:06:27 INFO  [main] traceId= spanId= c.netflix.discovery.DiscoveryClient : Single vip registry refresh property : null
2026-10-01 19:06:27 INFO  [main] traceId= spanId= c.netflix.discovery.DiscoveryClient : Force full registry fetch : false
2026-10-01 19:06:27 INFO  [main] traceId= spanId= c.netflix.discovery.DiscoveryClient : Application is null : false
2026-10-01 19:06:27 INFO  [main] traceId= spanId= c.netflix.discovery.DiscoveryClient : Registered Applications size is zero : true
2026-10-01 19:06:27 INFO  [main] traceId= spanId= c.netflix.discovery.DiscoveryClient : Application version is -1: true
2026-10-01 19:06:27 INFO  [main] traceId= spanId= c.netflix.discovery.DiscoveryClient : Getting all instance registry info from the eureka server
2026-10-01 19:06:27 INFO  [main] traceId= spanId= c.netflix.discovery.DiscoveryClient : The response status is 200
2026-10-01 19:06:27 INFO  [main] traceId= spanId= c.netflix.discovery.DiscoveryClient : Starting heartbeat executor: renew interval is: 30
2026-10-01 19:06:27 INFO  [main] traceId= spanId= c.n.discovery.InstanceInfoReplicator : InstanceInfoReplicator onDemand update allowed rate per min is 4
2026-10-01 19:06:27 INFO  [main] traceId= spanId= c.netflix.discovery.DiscoveryClient : Discovery Client initialized at timestamp 1790861787298 with initial instances count: 9
2026-10-01 19:06:27 INFO  [main] traceId= spanId= o.s.c.n.e.s.EurekaServiceRegistry : Registering application CART-ORDER-SERVICE with eureka with status UP
2026-10-01 19:06:27 INFO  [main] traceId= spanId= c.netflix.discovery.DiscoveryClient : Saw local status change event StatusChangeEvent [timestamp=1790861787305, current=UP, previous=STARTING]
2026-10-01 19:06:27 INFO  [DiscoveryClient-InstanceInfoReplicator-%d] traceId= spanId= c.netflix.discovery.DiscoveryClient : DiscoveryClient_CART-ORDER-SERVICE/LAPTOP-UJ0KBI4K.mshome.net:CART-ORDER-SERVICE:8082: registering service...
2026-10-01 19:06:27 INFO  [main] traceId= spanId= o.s.c.n.e.s.EurekaServiceRegistry : Unregistering application CART-ORDER-SERVICE with eureka with status DOWN
2026-10-01 19:06:27 INFO  [main] traceId= spanId= c.netflix.discovery.DiscoveryClient : Saw local status change event StatusChangeEvent [timestamp=1790861787315, current=DOWN, previous=UP]
2026-10-01 19:06:27 WARN  [main] traceId= spanId= o.s.b.w.s.s.c.AnnotationConfigServletWebServerApplicationContext : Exception encountered during context initialization - cancelling refresh attempt: org.springframework.context.ApplicationContextException: Failed to start bean 'webServerStartStop'
2026-10-01 19:06:27 INFO  [main] traceId= spanId= o.s.o.j.LocalContainerEntityManagerFactoryBean : Closing JPA EntityManagerFactory for persistence unit 'default'
2026-10-01 19:06:27 INFO  [main] traceId= spanId= com.zaxxer.hikari.HikariDataSource : HikariPool-1 - Shutdown initiated...
2026-10-01 19:06:27 INFO  [main] traceId= spanId= com.zaxxer.hikari.HikariDataSource : HikariPool-1 - Shutdown completed.
2026-10-01 19:06:27 INFO  [main] traceId= spanId= c.netflix.discovery.DiscoveryClient : Shutting down DiscoveryClient ...
2026-10-01 19:06:27 INFO  [DiscoveryClient-InstanceInfoReplicator-%d] traceId= spanId= c.netflix.discovery.DiscoveryClient : DiscoveryClient_CART-ORDER-SERVICE/LAPTOP-UJ0KBI4K.mshome.net:CART-ORDER-SERVICE:8082 - registration status: 204
2026-10-01 19:06:27 INFO  [DiscoveryClient-InstanceInfoReplicator-%d] traceId= spanId= c.netflix.discovery.DiscoveryClient : DiscoveryClient_CART-ORDER-SERVICE/LAPTOP-UJ0KBI4K.mshome.net:CART-ORDER-SERVICE:8082: registering service...
2026-10-01 19:06:27 INFO  [DiscoveryClient-InstanceInfoReplicator-%d] traceId= spanId= c.netflix.discovery.DiscoveryClient : DiscoveryClient_CART-ORDER-SERVICE/LAPTOP-UJ0KBI4K.mshome.net:CART-ORDER-SERVICE:8082 - registration status: 204
2026-10-01 19:06:27 INFO  [main] traceId= spanId= c.netflix.discovery.DiscoveryClient : Unregistering ...
2026-10-01 19:06:27 INFO  [main] traceId= spanId= c.netflix.discovery.DiscoveryClient : DiscoveryClient_CART-ORDER-SERVICE/LAPTOP-UJ0KBI4K.mshome.net:CART-ORDER-SERVICE:8082 - deregister  status: 200
2026-10-01 19:06:27 INFO  [main] traceId= spanId= c.netflix.discovery.DiscoveryClient : Completed shut down of DiscoveryClient
2026-10-01 19:06:27 INFO  [main] traceId= spanId= o.s.b.a.l.ConditionEvaluationReportLogger : 

Error starting ApplicationContext. To display the condition evaluation report re-run your application with 'debug' enabled.
2026-10-01 19:06:27 ERROR [main] traceId= spanId= o.s.b.d.LoggingFailureAnalysisReporter : 

***************************
APPLICATION FAILED TO START
***************************

Description:

Web server failed to start. Port 8082 was already in use.

Action:

Identify and stop the process that's listening on port 8082 or configure this application to listen on another port.

2026-10-01 19:09:26 INFO  [main] traceId= spanId= c.s.e.c.CartOrderServiceApplication : Starting CartOrderServiceApplication using Java 25.0.1 with PID 72948 (D:\Live Batches\micro_devops\easy_busy\cart-order-service\cart-order-service\target\classes started by DurgeshLap in D:\Live Batches\micro_devops\easy_busy)
2026-10-01 19:09:26 INFO  [main] traceId= spanId= c.s.e.c.CartOrderServiceApplication : The following 1 profile is active: "dev"
2026-10-01 19:09:26 INFO  [main] traceId= spanId= o.s.c.c.c.ConfigServerConfigDataLoader : Fetching config from server at : http://localhost:8079
2026-10-01 19:09:26 INFO  [main] traceId= spanId= o.s.c.c.c.ConfigServerConfigDataLoader : Located environment: name=CART-ORDER-SERVICE, profiles=[default], label=null, version=e9c8ddaaa507e29c792703f18f53aff3af15532f, state=
2026-10-01 19:09:26 INFO  [main] traceId= spanId= o.s.c.c.c.ConfigServerConfigDataLoader : Fetching config from server at : http://localhost:8079
2026-10-01 19:09:26 INFO  [main] traceId= spanId= o.s.c.c.c.ConfigServerConfigDataLoader : Located environment: name=CART-ORDER-SERVICE, profiles=[dev], label=null, version=e9c8ddaaa507e29c792703f18f53aff3af15532f, state=
2026-10-01 19:09:27 INFO  [main] traceId= spanId= o.s.d.r.c.RepositoryConfigurationDelegate : Bootstrapping Spring Data JPA repositories in DEFAULT mode.
2026-10-01 19:09:27 INFO  [main] traceId= spanId= o.s.d.r.c.RepositoryConfigurationDelegate : Finished Spring Data repository scanning in 204 ms. Found 4 JPA repository interfaces.
2026-10-01 19:09:27 INFO  [main] traceId= spanId= o.s.cloud.context.scope.GenericScope : BeanFactory id=95cfacc2-0b22-3dff-b83f-5b2ee8a75c56
2026-10-01 19:09:28 INFO  [main] traceId= spanId= o.s.boot.tomcat.TomcatWebServer : Tomcat initialized with port 8082 (http)
2026-10-01 19:09:28 INFO  [main] traceId= spanId= o.a.catalina.core.StandardService : Starting service [Tomcat]
2026-10-01 19:09:28 INFO  [main] traceId= spanId= o.a.catalina.core.StandardEngine : Starting Servlet engine: [Apache Tomcat/11.0.21]
2026-10-01 19:09:28 INFO  [main] traceId= spanId= o.s.b.w.c.s.WebApplicationContextInitializer : Root WebApplicationContext: initialization completed in 2211 ms
2026-10-01 19:09:29 INFO  [main] traceId= spanId= org.hibernate.orm.jpa : HHH008540: Processing PersistenceUnitInfo [name: default]
2026-10-01 19:09:29 INFO  [main] traceId= spanId= org.hibernate.orm.core : HHH000001: Hibernate ORM core version 7.2.12.Final
2026-10-01 19:09:29 INFO  [main] traceId= spanId= o.s.o.j.p.SpringPersistenceUnitInfo : No LoadTimeWeaver setup: ignoring JPA class transformer
2026-10-01 19:09:29 INFO  [main] traceId= spanId= com.zaxxer.hikari.HikariDataSource : HikariPool-1 - Starting...
2026-10-01 19:09:29 INFO  [main] traceId= spanId= com.zaxxer.hikari.pool.HikariPool : HikariPool-1 - Added connection com.mysql.cj.jdbc.ConnectionImpl@34e0f4d3
2026-10-01 19:09:29 INFO  [main] traceId= spanId= com.zaxxer.hikari.HikariDataSource : HikariPool-1 - Start completed.
2026-10-01 19:09:29 WARN  [main] traceId= spanId= org.hibernate.orm.deprecation : HHH90000025: MySQLDialect does not need to be specified explicitly using 'hibernate.dialect' (remove the property setting and it will be selected by default)
2026-10-01 19:09:30 INFO  [main] traceId= spanId= o.hibernate.orm.connections.pooling : HHH10001005: Database info:
	Database JDBC URL [jdbc:mysql://localhost:3306/micro_devops?useSSL=false&allowPublicKeyRetrieval=true]
	Database driver: MySQL Connector/J
	Database dialect: MySQLDialect
	Database version: 8.0.45
	Default catalog/schema: micro_devops/undefined
	Autocommit mode: undefined/unknown
	Isolation level: REPEATABLE_READ [default REPEATABLE_READ]
	JDBC fetch size: none
	Pool: DataSourceConnectionProvider
	Minimum pool size: undefined/unknown
	Maximum pool size: undefined/unknown
2026-10-01 19:09:30 INFO  [main] traceId= spanId= org.hibernate.orm.core : HHH000489: No JTA platform available (set 'hibernate.transaction.jta.platform' to enable JTA platform integration)
2026-10-01 19:09:31 INFO  [main] traceId= spanId= o.s.o.j.LocalContainerEntityManagerFactoryBean : Initialized JPA EntityManagerFactory for persistence unit 'default'
2026-10-01 19:09:31 INFO  [main] traceId= spanId= o.s.d.j.r.q.QueryEnhancerFactories : Hibernate is in classpath; If applicable, HQL parser will be used.
2026-10-01 19:09:31 WARN  [main] traceId= spanId= o.s.b.j.a.JpaBaseConfiguration$JpaWebConfiguration : spring.jpa.open-in-view is enabled by default. Therefore, database queries may be performed during view rendering. Explicitly configure spring.jpa.open-in-view to disable this warning
2026-10-01 19:09:33 INFO  [main] traceId= spanId= o.s.c.n.e.c.DiscoveryClientOptionalArgsConfiguration : Eureka HTTP Client uses RestClient.
2026-10-01 19:09:33 WARN  [main] traceId= spanId= o.s.c.l.c.LoadBalancerCacheAutoConfiguration$LoadBalancerCaffeineWarnLogger : Spring Cloud LoadBalancer is currently working with the default cache. While this cache implementation is useful for development and tests, it's recommended to use Caffeine cache in production.You can switch to using Caffeine cache, by adding it and org.springframework.cache.caffeine.CaffeineCacheManager to the classpath.
2026-10-01 19:09:33 INFO  [main] traceId= spanId= o.s.b.a.e.web.EndpointLinksResolver : Exposing 27 endpoints beneath base path '/actuator'
2026-10-01 19:09:33 INFO  [main] traceId= spanId= o.s.c.n.eureka.InstanceInfoFactory : Setting initial instance status as: STARTING
2026-10-01 19:09:33 INFO  [main] traceId= spanId= c.netflix.discovery.DiscoveryClient : Initializing Eureka in region us-east-1
2026-10-01 19:09:33 INFO  [main] traceId= spanId= c.n.d.s.r.aws.ConfigClusterResolver : Resolving eureka endpoints via configuration
2026-10-01 19:09:33 INFO  [main] traceId= spanId= c.netflix.discovery.DiscoveryClient : Disable delta property : false
2026-10-01 19:09:33 INFO  [main] traceId= spanId= c.netflix.discovery.DiscoveryClient : Single vip registry refresh property : null
2026-10-01 19:09:33 INFO  [main] traceId= spanId= c.netflix.discovery.DiscoveryClient : Force full registry fetch : false
2026-10-01 19:09:33 INFO  [main] traceId= spanId= c.netflix.discovery.DiscoveryClient : Application is null : false
2026-10-01 19:09:33 INFO  [main] traceId= spanId= c.netflix.discovery.DiscoveryClient : Registered Applications size is zero : true
2026-10-01 19:09:33 INFO  [main] traceId= spanId= c.netflix.discovery.DiscoveryClient : Application version is -1: true
2026-10-01 19:09:33 INFO  [main] traceId= spanId= c.netflix.discovery.DiscoveryClient : Getting all instance registry info from the eureka server
2026-10-01 19:09:33 INFO  [main] traceId= spanId= c.netflix.discovery.DiscoveryClient : The response status is 200
2026-10-01 19:09:33 INFO  [main] traceId= spanId= c.netflix.discovery.DiscoveryClient : Starting heartbeat executor: renew interval is: 30
2026-10-01 19:09:33 INFO  [main] traceId= spanId= c.n.discovery.InstanceInfoReplicator : InstanceInfoReplicator onDemand update allowed rate per min is 4
2026-10-01 19:09:33 INFO  [main] traceId= spanId= c.netflix.discovery.DiscoveryClient : Discovery Client initialized at timestamp 1790861973730 with initial instances count: 9
2026-10-01 19:09:33 INFO  [main] traceId= spanId= o.s.c.n.e.s.EurekaServiceRegistry : Registering application CART-ORDER-SERVICE with eureka with status UP
2026-10-01 19:09:33 INFO  [main] traceId= spanId= c.netflix.discovery.DiscoveryClient : Saw local status change event StatusChangeEvent [timestamp=1790861973740, current=UP, previous=STARTING]
2026-10-01 19:09:33 INFO  [DiscoveryClient-InstanceInfoReplicator-%d] traceId= spanId= c.netflix.discovery.DiscoveryClient : DiscoveryClient_CART-ORDER-SERVICE/LAPTOP-UJ0KBI4K.mshome.net:CART-ORDER-SERVICE:8082: registering service...
2026-10-01 19:09:33 INFO  [main] traceId= spanId= o.s.c.n.e.s.EurekaServiceRegistry : Unregistering application CART-ORDER-SERVICE with eureka with status DOWN
2026-10-01 19:09:33 INFO  [main] traceId= spanId= c.netflix.discovery.DiscoveryClient : Saw local status change event StatusChangeEvent [timestamp=1790861973751, current=DOWN, previous=UP]
2026-10-01 19:09:33 WARN  [main] traceId= spanId= o.s.b.w.s.s.c.AnnotationConfigServletWebServerApplicationContext : Exception encountered during context initialization - cancelling refresh attempt: org.springframework.context.ApplicationContextException: Failed to start bean 'webServerStartStop'
2026-10-01 19:09:33 INFO  [main] traceId= spanId= o.s.o.j.LocalContainerEntityManagerFactoryBean : Closing JPA EntityManagerFactory for persistence unit 'default'
2026-10-01 19:09:33 INFO  [main] traceId= spanId= com.zaxxer.hikari.HikariDataSource : HikariPool-1 - Shutdown initiated...
2026-10-01 19:09:33 INFO  [main] traceId= spanId= com.zaxxer.hikari.HikariDataSource : HikariPool-1 - Shutdown completed.
2026-10-01 19:09:33 INFO  [main] traceId= spanId= c.netflix.discovery.DiscoveryClient : Shutting down DiscoveryClient ...
2026-10-01 19:09:33 INFO  [DiscoveryClient-InstanceInfoReplicator-%d] traceId= spanId= c.netflix.discovery.DiscoveryClient : DiscoveryClient_CART-ORDER-SERVICE/LAPTOP-UJ0KBI4K.mshome.net:CART-ORDER-SERVICE:8082 - registration status: 204
2026-10-01 19:09:33 INFO  [DiscoveryClient-InstanceInfoReplicator-%d] traceId= spanId= c.netflix.discovery.DiscoveryClient : DiscoveryClient_CART-ORDER-SERVICE/LAPTOP-UJ0KBI4K.mshome.net:CART-ORDER-SERVICE:8082: registering service...
2026-10-01 19:09:33 INFO  [DiscoveryClient-InstanceInfoReplicator-%d] traceId= spanId= c.netflix.discovery.DiscoveryClient : DiscoveryClient_CART-ORDER-SERVICE/LAPTOP-UJ0KBI4K.mshome.net:CART-ORDER-SERVICE:8082 - registration status: 204
2026-10-01 19:09:33 INFO  [main] traceId= spanId= c.netflix.discovery.DiscoveryClient : Unregistering ...
2026-10-01 19:09:33 INFO  [main] traceId= spanId= c.netflix.discovery.DiscoveryClient : DiscoveryClient_CART-ORDER-SERVICE/LAPTOP-UJ0KBI4K.mshome.net:CART-ORDER-SERVICE:8082 - deregister  status: 200
2026-10-01 19:09:33 INFO  [main] traceId= spanId= c.netflix.discovery.DiscoveryClient : Completed shut down of DiscoveryClient
2026-10-01 19:09:33 INFO  [main] traceId= spanId= o.s.b.a.l.ConditionEvaluationReportLogger : 

Error starting ApplicationContext. To display the condition evaluation report re-run your application with 'debug' enabled.
2026-10-01 19:09:33 ERROR [main] traceId= spanId= o.s.b.d.LoggingFailureAnalysisReporter : 

***************************
APPLICATION FAILED TO START
***************************

Description:

Web server failed to start. Port 8082 was already in use.

Action:

Identify and stop the process that's listening on port 8082 or configure this application to listen on another port.

2026-10-01 21:19:23 INFO  [main] traceId= spanId= c.s.e.c.CartOrderServiceApplication : Starting CartOrderServiceApplication using Java 25.0.1 with PID 26260 (D:\Live Batches\micro_devops\easy_busy\cart-order-service\cart-order-service\target\classes started by DurgeshLap in D:\Live Batches\micro_devops\easy_busy)
2026-10-01 21:19:23 INFO  [main] traceId= spanId= c.s.e.c.CartOrderServiceApplication : The following 1 profile is active: "dev"
2026-10-01 21:19:23 INFO  [main] traceId= spanId= o.s.c.c.c.ConfigServerConfigDataLoader : Fetching config from server at : http://localhost:8079
2026-10-01 21:19:23 INFO  [main] traceId= spanId= o.s.c.c.c.ConfigServerConfigDataLoader : Located environment: name=CART-ORDER-SERVICE, profiles=[default], label=null, version=e9c8ddaaa507e29c792703f18f53aff3af15532f, state=
2026-10-01 21:19:23 INFO  [main] traceId= spanId= o.s.c.c.c.ConfigServerConfigDataLoader : Fetching config from server at : http://localhost:8079
2026-10-01 21:19:23 INFO  [main] traceId= spanId= o.s.c.c.c.ConfigServerConfigDataLoader : Located environment: name=CART-ORDER-SERVICE, profiles=[dev], label=null, version=e9c8ddaaa507e29c792703f18f53aff3af15532f, state=
2026-10-01 21:19:24 INFO  [main] traceId= spanId= o.s.d.r.c.RepositoryConfigurationDelegate : Bootstrapping Spring Data JPA repositories in DEFAULT mode.
2026-10-01 21:19:24 INFO  [main] traceId= spanId= o.s.d.r.c.RepositoryConfigurationDelegate : Finished Spring Data repository scanning in 155 ms. Found 4 JPA repository interfaces.
2026-10-01 21:19:25 INFO  [main] traceId= spanId= o.s.cloud.context.scope.GenericScope : BeanFactory id=95cfacc2-0b22-3dff-b83f-5b2ee8a75c56
2026-10-01 21:19:25 INFO  [main] traceId= spanId= o.s.boot.tomcat.TomcatWebServer : Tomcat initialized with port 8082 (http)
2026-10-01 21:19:25 INFO  [main] traceId= spanId= o.a.catalina.core.StandardService : Starting service [Tomcat]
2026-10-01 21:19:25 INFO  [main] traceId= spanId= o.a.catalina.core.StandardEngine : Starting Servlet engine: [Apache Tomcat/11.0.21]
2026-10-01 21:19:25 INFO  [main] traceId= spanId= o.s.b.w.c.s.WebApplicationContextInitializer : Root WebApplicationContext: initialization completed in 2176 ms
2026-10-01 21:19:26 INFO  [main] traceId= spanId= org.hibernate.orm.jpa : HHH008540: Processing PersistenceUnitInfo [name: default]
2026-10-01 21:19:26 INFO  [main] traceId= spanId= org.hibernate.orm.core : HHH000001: Hibernate ORM core version 7.2.12.Final
2026-10-01 21:19:26 INFO  [main] traceId= spanId= o.s.o.j.p.SpringPersistenceUnitInfo : No LoadTimeWeaver setup: ignoring JPA class transformer
2026-10-01 21:19:26 INFO  [main] traceId= spanId= com.zaxxer.hikari.HikariDataSource : HikariPool-1 - Starting...
2026-10-01 21:19:26 INFO  [main] traceId= spanId= com.zaxxer.hikari.pool.HikariPool : HikariPool-1 - Added connection com.mysql.cj.jdbc.ConnectionImpl@789c61a3
2026-10-01 21:19:26 INFO  [main] traceId= spanId= com.zaxxer.hikari.HikariDataSource : HikariPool-1 - Start completed.
2026-10-01 21:19:27 WARN  [main] traceId= spanId= org.hibernate.orm.deprecation : HHH90000025: MySQLDialect does not need to be specified explicitly using 'hibernate.dialect' (remove the property setting and it will be selected by default)
2026-10-01 21:19:27 INFO  [main] traceId= spanId= o.hibernate.orm.connections.pooling : HHH10001005: Database info:
	Database JDBC URL [jdbc:mysql://localhost:3306/micro_devops?useSSL=false&allowPublicKeyRetrieval=true]
	Database driver: MySQL Connector/J
	Database dialect: MySQLDialect
	Database version: 8.0.45
	Default catalog/schema: micro_devops/undefined
	Autocommit mode: undefined/unknown
	Isolation level: REPEATABLE_READ [default REPEATABLE_READ]
	JDBC fetch size: none
	Pool: DataSourceConnectionProvider
	Minimum pool size: undefined/unknown
	Maximum pool size: undefined/unknown
2026-10-01 21:19:28 INFO  [main] traceId= spanId= org.hibernate.orm.core : HHH000489: No JTA platform available (set 'hibernate.transaction.jta.platform' to enable JTA platform integration)
2026-10-01 21:19:28 INFO  [main] traceId= spanId= o.s.o.j.LocalContainerEntityManagerFactoryBean : Initialized JPA EntityManagerFactory for persistence unit 'default'
2026-10-01 21:19:28 INFO  [main] traceId= spanId= o.s.d.j.r.q.QueryEnhancerFactories : Hibernate is in classpath; If applicable, HQL parser will be used.
2026-10-01 21:19:28 WARN  [main] traceId= spanId= o.s.b.j.a.JpaBaseConfiguration$JpaWebConfiguration : spring.jpa.open-in-view is enabled by default. Therefore, database queries may be performed during view rendering. Explicitly configure spring.jpa.open-in-view to disable this warning
2026-10-01 21:19:30 INFO  [main] traceId= spanId= o.s.c.n.e.c.DiscoveryClientOptionalArgsConfiguration : Eureka HTTP Client uses RestClient.
2026-10-01 21:19:30 WARN  [main] traceId= spanId= o.s.c.l.c.LoadBalancerCacheAutoConfiguration$LoadBalancerCaffeineWarnLogger : Spring Cloud LoadBalancer is currently working with the default cache. While this cache implementation is useful for development and tests, it's recommended to use Caffeine cache in production.You can switch to using Caffeine cache, by adding it and org.springframework.cache.caffeine.CaffeineCacheManager to the classpath.
2026-10-01 21:19:30 INFO  [main] traceId= spanId= o.s.b.a.e.web.EndpointLinksResolver : Exposing 27 endpoints beneath base path '/actuator'
2026-10-01 21:19:30 INFO  [main] traceId= spanId= o.s.c.n.eureka.InstanceInfoFactory : Setting initial instance status as: STARTING
2026-10-01 21:19:30 INFO  [main] traceId= spanId= c.netflix.discovery.DiscoveryClient : Initializing Eureka in region us-east-1
2026-10-01 21:19:30 INFO  [main] traceId= spanId= c.n.d.s.r.aws.ConfigClusterResolver : Resolving eureka endpoints via configuration
2026-10-01 21:19:30 INFO  [main] traceId= spanId= c.netflix.discovery.DiscoveryClient : Disable delta property : false
2026-10-01 21:19:30 INFO  [main] traceId= spanId= c.netflix.discovery.DiscoveryClient : Single vip registry refresh property : null
2026-10-01 21:19:30 INFO  [main] traceId= spanId= c.netflix.discovery.DiscoveryClient : Force full registry fetch : false
2026-10-01 21:19:30 INFO  [main] traceId= spanId= c.netflix.discovery.DiscoveryClient : Application is null : false
2026-10-01 21:19:30 INFO  [main] traceId= spanId= c.netflix.discovery.DiscoveryClient : Registered Applications size is zero : true
2026-10-01 21:19:30 INFO  [main] traceId= spanId= c.netflix.discovery.DiscoveryClient : Application version is -1: true
2026-10-01 21:19:30 INFO  [main] traceId= spanId= c.netflix.discovery.DiscoveryClient : Getting all instance registry info from the eureka server
2026-10-01 21:19:31 INFO  [main] traceId= spanId= c.netflix.discovery.DiscoveryClient : The response status is 200
2026-10-01 21:19:31 INFO  [main] traceId= spanId= c.netflix.discovery.DiscoveryClient : Starting heartbeat executor: renew interval is: 30
2026-10-01 21:19:31 INFO  [main] traceId= spanId= c.n.discovery.InstanceInfoReplicator : InstanceInfoReplicator onDemand update allowed rate per min is 4
2026-10-01 21:19:31 INFO  [main] traceId= spanId= c.netflix.discovery.DiscoveryClient : Discovery Client initialized at timestamp 1790869771020 with initial instances count: 7
2026-10-01 21:19:31 INFO  [main] traceId= spanId= o.s.c.n.e.s.EurekaServiceRegistry : Registering application CART-ORDER-SERVICE with eureka with status UP
2026-10-01 21:19:31 INFO  [main] traceId= spanId= c.netflix.discovery.DiscoveryClient : Saw local status change event StatusChangeEvent [timestamp=1790869771029, current=UP, previous=STARTING]
2026-10-01 21:19:31 INFO  [DiscoveryClient-InstanceInfoReplicator-%d] traceId= spanId= c.netflix.discovery.DiscoveryClient : DiscoveryClient_CART-ORDER-SERVICE/LAPTOP-UJ0KBI4K.mshome.net:CART-ORDER-SERVICE:8082: registering service...
2026-10-01 21:19:31 INFO  [DiscoveryClient-InstanceInfoReplicator-%d] traceId= spanId= c.netflix.discovery.DiscoveryClient : DiscoveryClient_CART-ORDER-SERVICE/LAPTOP-UJ0KBI4K.mshome.net:CART-ORDER-SERVICE:8082 - registration status: 204
2026-10-01 21:19:31 INFO  [main] traceId= spanId= o.s.boot.tomcat.TomcatWebServer : Tomcat started on port 8082 (http) with context path '/'
2026-10-01 21:19:31 INFO  [main] traceId= spanId= o.s.c.n.e.s.EurekaAutoServiceRegistration : Updating port to 8082
2026-10-01 21:19:31 INFO  [main] traceId= spanId= o.a.k.common.config.AbstractConfig : ConsumerConfig values: 
	allow.auto.create.topics = true
	auto.commit.interval.ms = 5000
	auto.offset.reset = earliest
	bootstrap.servers = [localhost:9092]
	check.crcs = true
	client.dns.lookup = use_all_dns_ips
	client.id = consumer-order-group-1
	client.rack = 
	connections.max.idle.ms = 540000
	default.api.timeout.ms = 60000
	enable.auto.commit = false
	enable.metrics.push = true
	exclude.internal.topics = true
	fetch.max.bytes = 52428800
	fetch.max.wait.ms = 500
	fetch.min.bytes = 1
	group.id = order-group
	group.instance.id = null
	group.protocol = classic
	group.remote.assignor = null
	heartbeat.interval.ms = 3000
	interceptor.classes = []
	internal.leave.group.on.close = true
	internal.throw.on.fetch.stable.offset.unsupported = false
	isolation.level = read_uncommitted
	key.deserializer = class org.apache.kafka.common.serialization.StringDeserializer
	max.partition.fetch.bytes = 1048576
	max.poll.interval.ms = 300000
	max.poll.records = 500
	metadata.max.age.ms = 300000
	metadata.recovery.rebootstrap.trigger.ms = 300000
	metadata.recovery.strategy = rebootstrap
	metric.reporters = [class io.opentelemetry.javaagent.shaded.instrumentation.kafkaclients.common.v0_11.internal.OpenTelemetryMetricsReporter]
	metrics.num.samples = 2
	metrics.recording.level = INFO
	metrics.sample.window.ms = 30000
	partition.assignment.strategy = [class org.apache.kafka.clients.consumer.RangeAssignor, class org.apache.kafka.clients.consumer.CooperativeStickyAssignor]
	receive.buffer.bytes = 65536
	reconnect.backoff.max.ms = 1000
	reconnect.backoff.ms = 50
	request.timeout.ms = 30000
	retry.backoff.max.ms = 1000
	retry.backoff.ms = 100
	sasl.client.callback.handler.class = null
	sasl.jaas.config = null
	sasl.kerberos.kinit.cmd = /usr/bin/kinit
	sasl.kerberos.min.time.before.relogin = 60000
	sasl.kerberos.service.name = null
	sasl.kerberos.ticket.renew.jitter = 0.05
	sasl.kerberos.ticket.renew.window.factor = 0.8
	sasl.login.callback.handler.class = null
	sasl.login.class = null
	sasl.login.connect.timeout.ms = null
	sasl.login.read.timeout.ms = null
	sasl.login.refresh.buffer.seconds = 300
	sasl.login.refresh.min.period.seconds = 60
	sasl.login.refresh.window.factor = 0.8
	sasl.login.refresh.window.jitter = 0.05
	sasl.login.retry.backoff.max.ms = 10000
	sasl.login.retry.backoff.ms = 100
	sasl.mechanism = GSSAPI
	sasl.oauthbearer.assertion.algorithm = RS256
	sasl.oauthbearer.assertion.claim.aud = null
	sasl.oauthbearer.assertion.claim.exp.seconds = 300
	sasl.oauthbearer.assertion.claim.iss = null
	sasl.oauthbearer.assertion.claim.jti.include = false
	sasl.oauthbearer.assertion.claim.nbf.seconds = 60
	sasl.oauthbearer.assertion.claim.sub = null
	sasl.oauthbearer.assertion.file = null
	sasl.oauthbearer.assertion.private.key.file = null
	sasl.oauthbearer.assertion.private.key.passphrase = null
	sasl.oauthbearer.assertion.template.file = null
	sasl.oauthbearer.client.credentials.client.id = null
	sasl.oauthbearer.client.credentials.client.secret = null
	sasl.oauthbearer.clock.skew.seconds = 30
	sasl.oauthbearer.expected.audience = null
	sasl.oauthbearer.expected.issuer = null
	sasl.oauthbearer.header.urlencode = false
	sasl.oauthbearer.jwks.endpoint.refresh.ms = 3600000
	sasl.oauthbearer.jwks.endpoint.retry.backoff.max.ms = 10000
	sasl.oauthbearer.jwks.endpoint.retry.backoff.ms = 100
	sasl.oauthbearer.jwks.endpoint.url = null
	sasl.oauthbearer.jwt.retriever.class = class org.apache.kafka.common.security.oauthbearer.DefaultJwtRetriever
	sasl.oauthbearer.jwt.validator.class = class org.apache.kafka.common.security.oauthbearer.DefaultJwtValidator
	sasl.oauthbearer.scope = null
	sasl.oauthbearer.scope.claim.name = scope
	sasl.oauthbearer.sub.claim.name = sub
	sasl.oauthbearer.token.endpoint.url = null
	security.protocol = PLAINTEXT
	security.providers = null
	send.buffer.bytes = 131072
	session.timeout.ms = 45000
	share.acknowledgement.mode = implicit
	socket.connection.setup.timeout.max.ms = 30000
	socket.connection.setup.timeout.ms = 10000
	ssl.cipher.suites = null
	ssl.enabled.protocols = [TLSv1.2, TLSv1.3]
	ssl.endpoint.identification.algorithm = https
	ssl.engine.factory.class = null
	ssl.key.password = null
	ssl.keymanager.algorithm = SunX509
	ssl.keystore.certificate.chain = null
	ssl.keystore.key = null
	ssl.keystore.location = null
	ssl.keystore.password = null
	ssl.keystore.type = JKS
	ssl.protocol = TLSv1.3
	ssl.provider = null
	ssl.secure.random.implementation = null
	ssl.trustmanager.algorithm = PKIX
	ssl.truststore.certificates = null
	ssl.truststore.location = null
	ssl.truststore.password = null
	ssl.truststore.type = JKS
	value.deserializer = class org.springframework.kafka.support.serializer.JsonDeserializer

2026-10-01 21:19:31 INFO  [main] traceId= spanId= o.a.k.c.t.i.KafkaMetricsCollector : initializing Kafka metrics collector
2026-10-01 21:19:31 INFO  [main] traceId= spanId= o.a.kafka.common.utils.AppInfoParser : Kafka version: 4.1.2
2026-10-01 21:19:31 INFO  [main] traceId= spanId= o.a.kafka.common.utils.AppInfoParser : Kafka commitId: c82fd9b934b4c1e6
2026-10-01 21:19:31 INFO  [main] traceId= spanId= o.a.kafka.common.utils.AppInfoParser : Kafka startTimeMs: 1790869771323
2026-10-01 21:19:31 INFO  [main] traceId= spanId= o.a.k.c.c.i.ClassicKafkaConsumer : [Consumer clientId=consumer-order-group-1, groupId=order-group] Subscribed to topic(s): payment-topic
2026-10-01 21:19:31 INFO  [main] traceId= spanId= c.s.e.c.CartOrderServiceApplication : Started CartOrderServiceApplication in 10.48 seconds (process running for 13.101)
2026-10-01 21:19:31 INFO  [org.springframework.kafka.KafkaListenerEndpointContainer#0-0-C-1] traceId= spanId= org.apache.kafka.clients.Metadata : [Consumer clientId=consumer-order-group-1, groupId=order-group] Cluster ID: 5L6g3nShT-eMCtK--X86sw
2026-10-01 21:19:31 INFO  [org.springframework.kafka.KafkaListenerEndpointContainer#0-0-C-1] traceId= spanId= o.a.k.c.c.i.ConsumerCoordinator : [Consumer clientId=consumer-order-group-1, groupId=order-group] Discovered group coordinator localhost:9092 (id: 2147483646 rack: null isFenced: false)
2026-10-01 21:19:31 INFO  [org.springframework.kafka.KafkaListenerEndpointContainer#0-0-C-1] traceId= spanId= o.a.k.c.c.i.ConsumerCoordinator : [Consumer clientId=consumer-order-group-1, groupId=order-group] (Re-)joining group
2026-10-01 21:19:32 INFO  [org.springframework.kafka.KafkaListenerEndpointContainer#0-0-C-1] traceId= spanId= o.a.k.c.c.i.ConsumerCoordinator : [Consumer clientId=consumer-order-group-1, groupId=order-group] Request joining group due to: need to re-join with the given member-id: consumer-order-group-1-42da242b-3dcd-456d-bda8-39089705b1f6
2026-10-01 21:19:32 INFO  [org.springframework.kafka.KafkaListenerEndpointContainer#0-0-C-1] traceId= spanId= o.a.k.c.c.i.ConsumerCoordinator : [Consumer clientId=consumer-order-group-1, groupId=order-group] (Re-)joining group
2026-10-01 21:19:35 INFO  [org.springframework.kafka.KafkaListenerEndpointContainer#0-0-C-1] traceId= spanId= o.a.k.c.c.i.ConsumerCoordinator : [Consumer clientId=consumer-order-group-1, groupId=order-group] Successfully joined group with generation Generation{generationId=6, memberId='consumer-order-group-1-42da242b-3dcd-456d-bda8-39089705b1f6', protocol='range'}
2026-10-01 21:19:35 INFO  [org.springframework.kafka.KafkaListenerEndpointContainer#0-0-C-1] traceId= spanId= o.a.k.c.c.i.ConsumerCoordinator : [Consumer clientId=consumer-order-group-1, groupId=order-group] Finished assignment for group at generation 6: {consumer-order-group-1-42da242b-3dcd-456d-bda8-39089705b1f6=Assignment(partitions=[payment-topic-0])}
2026-10-01 21:19:35 INFO  [org.springframework.kafka.KafkaListenerEndpointContainer#0-0-C-1] traceId= spanId= o.a.k.c.c.i.ConsumerCoordinator : [Consumer clientId=consumer-order-group-1, groupId=order-group] Successfully synced group in generation Generation{generationId=6, memberId='consumer-order-group-1-42da242b-3dcd-456d-bda8-39089705b1f6', protocol='range'}
2026-10-01 21:19:35 INFO  [org.springframework.kafka.KafkaListenerEndpointContainer#0-0-C-1] traceId= spanId= o.a.k.c.c.i.ConsumerCoordinator : [Consumer clientId=consumer-order-group-1, groupId=order-group] Notifying assignor about the new Assignment(partitions=[payment-topic-0])
2026-10-01 21:19:35 INFO  [org.springframework.kafka.KafkaListenerEndpointContainer#0-0-C-1] traceId= spanId= o.a.k.c.c.i.ConsumerRebalanceListenerInvoker : [Consumer clientId=consumer-order-group-1, groupId=order-group] Adding newly assigned partitions: [payment-topic-0]
2026-10-01 21:19:35 INFO  [org.springframework.kafka.KafkaListenerEndpointContainer#0-0-C-1] traceId= spanId= o.a.k.c.c.internals.ConsumerUtils : Setting offset for partition payment-topic-0 to the committed offset FetchPosition{offset=8, offsetEpoch=Optional.empty, currentLeader=LeaderAndEpoch{leader=Optional[localhost:9092 (id: 1 rack: null isFenced: false)], epoch=24}}
2026-10-01 21:19:35 INFO  [org.springframework.kafka.KafkaListenerEndpointContainer#0-0-C-1] traceId= spanId= o.s.k.l.KafkaMessageListenerContainer : order-group: partitions assigned: [payment-topic-0]
2026-10-01 21:24:30 INFO  [AsyncResolver-bootstrap-executor-%d] traceId= spanId= c.n.d.s.r.aws.ConfigClusterResolver : Resolving eureka endpoints via configuration
2026-10-01 21:29:30 INFO  [AsyncResolver-bootstrap-executor-%d] traceId= spanId= c.n.d.s.r.aws.ConfigClusterResolver : Resolving eureka endpoints via configuration
2026-10-01 21:34:30 INFO  [AsyncResolver-bootstrap-executor-%d] traceId= spanId= c.n.d.s.r.aws.ConfigClusterResolver : Resolving eureka endpoints via configuration
2026-10-01 21:39:30 INFO  [AsyncResolver-bootstrap-executor-%d] traceId= spanId= c.n.d.s.r.aws.ConfigClusterResolver : Resolving eureka endpoints via configuration
2026-10-01 21:44:30 INFO  [AsyncResolver-bootstrap-executor-%d] traceId= spanId= c.n.d.s.r.aws.ConfigClusterResolver : Resolving eureka endpoints via configuration
2026-10-01 21:49:30 INFO  [AsyncResolver-bootstrap-executor-%d] traceId= spanId= c.n.d.s.r.aws.ConfigClusterResolver : Resolving eureka endpoints via configuration
2026-10-01 21:54:30 INFO  [AsyncResolver-bootstrap-executor-%d] traceId= spanId= c.n.d.s.r.aws.ConfigClusterResolver : Resolving eureka endpoints via configuration
2026-10-01 21:59:30 INFO  [AsyncResolver-bootstrap-executor-%d] traceId= spanId= c.n.d.s.r.aws.ConfigClusterResolver : Resolving eureka endpoints via configuration
2026-10-01 22:04:30 INFO  [AsyncResolver-bootstrap-executor-%d] traceId= spanId= c.n.d.s.r.aws.ConfigClusterResolver : Resolving eureka endpoints via configuration
2026-10-01 22:09:30 INFO  [AsyncResolver-bootstrap-executor-%d] traceId= spanId= c.n.d.s.r.aws.ConfigClusterResolver : Resolving eureka endpoints via configuration
2026-10-01 22:14:31 INFO  [AsyncResolver-bootstrap-executor-%d] traceId= spanId= c.n.d.s.r.aws.ConfigClusterResolver : Resolving eureka endpoints via configuration
2026-10-01 22:19:31 INFO  [AsyncResolver-bootstrap-executor-%d] traceId= spanId= c.n.d.s.r.aws.ConfigClusterResolver : Resolving eureka endpoints via configuration
2026-10-01 22:24:31 INFO  [AsyncResolver-bootstrap-executor-%d] traceId= spanId= c.n.d.s.r.aws.ConfigClusterResolver : Resolving eureka endpoints via configuration
2026-10-01 22:29:31 INFO  [AsyncResolver-bootstrap-executor-%d] traceId= spanId= c.n.d.s.r.aws.ConfigClusterResolver : Resolving eureka endpoints via configuration
2026-10-01 22:34:31 INFO  [AsyncResolver-bootstrap-executor-%d] traceId= spanId= c.n.d.s.r.aws.ConfigClusterResolver : Resolving eureka endpoints via configuration
2026-10-01 22:39:31 INFO  [AsyncResolver-bootstrap-executor-%d] traceId= spanId= c.n.d.s.r.aws.ConfigClusterResolver : Resolving eureka endpoints via configuration
2026-10-01 22:44:31 INFO  [AsyncResolver-bootstrap-executor-%d] traceId= spanId= c.n.d.s.r.aws.ConfigClusterResolver : Resolving eureka endpoints via configuration
2026-10-01 22:49:31 INFO  [AsyncResolver-bootstrap-executor-%d] traceId= spanId= c.n.d.s.r.aws.ConfigClusterResolver : Resolving eureka endpoints via configuration
2026-10-01 22:54:31 INFO  [AsyncResolver-bootstrap-executor-%d] traceId= spanId= c.n.d.s.r.aws.ConfigClusterResolver : Resolving eureka endpoints via configuration
2026-10-01 22:59:31 INFO  [AsyncResolver-bootstrap-executor-%d] traceId= spanId= c.n.d.s.r.aws.ConfigClusterResolver : Resolving eureka endpoints via configuration
2026-10-01 23:04:31 INFO  [AsyncResolver-bootstrap-executor-%d] traceId= spanId= c.n.d.s.r.aws.ConfigClusterResolver : Resolving eureka endpoints via configuration
2026-10-01 23:09:31 INFO  [AsyncResolver-bootstrap-executor-%d] traceId= spanId= c.n.d.s.r.aws.ConfigClusterResolver : Resolving eureka endpoints via configuration
2026-10-01 23:14:31 INFO  [AsyncResolver-bootstrap-executor-%d] traceId= spanId= c.n.d.s.r.aws.ConfigClusterResolver : Resolving eureka endpoints via configuration
2026-10-01 23:19:31 INFO  [AsyncResolver-bootstrap-executor-%d] traceId= spanId= c.n.d.s.r.aws.ConfigClusterResolver : Resolving eureka endpoints via configuration
2026-10-01 23:22:28 INFO  [http-nio-8082-exec-2] traceId=d6ecc7c497d5785dfd1680cdc48ed047 spanId=d6fadf791e103887 o.a.c.c.C.[Tomcat].[localhost].[/] : Initializing Spring DispatcherServlet 'dispatcherServlet'
2026-10-01 23:22:28 INFO  [http-nio-8082-exec-2] traceId=d6ecc7c497d5785dfd1680cdc48ed047 spanId=d6fadf791e103887 o.s.web.servlet.DispatcherServlet : Initializing Servlet 'dispatcherServlet'
2026-10-01 23:22:28 INFO  [http-nio-8082-exec-2] traceId=d6ecc7c497d5785dfd1680cdc48ed047 spanId=d6fadf791e103887 o.s.web.servlet.DispatcherServlet : Completed initialization in 147 ms
2026-10-01 23:22:56 ERROR [http-nio-8082-exec-8] traceId=989a36d720b505704828ce050e68739f spanId=62c52b5600b690e3 c.s.e.c.service.OrderServiceImpl : Checkout failed with error: 
org.springframework.cloud.client.circuitbreaker.NoFallbackAvailableException: No fallback available.
	at org.springframework.cloud.client.circuitbreaker.CircuitBreaker.lambda$run$0(CircuitBreaker.java:33)
	at org.springframework.cloud.circuitbreaker.resilience4j.Resilience4JCircuitBreaker.getAndApplyFallback(Resilience4JCircuitBreaker.java:157)
	at org.springframework.cloud.circuitbreaker.resilience4j.Resilience4JCircuitBreaker.run(Resilience4JCircuitBreaker.java:133)
	at org.springframework.cloud.client.circuitbreaker.CircuitBreaker.run(CircuitBreaker.java:32)
	at org.springframework.cloud.client.circuitbreaker.observation.ObservedCircuitBreaker.run(ObservedCircuitBreaker.java:58)
	at org.springframework.cloud.openfeign.FeignCircuitBreakerInvocationHandler.invoke(FeignCircuitBreakerInvocationHandler.java:115)
	at jdk.proxy3/jdk.proxy3.$Proxy223.reserveByProductId(Unknown Source)
	at com.substring.easybuy.cart_order.service.OrderServiceImpl.checkout(OrderServiceImpl.java:161)
	at java.base/jdk.internal.reflect.DirectMethodHandleAccessor.invoke(DirectMethodHandleAccessor.java:104)
	at java.base/java.lang.reflect.Method.invoke(Method.java:565)
	at org.springframework.aop.support.AopUtils.invokeJoinpointUsingReflection(AopUtils.java:359)
	at org.springframework.aop.framework.ReflectiveMethodInvocation.invokeJoinpoint(ReflectiveMethodInvocation.java:190)
	at org.springframework.aop.framework.ReflectiveMethodInvocation.proceed(ReflectiveMethodInvocation.java:158)
	at org.springframework.transaction.interceptor.TransactionInterceptor$1.proceedWithInvocation(TransactionInterceptor.java:133)
	at org.springframework.transaction.interceptor.TransactionAspectSupport.invokeWithinTransaction(TransactionAspectSupport.java:371)
	at org.springframework.transaction.interceptor.TransactionInterceptor.invoke(TransactionInterceptor.java:130)
	at org.springframework.aop.framework.ReflectiveMethodInvocation.proceed(ReflectiveMethodInvocation.java:179)
	at org.springframework.aop.interceptor.ExposeInvocationInterceptor.invoke(ExposeInvocationInterceptor.java:96)
	at org.springframework.aop.framework.ReflectiveMethodInvocation.proceed(ReflectiveMethodInvocation.java:179)
	at org.springframework.aop.framework.CglibAopProxy$DynamicAdvisedInterceptor.intercept(CglibAopProxy.java:719)
	at com.substring.easybuy.cart_order.service.OrderServiceImpl$$SpringCGLIB$$0.checkout(<generated>)
	at com.substring.easybuy.cart_order.controller.OrderController.checkout(OrderController.java:39)
	at java.base/jdk.internal.reflect.DirectMethodHandleAccessor.invoke(DirectMethodHandleAccessor.java:104)
	at java.base/java.lang.reflect.Method.invoke(Method.java:565)
	at org.springframework.aop.support.AopUtils.invokeJoinpointUsingReflection(AopUtils.java:359)
	at org.springframework.aop.framework.ReflectiveMethodInvocation.invokeJoinpoint(ReflectiveMethodInvocation.java:190)
	at org.springframework.aop.framework.ReflectiveMethodInvocation.proceed(ReflectiveMethodInvocation.java:158)
	at org.springframework.validation.beanvalidation.MethodValidationInterceptor.invoke(MethodValidationInterceptor.java:172)
	at org.springframework.aop.framework.ReflectiveMethodInvocation.proceed(ReflectiveMethodInvocation.java:179)
	at org.springframework.aop.framework.CglibAopProxy$DynamicAdvisedInterceptor.intercept(CglibAopProxy.java:719)
	at com.substring.easybuy.cart_order.controller.OrderController$$SpringCGLIB$$0.checkout(<generated>)
	at java.base/jdk.internal.reflect.DirectMethodHandleAccessor.invoke(DirectMethodHandleAccessor.java:104)
	at java.base/java.lang.reflect.Method.invoke(Method.java:565)
	at org.springframework.web.method.support.InvocableHandlerMethod.doInvoke(InvocableHandlerMethod.java:252)
	at org.springframework.web.method.support.InvocableHandlerMethod.invokeForRequest(InvocableHandlerMethod.java:184)
	at org.springframework.web.servlet.mvc.method.annotation.ServletInvocableHandlerMethod.invokeAndHandle(ServletInvocableHandlerMethod.java:117)
	at org.springframework.web.servlet.mvc.method.annotation.RequestMappingHandlerAdapter.invokeHandlerMethod(RequestMappingHandlerAdapter.java:934)
	at org.springframework.web.servlet.mvc.method.annotation.RequestMappingHandlerAdapter.handleInternal(RequestMappingHandlerAdapter.java:853)
	at org.springframework.web.servlet.mvc.method.AbstractHandlerMethodAdapter.handle(AbstractHandlerMethodAdapter.java:86)
	at org.springframework.web.servlet.DispatcherServlet.doDispatch(DispatcherServlet.java:963)
	at org.springframework.web.servlet.DispatcherServlet.doService(DispatcherServlet.java:866)
	at org.springframework.web.servlet.FrameworkServlet.processRequest(FrameworkServlet.java:1000)
	at org.springframework.web.servlet.FrameworkServlet.doPost(FrameworkServlet.java:903)
	at jakarta.servlet.http.HttpServlet.service(HttpServlet.java:649)
	at org.springframework.web.servlet.FrameworkServlet.service(FrameworkServlet.java:874)
	at jakarta.servlet.http.HttpServlet.service(HttpServlet.java:710)
	at org.apache.catalina.core.ApplicationFilterChain.doFilter(ApplicationFilterChain.java:128)
	at org.apache.tomcat.websocket.server.WsFilter.doFilter(WsFilter.java:53)
	at org.apache.catalina.core.ApplicationFilterChain.doFilter(ApplicationFilterChain.java:107)
	at org.springframework.web.filter.RequestContextFilter.doFilterInternal(RequestContextFilter.java:100)
	at org.springframework.web.filter.OncePerRequestFilter.doFilter(OncePerRequestFilter.java:116)
	at org.apache.catalina.core.ApplicationFilterChain.doFilter(ApplicationFilterChain.java:107)
	at org.springframework.web.filter.FormContentFilter.doFilterInternal(FormContentFilter.java:93)
	at org.springframework.web.filter.OncePerRequestFilter.doFilter(OncePerRequestFilter.java:116)
	at org.apache.catalina.core.ApplicationFilterChain.doFilter(ApplicationFilterChain.java:107)
	at org.springframework.web.servlet.v6_0.OpenTelemetryHandlerMappingFilter.doFilter(OpenTelemetryHandlerMappingFilter.java:78)
	at org.apache.catalina.core.ApplicationFilterChain.doFilter(ApplicationFilterChain.java:107)
	at org.springframework.web.filter.ServerHttpObservationFilter.doFilterInternal(ServerHttpObservationFilter.java:110)
	at org.springframework.web.filter.OncePerRequestFilter.doFilter(OncePerRequestFilter.java:116)
	at org.apache.catalina.core.ApplicationFilterChain.doFilter(ApplicationFilterChain.java:107)
	at org.springframework.web.filter.CharacterEncodingFilter.doFilterInternal(CharacterEncodingFilter.java:199)
	at org.springframework.web.filter.OncePerRequestFilter.doFilter(OncePerRequestFilter.java:116)
	at org.apache.catalina.core.ApplicationFilterChain.doFilter(ApplicationFilterChain.java:107)
	at org.apache.catalina.core.StandardWrapperValve.invoke(StandardWrapperValve.java:165)
	at org.apache.catalina.core.StandardContextValve.invoke(StandardContextValve.java:77)
	at org.apache.catalina.authenticator.AuthenticatorBase.invoke(AuthenticatorBase.java:492)
	at org.apache.catalina.core.StandardHostValve.invoke(StandardHostValve.java:113)
	at org.apache.catalina.valves.ErrorReportValve.invoke(ErrorReportValve.java:83)
	at org.apache.catalina.core.StandardEngineValve.invoke(StandardEngineValve.java:72)
	at org.apache.catalina.connector.CoyoteAdapter.service(CoyoteAdapter.java:341)
	at org.apache.coyote.http11.Http11Processor.service(Http11Processor.java:397)
	at org.apache.coyote.AbstractProcessorLight.process(AbstractProcessorLight.java:63)
	at org.apache.coyote.AbstractProtocol$ConnectionHandler.process(AbstractProtocol.java:903)
	at org.apache.tomcat.util.net.NioEndpoint$SocketProcessor.doRun(NioEndpoint.java:1801)
	at org.apache.tomcat.util.net.SocketProcessorBase.run(SocketProcessorBase.java:52)
	at org.apache.tomcat.util.threads.ThreadPoolExecutor.runWorker(ThreadPoolExecutor.java:946)
	at org.apache.tomcat.util.threads.ThreadPoolExecutor$Worker.run(ThreadPoolExecutor.java:480)
	at org.apache.tomcat.util.threads.TaskThread$WrappingRunnable.run(TaskThread.java:57)
	at java.base/java.lang.Thread.run(Thread.java:1474)
Caused by: java.util.concurrent.TimeoutException: TimeLimiter 'InventoryClientreserveByProductIdUUIDReserveStockRequest' recorded a timeout exception.
	at java.base/java.util.concurrent.FutureTask.get(FutureTask.java:206)
	at io.github.resilience4j.timelimiter.internal.TimeLimiterImpl.lambda$decorateFutureSupplier$0(TimeLimiterImpl.java:46)
	at io.github.resilience4j.circuitbreaker.CircuitBreaker.lambda$decorateCallable$4(CircuitBreaker.java:168)
	at org.springframework.cloud.circuitbreaker.resilience4j.Resilience4JCircuitBreaker.getAndApplyFallback(Resilience4JCircuitBreaker.java:154)
	... 77 common frames omitted
2026-10-01 23:23:09 ERROR [http-nio-8082-exec-3] traceId=841d56f8cb571b4f95a375b56c35f671 spanId=cd3fe5a9f03b62cb c.s.e.c.service.OrderServiceImpl : Checkout failed with error: 
org.springframework.cloud.client.circuitbreaker.NoFallbackAvailableException: No fallback available.
	at org.springframework.cloud.client.circuitbreaker.CircuitBreaker.lambda$run$0(CircuitBreaker.java:33)
	at org.springframework.cloud.circuitbreaker.resilience4j.Resilience4JCircuitBreaker.getAndApplyFallback(Resilience4JCircuitBreaker.java:157)
	at org.springframework.cloud.circuitbreaker.resilience4j.Resilience4JCircuitBreaker.run(Resilience4JCircuitBreaker.java:133)
	at org.springframework.cloud.client.circuitbreaker.CircuitBreaker.run(CircuitBreaker.java:32)
	at org.springframework.cloud.client.circuitbreaker.observation.ObservedCircuitBreaker.run(ObservedCircuitBreaker.java:58)
	at org.springframework.cloud.openfeign.FeignCircuitBreakerInvocationHandler.invoke(FeignCircuitBreakerInvocationHandler.java:115)
	at jdk.proxy3/jdk.proxy3.$Proxy223.reserveByProductId(Unknown Source)
	at com.substring.easybuy.cart_order.service.OrderServiceImpl.checkout(OrderServiceImpl.java:161)
	at java.base/jdk.internal.reflect.DirectMethodHandleAccessor.invoke(DirectMethodHandleAccessor.java:104)
	at java.base/java.lang.reflect.Method.invoke(Method.java:565)
	at org.springframework.aop.support.AopUtils.invokeJoinpointUsingReflection(AopUtils.java:359)
	at org.springframework.aop.framework.ReflectiveMethodInvocation.invokeJoinpoint(ReflectiveMethodInvocation.java:190)
	at org.springframework.aop.framework.ReflectiveMethodInvocation.proceed(ReflectiveMethodInvocation.java:158)
	at org.springframework.transaction.interceptor.TransactionInterceptor$1.proceedWithInvocation(TransactionInterceptor.java:133)
	at org.springframework.transaction.interceptor.TransactionAspectSupport.invokeWithinTransaction(TransactionAspectSupport.java:371)
	at org.springframework.transaction.interceptor.TransactionInterceptor.invoke(TransactionInterceptor.java:130)
	at org.springframework.aop.framework.ReflectiveMethodInvocation.proceed(ReflectiveMethodInvocation.java:179)
	at org.springframework.aop.interceptor.ExposeInvocationInterceptor.invoke(ExposeInvocationInterceptor.java:96)
	at org.springframework.aop.framework.ReflectiveMethodInvocation.proceed(ReflectiveMethodInvocation.java:179)
	at org.springframework.aop.framework.CglibAopProxy$DynamicAdvisedInterceptor.intercept(CglibAopProxy.java:719)
	at com.substring.easybuy.cart_order.service.OrderServiceImpl$$SpringCGLIB$$0.checkout(<generated>)
	at com.substring.easybuy.cart_order.controller.OrderController.checkout(OrderController.java:39)
	at java.base/jdk.internal.reflect.DirectMethodHandleAccessor.invoke(DirectMethodHandleAccessor.java:104)
	at java.base/java.lang.reflect.Method.invoke(Method.java:565)
	at org.springframework.aop.support.AopUtils.invokeJoinpointUsingReflection(AopUtils.java:359)
	at org.springframework.aop.framework.ReflectiveMethodInvocation.invokeJoinpoint(ReflectiveMethodInvocation.java:190)
	at org.springframework.aop.framework.ReflectiveMethodInvocation.proceed(ReflectiveMethodInvocation.java:158)
	at org.springframework.validation.beanvalidation.MethodValidationInterceptor.invoke(MethodValidationInterceptor.java:172)
	at org.springframework.aop.framework.ReflectiveMethodInvocation.proceed(ReflectiveMethodInvocation.java:179)
	at org.springframework.aop.framework.CglibAopProxy$DynamicAdvisedInterceptor.intercept(CglibAopProxy.java:719)
	at com.substring.easybuy.cart_order.controller.OrderController$$SpringCGLIB$$0.checkout(<generated>)
	at java.base/jdk.internal.reflect.DirectMethodHandleAccessor.invoke(DirectMethodHandleAccessor.java:104)
	at java.base/java.lang.reflect.Method.invoke(Method.java:565)
	at org.springframework.web.method.support.InvocableHandlerMethod.doInvoke(InvocableHandlerMethod.java:252)
	at org.springframework.web.method.support.InvocableHandlerMethod.invokeForRequest(InvocableHandlerMethod.java:184)
	at org.springframework.web.servlet.mvc.method.annotation.ServletInvocableHandlerMethod.invokeAndHandle(ServletInvocableHandlerMethod.java:117)
	at org.springframework.web.servlet.mvc.method.annotation.RequestMappingHandlerAdapter.invokeHandlerMethod(RequestMappingHandlerAdapter.java:934)
	at org.springframework.web.servlet.mvc.method.annotation.RequestMappingHandlerAdapter.handleInternal(RequestMappingHandlerAdapter.java:853)
	at org.springframework.web.servlet.mvc.method.AbstractHandlerMethodAdapter.handle(AbstractHandlerMethodAdapter.java:86)
	at org.springframework.web.servlet.DispatcherServlet.doDispatch(DispatcherServlet.java:963)
	at org.springframework.web.servlet.DispatcherServlet.doService(DispatcherServlet.java:866)
	at org.springframework.web.servlet.FrameworkServlet.processRequest(FrameworkServlet.java:1000)
	at org.springframework.web.servlet.FrameworkServlet.doPost(FrameworkServlet.java:903)
	at jakarta.servlet.http.HttpServlet.service(HttpServlet.java:649)
	at org.springframework.web.servlet.FrameworkServlet.service(FrameworkServlet.java:874)
	at jakarta.servlet.http.HttpServlet.service(HttpServlet.java:710)
	at org.apache.catalina.core.ApplicationFilterChain.doFilter(ApplicationFilterChain.java:128)
	at org.apache.tomcat.websocket.server.WsFilter.doFilter(WsFilter.java:53)
	at org.apache.catalina.core.ApplicationFilterChain.doFilter(ApplicationFilterChain.java:107)
	at org.springframework.web.filter.RequestContextFilter.doFilterInternal(RequestContextFilter.java:100)
	at org.springframework.web.filter.OncePerRequestFilter.doFilter(OncePerRequestFilter.java:116)
	at org.apache.catalina.core.ApplicationFilterChain.doFilter(ApplicationFilterChain.java:107)
	at org.springframework.web.filter.FormContentFilter.doFilterInternal(FormContentFilter.java:93)
	at org.springframework.web.filter.OncePerRequestFilter.doFilter(OncePerRequestFilter.java:116)
	at org.apache.catalina.core.ApplicationFilterChain.doFilter(ApplicationFilterChain.java:107)
	at org.springframework.web.servlet.v6_0.OpenTelemetryHandlerMappingFilter.doFilter(OpenTelemetryHandlerMappingFilter.java:78)
	at org.apache.catalina.core.ApplicationFilterChain.doFilter(ApplicationFilterChain.java:107)
	at org.springframework.web.filter.ServerHttpObservationFilter.doFilterInternal(ServerHttpObservationFilter.java:110)
	at org.springframework.web.filter.OncePerRequestFilter.doFilter(OncePerRequestFilter.java:116)
	at org.apache.catalina.core.ApplicationFilterChain.doFilter(ApplicationFilterChain.java:107)
	at org.springframework.web.filter.CharacterEncodingFilter.doFilterInternal(CharacterEncodingFilter.java:199)
	at org.springframework.web.filter.OncePerRequestFilter.doFilter(OncePerRequestFilter.java:116)
	at org.apache.catalina.core.ApplicationFilterChain.doFilter(ApplicationFilterChain.java:107)
	at org.apache.catalina.core.StandardWrapperValve.invoke(StandardWrapperValve.java:165)
	at org.apache.catalina.core.StandardContextValve.invoke(StandardContextValve.java:77)
	at org.apache.catalina.authenticator.AuthenticatorBase.invoke(AuthenticatorBase.java:492)
	at org.apache.catalina.core.StandardHostValve.invoke(StandardHostValve.java:113)
	at org.apache.catalina.valves.ErrorReportValve.invoke(ErrorReportValve.java:83)
	at org.apache.catalina.core.StandardEngineValve.invoke(StandardEngineValve.java:72)
	at org.apache.catalina.connector.CoyoteAdapter.service(CoyoteAdapter.java:341)
	at org.apache.coyote.http11.Http11Processor.service(Http11Processor.java:397)
	at org.apache.coyote.AbstractProcessorLight.process(AbstractProcessorLight.java:63)
	at org.apache.coyote.AbstractProtocol$ConnectionHandler.process(AbstractProtocol.java:903)
	at org.apache.tomcat.util.net.NioEndpoint$SocketProcessor.doRun(NioEndpoint.java:1801)
	at org.apache.tomcat.util.net.SocketProcessorBase.run(SocketProcessorBase.java:52)
	at org.apache.tomcat.util.threads.ThreadPoolExecutor.runWorker(ThreadPoolExecutor.java:946)
	at org.apache.tomcat.util.threads.ThreadPoolExecutor$Worker.run(ThreadPoolExecutor.java:480)
	at org.apache.tomcat.util.threads.TaskThread$WrappingRunnable.run(TaskThread.java:57)
	at java.base/java.lang.Thread.run(Thread.java:1474)
Caused by: feign.FeignException$NotFound: [404] during [POST] to [http://localhost:8083/api/inventories/product/550e8400-e29b-41d4-a716-446655440001/reserve] [InventoryClient#reserveByProductId(UUID,ReserveStockRequest)]: [{"timestamp":"2026-10-01T17:53:09.224153500Z","status":404,"error":"Not Found","message":"Inventory not found for productId: 550e8400-e29b-41d4-a716-446655440001","path":"/api/inventories/product/550e8400-e29b-41d4-a716-446655440001/reserve","validationErrors":null}]
	at feign.FeignException.clientErrorStatus(FeignException.java:249)
	at feign.FeignException.errorStatus(FeignException.java:223)
	at feign.FeignException.errorStatus(FeignException.java:213)
	at feign.codec.ErrorDecoder$Default.decode(ErrorDecoder.java:103)
	at feign.InvocationContext.decodeError(InvocationContext.java:133)
	at feign.InvocationContext.proceed(InvocationContext.java:80)
	at feign.ResponseHandler.handleResponse(ResponseHandler.java:69)
	at feign.SynchronousMethodHandler.executeAndDecode(SynchronousMethodHandler.java:109)
	at feign.SynchronousMethodHandler.invoke(SynchronousMethodHandler.java:53)
	at org.springframework.cloud.openfeign.FeignCircuitBreakerInvocationHandler.lambda$asSupplier$0(FeignCircuitBreakerInvocationHandler.java:140)
	at io.micrometer.observation.Observation.observe(Observation.java:634)
	at org.springframework.cloud.client.circuitbreaker.observation.ObservedSupplier.get(ObservedSupplier.java:48)
	at io.opentelemetry.javaagent.bootstrap.executors.ContextPropagatingCallable.call(ContextPropagatingCallable.java:38)
	at java.base/java.util.concurrent.FutureTask.run(FutureTask.java:328)
	at java.base/java.util.concurrent.ThreadPoolExecutor.runWorker(ThreadPoolExecutor.java:1090)
	at java.base/java.util.concurrent.ThreadPoolExecutor$Worker.run(ThreadPoolExecutor.java:614)
	... 1 common frames omitted
2026-10-01 23:24:31 INFO  [AsyncResolver-bootstrap-executor-%d] traceId= spanId= c.n.d.s.r.aws.ConfigClusterResolver : Resolving eureka endpoints via configuration
2026-10-01 23:29:31 INFO  [AsyncResolver-bootstrap-executor-%d] traceId= spanId= c.n.d.s.r.aws.ConfigClusterResolver : Resolving eureka endpoints via configuration
2026-10-01 23:31:07 INFO  [DiscoveryClient-HeartbeatExecutor-%d] traceId= spanId= c.n.d.s.t.d.RedirectingEurekaHttpClient : Request execution error. endpoint=DefaultEndpoint{ serviceUrl='http://localhost:8761/eureka/} exception=I/O error on PUT request for "http://localhost:8761/eureka/apps/CART-ORDER-SERVICE/LAPTOP-UJ0KBI4K.mshome.net:CART-ORDER-SERVICE:8082": Connect to http://localhost:8761 failed: Connection refused: getsockopt stacktrace=org.springframework.web.client.ResourceAccessException: I/O error on PUT request for "http://localhost:8761/eureka/apps/CART-ORDER-SERVICE/LAPTOP-UJ0KBI4K.mshome.net:CART-ORDER-SERVICE:8082": Connect to http://localhost:8761 failed: Connection refused: getsockopt
	at org.springframework.web.client.DefaultRestClient$DefaultRequestBodyUriSpec.createResourceAccessException(DefaultRestClient.java:779)
	at org.springframework.web.client.DefaultRestClient$DefaultRequestBodyUriSpec.exchangeInternal(DefaultRestClient.java:624)
	at org.springframework.web.client.DefaultRestClient$DefaultRequestBodyUriSpec.exchange(DefaultRestClient.java:572)
	at org.springframework.web.client.RestClient$RequestHeadersSpec.exchange(RestClient.java:747)
	at org.springframework.web.client.DefaultRestClient$DefaultResponseSpec.executeAndExtract(DefaultRestClient.java:924)
	at org.springframework.web.client.DefaultRestClient$DefaultResponseSpec.toEntityInternal(DefaultRestClient.java:870)
	at org.springframework.web.client.DefaultRestClient$DefaultResponseSpec.toEntity(DefaultRestClient.java:859)
	at org.springframework.cloud.netflix.eureka.http.RestClientEurekaHttpClient.sendHeartBeat(RestClientEurekaHttpClient.java:91)
	at com.netflix.discovery.shared.transport.decorator.EurekaHttpClientDecorator$3.execute(EurekaHttpClientDecorator.java:92)
	at com.netflix.discovery.shared.transport.decorator.RedirectingEurekaHttpClient.execute(RedirectingEurekaHttpClient.java:91)
	at com.netflix.discovery.shared.transport.decorator.EurekaHttpClientDecorator.sendHeartBeat(EurekaHttpClientDecorator.java:89)
	at com.netflix.discovery.shared.transport.decorator.EurekaHttpClientDecorator$3.execute(EurekaHttpClientDecorator.java:92)
	at com.netflix.discovery.shared.transport.decorator.RetryableEurekaHttpClient.execute(RetryableEurekaHttpClient.java:120)
	at com.netflix.discovery.shared.transport.decorator.EurekaHttpClientDecorator.sendHeartBeat(EurekaHttpClientDecorator.java:89)
	at com.netflix.discovery.shared.transport.decorator.EurekaHttpClientDecorator$3.execute(EurekaHttpClientDecorator.java:92)
	at com.netflix.discovery.shared.transport.decorator.SessionedEurekaHttpClient.execute(SessionedEurekaHttpClient.java:76)
	at com.netflix.discovery.shared.transport.decorator.EurekaHttpClientDecorator.sendHeartBeat(EurekaHttpClientDecorator.java:89)
	at com.netflix.discovery.DiscoveryClient.renew(DiscoveryClient.java:845)
	at com.netflix.discovery.DiscoveryClient$HeartbeatThread.run(DiscoveryClient.java:1403)
	at java.base/java.util.concurrent.Executors$RunnableAdapter.call(Executors.java:545)
	at java.base/java.util.concurrent.FutureTask.run(FutureTask.java:328)
	at java.base/java.util.concurrent.ThreadPoolExecutor.runWorker(ThreadPoolExecutor.java:1090)
	at java.base/java.util.concurrent.ThreadPoolExecutor$Worker.run(ThreadPoolExecutor.java:614)
	at java.base/java.lang.Thread.run(Thread.java:1474)
Caused by: org.apache.hc.client5.http.HttpHostConnectException: Connect to http://localhost:8761 failed: Connection refused: getsockopt
	at java.base/sun.nio.ch.Net.pollConnect(Native Method)
	at java.base/sun.nio.ch.Net.pollConnectNow(Net.java:639)
	at java.base/sun.nio.ch.NioSocketImpl.timedFinishConnect(NioSocketImpl.java:543)
	at java.base/sun.nio.ch.NioSocketImpl.connect(NioSocketImpl.java:594)
	at java.base/java.net.SocksSocketImpl.connect(SocksSocketImpl.java:284)
	at java.base/java.net.Socket.connect(Socket.java:659)
	at org.apache.hc.client5.http.impl.io.DefaultHttpClientConnectionOperator.connect(DefaultHttpClientConnectionOperator.java:226)
	at org.apache.hc.client5.http.impl.io.PoolingHttpClientConnectionManager.connect(PoolingHttpClientConnectionManager.java:497)
	at org.apache.hc.client5.http.impl.classic.InternalExecRuntime.connectEndpoint(InternalExecRuntime.java:164)
	at org.apache.hc.client5.http.impl.classic.InternalExecRuntime.connectEndpoint(InternalExecRuntime.java:174)
	at org.apache.hc.client5.http.impl.classic.ConnectExec.execute(ConnectExec.java:144)
	at org.apache.hc.client5.http.impl.classic.ExecChainElement.execute(ExecChainElement.java:51)
	at org.apache.hc.client5.http.impl.classic.ProtocolExec.execute(ProtocolExec.java:195)
	at org.apache.hc.client5.http.impl.classic.ExecChainElement.execute(ExecChainElement.java:51)
	at org.apache.hc.client5.http.impl.classic.ContentCompressionExec.execute(ContentCompressionExec.java:168)
	at org.apache.hc.client5.http.impl.classic.ExecChainElement.execute(ExecChainElement.java:51)
	at org.apache.hc.client5.http.impl.classic.HttpRequestRetryExec.execute(HttpRequestRetryExec.java:112)
	at org.apache.hc.client5.http.impl.classic.ExecChainElement.execute(ExecChainElement.java:51)
	at org.apache.hc.client5.http.impl.classic.RedirectExec.execute(RedirectExec.java:110)
	at org.apache.hc.client5.http.impl.classic.ExecChainElement.execute(ExecChainElement.java:51)
	at org.apache.hc.client5.http.impl.classic.InternalHttpClient.doExecute(InternalHttpClient.java:185)
	at org.apache.hc.client5.http.impl.classic.CloseableHttpClient.execute(CloseableHttpClient.java:87)
	at org.apache.hc.client5.http.impl.classic.CloseableHttpClient.execute(CloseableHttpClient.java:55)
	at org.apache.hc.client5.http.classic.HttpClient.executeOpen(HttpClient.java:183)
	at org.springframework.http.client.HttpComponentsClientHttpRequest.executeInternal(HttpComponentsClientHttpRequest.java:99)
	at org.springframework.http.client.AbstractStreamingClientHttpRequest.executeInternal(AbstractStreamingClientHttpRequest.java:87)
	at org.springframework.http.client.AbstractClientHttpRequest.execute(AbstractClientHttpRequest.java:80)
	at org.springframework.http.client.AbstractBufferingClientHttpRequest.executeWithRequestAndBody(AbstractBufferingClientHttpRequest.java:89)
	at org.springframework.http.client.InterceptingClientHttpRequest$EndOfChainRequestExecution.execute(InterceptingClientHttpRequest.java:102)
	at org.springframework.cloud.netflix.eureka.http.RestClientTransportClientFactory.lambda$newClient$2(RestClientTransportClientFactory.java:98)
	at org.springframework.http.client.ClientHttpRequestInterceptor.lambda$apply$0(ClientHttpRequestInterceptor.java:89)
	at org.springframework.http.client.InterceptingClientHttpRequest.executeInternal(InterceptingClientHttpRequest.java:73)
	at org.springframework.http.client.AbstractBufferingClientHttpRequest.executeInternal(AbstractBufferingClientHttpRequest.java:50)
	at org.springframework.http.client.AbstractClientHttpRequest.execute(AbstractClientHttpRequest.java:80)
	at org.springframework.web.client.DefaultRestClient$DefaultRequestBodyUriSpec.exchangeInternal(DefaultRestClient.java:614)
	... 22 more

2026-10-01 23:31:07 WARN  [DiscoveryClient-HeartbeatExecutor-%d] traceId= spanId= c.n.d.s.t.d.RetryableEurekaHttpClient : Request execution failed with message: I/O error on PUT request for "http://localhost:8761/eureka/apps/CART-ORDER-SERVICE/LAPTOP-UJ0KBI4K.mshome.net:CART-ORDER-SERVICE:8082": Connect to http://localhost:8761 failed: Connection refused: getsockopt
2026-10-01 23:31:07 INFO  [DiscoveryClient-HeartbeatExecutor-%d] traceId= spanId= c.n.d.s.t.d.RedirectingEurekaHttpClient : Request execution error. endpoint=DefaultEndpoint{ serviceUrl='http://localhost:8761/eureka/}, exception=I/O error on PUT request for "http://localhost:8761/eureka/apps/CART-ORDER-SERVICE/LAPTOP-UJ0KBI4K.mshome.net:CART-ORDER-SERVICE:8082": Connect to http://localhost:8761 failed: Connection refused: getsockopt stacktrace=org.springframework.web.client.ResourceAccessException: I/O error on PUT request for "http://localhost:8761/eureka/apps/CART-ORDER-SERVICE/LAPTOP-UJ0KBI4K.mshome.net:CART-ORDER-SERVICE:8082": Connect to http://localhost:8761 failed: Connection refused: getsockopt
	at org.springframework.web.client.DefaultRestClient$DefaultRequestBodyUriSpec.createResourceAccessException(DefaultRestClient.java:779)
	at org.springframework.web.client.DefaultRestClient$DefaultRequestBodyUriSpec.exchangeInternal(DefaultRestClient.java:624)
	at org.springframework.web.client.DefaultRestClient$DefaultRequestBodyUriSpec.exchange(DefaultRestClient.java:572)
	at org.springframework.web.client.RestClient$RequestHeadersSpec.exchange(RestClient.java:747)
	at org.springframework.web.client.DefaultRestClient$DefaultResponseSpec.executeAndExtract(DefaultRestClient.java:924)
	at org.springframework.web.client.DefaultRestClient$DefaultResponseSpec.toEntityInternal(DefaultRestClient.java:870)
	at org.springframework.web.client.DefaultRestClient$DefaultResponseSpec.toEntity(DefaultRestClient.java:859)
	at org.springframework.cloud.netflix.eureka.http.RestClientEurekaHttpClient.sendHeartBeat(RestClientEurekaHttpClient.java:91)
	at com.netflix.discovery.shared.transport.decorator.EurekaHttpClientDecorator$3.execute(EurekaHttpClientDecorator.java:92)
	at com.netflix.discovery.shared.transport.decorator.RedirectingEurekaHttpClient.executeOnNewServer(RedirectingEurekaHttpClient.java:121)
	at com.netflix.discovery.shared.transport.decorator.RedirectingEurekaHttpClient.execute(RedirectingEurekaHttpClient.java:80)
	at com.netflix.discovery.shared.transport.decorator.EurekaHttpClientDecorator.sendHeartBeat(EurekaHttpClientDecorator.java:89)
	at com.netflix.discovery.shared.transport.decorator.EurekaHttpClientDecorator$3.execute(EurekaHttpClientDecorator.java:92)
	at com.netflix.discovery.shared.transport.decorator.RetryableEurekaHttpClient.execute(RetryableEurekaHttpClient.java:120)
	at com.netflix.discovery.shared.transport.decorator.EurekaHttpClientDecorator.sendHeartBeat(EurekaHttpClientDecorator.java:89)
	at com.netflix.discovery.shared.transport.decorator.EurekaHttpClientDecorator$3.execute(EurekaHttpClientDecorator.java:92)
	at com.netflix.discovery.shared.transport.decorator.SessionedEurekaHttpClient.execute(SessionedEurekaHttpClient.java:76)
	at com.netflix.discovery.shared.transport.decorator.EurekaHttpClientDecorator.sendHeartBeat(EurekaHttpClientDecorator.java:89)
	at com.netflix.discovery.DiscoveryClient.renew(DiscoveryClient.java:845)
	at com.netflix.discovery.DiscoveryClient$HeartbeatThread.run(DiscoveryClient.java:1403)
	at java.base/java.util.concurrent.Executors$RunnableAdapter.call(Executors.java:545)
	at java.base/java.util.concurrent.FutureTask.run(FutureTask.java:328)
	at java.base/java.util.concurrent.ThreadPoolExecutor.runWorker(ThreadPoolExecutor.java:1090)
	at java.base/java.util.concurrent.ThreadPoolExecutor$Worker.run(ThreadPoolExecutor.java:614)
	at java.base/java.lang.Thread.run(Thread.java:1474)
Caused by: org.apache.hc.client5.http.HttpHostConnectException: Connect to http://localhost:8761 failed: Connection refused: getsockopt
	at java.base/sun.nio.ch.Net.pollConnect(Native Method)
	at java.base/sun.nio.ch.Net.pollConnectNow(Net.java:639)
	at java.base/sun.nio.ch.NioSocketImpl.timedFinishConnect(NioSocketImpl.java:543)
	at java.base/sun.nio.ch.NioSocketImpl.connect(NioSocketImpl.java:594)
	at java.base/java.net.SocksSocketImpl.connect(SocksSocketImpl.java:284)
	at java.base/java.net.Socket.connect(Socket.java:659)
	at org.apache.hc.client5.http.impl.io.DefaultHttpClientConnectionOperator.connect(DefaultHttpClientConnectionOperator.java:226)
	at org.apache.hc.client5.http.impl.io.PoolingHttpClientConnectionManager.connect(PoolingHttpClientConnectionManager.java:497)
	at org.apache.hc.client5.http.impl.classic.InternalExecRuntime.connectEndpoint(InternalExecRuntime.java:164)
	at org.apache.hc.client5.http.impl.classic.InternalExecRuntime.connectEndpoint(InternalExecRuntime.java:174)
	at org.apache.hc.client5.http.impl.classic.ConnectExec.execute(ConnectExec.java:144)
	at org.apache.hc.client5.http.impl.classic.ExecChainElement.execute(ExecChainElement.java:51)
	at org.apache.hc.client5.http.impl.classic.ProtocolExec.execute(ProtocolExec.java:195)
	at org.apache.hc.client5.http.impl.classic.ExecChainElement.execute(ExecChainElement.java:51)
	at org.apache.hc.client5.http.impl.classic.ContentCompressionExec.execute(ContentCompressionExec.java:168)
	at org.apache.hc.client5.http.impl.classic.ExecChainElement.execute(ExecChainElement.java:51)
	at org.apache.hc.client5.http.impl.classic.HttpRequestRetryExec.execute(HttpRequestRetryExec.java:112)
	at org.apache.hc.client5.http.impl.classic.ExecChainElement.execute(ExecChainElement.java:51)
	at org.apache.hc.client5.http.impl.classic.RedirectExec.execute(RedirectExec.java:110)
	at org.apache.hc.client5.http.impl.classic.ExecChainElement.execute(ExecChainElement.java:51)
	at org.apache.hc.client5.http.impl.classic.InternalHttpClient.doExecute(InternalHttpClient.java:185)
	at org.apache.hc.client5.http.impl.classic.CloseableHttpClient.execute(CloseableHttpClient.java:87)
	at org.apache.hc.client5.http.impl.classic.CloseableHttpClient.execute(CloseableHttpClient.java:55)
	at org.apache.hc.client5.http.classic.HttpClient.executeOpen(HttpClient.java:183)
	at org.springframework.http.client.HttpComponentsClientHttpRequest.executeInternal(HttpComponentsClientHttpRequest.java:99)
	at org.springframework.http.client.AbstractStreamingClientHttpRequest.executeInternal(AbstractStreamingClientHttpRequest.java:87)
	at org.springframework.http.client.AbstractClientHttpRequest.execute(AbstractClientHttpRequest.java:80)
	at org.springframework.http.client.AbstractBufferingClientHttpRequest.executeWithRequestAndBody(AbstractBufferingClientHttpRequest.java:89)
	at org.springframework.http.client.InterceptingClientHttpRequest$EndOfChainRequestExecution.execute(InterceptingClientHttpRequest.java:102)
	at org.springframework.cloud.netflix.eureka.http.RestClientTransportClientFactory.lambda$newClient$2(RestClientTransportClientFactory.java:98)
	at org.springframework.http.client.ClientHttpRequestInterceptor.lambda$apply$0(ClientHttpRequestInterceptor.java:89)
	at org.springframework.http.client.InterceptingClientHttpRequest.executeInternal(InterceptingClientHttpRequest.java:73)
	at org.springframework.http.client.AbstractBufferingClientHttpRequest.executeInternal(AbstractBufferingClientHttpRequest.java:50)
	at org.springframework.http.client.AbstractClientHttpRequest.execute(AbstractClientHttpRequest.java:80)
	at org.springframework.web.client.DefaultRestClient$DefaultRequestBodyUriSpec.exchangeInternal(DefaultRestClient.java:614)
	... 23 more

2026-10-01 23:31:07 WARN  [DiscoveryClient-HeartbeatExecutor-%d] traceId= spanId= c.n.d.s.t.d.RetryableEurekaHttpClient : Request execution failed with message: I/O error on PUT request for "http://localhost:8761/eureka/apps/CART-ORDER-SERVICE/LAPTOP-UJ0KBI4K.mshome.net:CART-ORDER-SERVICE:8082": Connect to http://localhost:8761 failed: Connection refused: getsockopt
2026-10-01 23:31:07 ERROR [DiscoveryClient-HeartbeatExecutor-%d] traceId= spanId= c.netflix.discovery.DiscoveryClient : DiscoveryClient_CART-ORDER-SERVICE/LAPTOP-UJ0KBI4K.mshome.net:CART-ORDER-SERVICE:8082 - was unable to send heartbeat!
com.netflix.discovery.shared.transport.TransportException: Cannot execute request on any known server
	at com.netflix.discovery.shared.transport.decorator.RetryableEurekaHttpClient.execute(RetryableEurekaHttpClient.java:112)
	at com.netflix.discovery.shared.transport.decorator.EurekaHttpClientDecorator.sendHeartBeat(EurekaHttpClientDecorator.java:89)
	at com.netflix.discovery.shared.transport.decorator.EurekaHttpClientDecorator$3.execute(EurekaHttpClientDecorator.java:92)
	at com.netflix.discovery.shared.transport.decorator.SessionedEurekaHttpClient.execute(SessionedEurekaHttpClient.java:76)
	at com.netflix.discovery.shared.transport.decorator.EurekaHttpClientDecorator.sendHeartBeat(EurekaHttpClientDecorator.java:89)
	at com.netflix.discovery.DiscoveryClient.renew(DiscoveryClient.java:845)
	at com.netflix.discovery.DiscoveryClient$HeartbeatThread.run(DiscoveryClient.java:1403)
	at java.base/java.util.concurrent.Executors$RunnableAdapter.call(Executors.java:545)
	at java.base/java.util.concurrent.FutureTask.run(FutureTask.java:328)
	at java.base/java.util.concurrent.ThreadPoolExecutor.runWorker(ThreadPoolExecutor.java:1090)
	at java.base/java.util.concurrent.ThreadPoolExecutor$Worker.run(ThreadPoolExecutor.java:614)
	at java.base/java.lang.Thread.run(Thread.java:1474)
2026-10-01 23:31:08 INFO  [DiscoveryClient-CacheRefreshExecutor-%d] traceId= spanId= c.n.d.s.t.d.RedirectingEurekaHttpClient : Request execution error. endpoint=DefaultEndpoint{ serviceUrl='http://localhost:8761/eureka/} exception=I/O error on GET request for "http://localhost:8761/eureka/apps/delta": Connect to http://localhost:8761 failed: Connection refused: getsockopt stacktrace=org.springframework.web.client.ResourceAccessException: I/O error on GET request for "http://localhost:8761/eureka/apps/delta": Connect to http://localhost:8761 failed: Connection refused: getsockopt
	at org.springframework.web.client.DefaultRestClient$DefaultRequestBodyUriSpec.createResourceAccessException(DefaultRestClient.java:779)
	at org.springframework.web.client.DefaultRestClient$DefaultRequestBodyUriSpec.exchangeInternal(DefaultRestClient.java:624)
	at org.springframework.web.client.DefaultRestClient$DefaultRequestBodyUriSpec.exchange(DefaultRestClient.java:572)
	at org.springframework.web.client.RestClient$RequestHeadersSpec.exchange(RestClient.java:747)
	at org.springframework.web.client.DefaultRestClient$DefaultResponseSpec.executeAndExtract(DefaultRestClient.java:924)
	at org.springframework.web.client.DefaultRestClient$DefaultResponseSpec.toEntityInternal(DefaultRestClient.java:870)
	at org.springframework.web.client.DefaultRestClient$DefaultResponseSpec.toEntity(DefaultRestClient.java:859)
	at org.springframework.cloud.netflix.eureka.http.RestClientEurekaHttpClient.getApplicationsInternal(RestClientEurekaHttpClient.java:201)
	at org.springframework.cloud.netflix.eureka.http.RestClientEurekaHttpClient.getDelta(RestClientEurekaHttpClient.java:142)
	at com.netflix.discovery.shared.transport.decorator.EurekaHttpClientDecorator$7.execute(EurekaHttpClientDecorator.java:152)
	at com.netflix.discovery.shared.transport.decorator.RedirectingEurekaHttpClient.execute(RedirectingEurekaHttpClient.java:91)
	at com.netflix.discovery.shared.transport.decorator.EurekaHttpClientDecorator.getDelta(EurekaHttpClientDecorator.java:149)
	at com.netflix.discovery.shared.transport.decorator.EurekaHttpClientDecorator$7.execute(EurekaHttpClientDecorator.java:152)
	at com.netflix.discovery.shared.transport.decorator.RetryableEurekaHttpClient.execute(RetryableEurekaHttpClient.java:120)
	at com.netflix.discovery.shared.transport.decorator.EurekaHttpClientDecorator.getDelta(EurekaHttpClientDecorator.java:149)
	at com.netflix.discovery.shared.transport.decorator.EurekaHttpClientDecorator$7.execute(EurekaHttpClientDecorator.java:152)
	at com.netflix.discovery.shared.transport.decorator.SessionedEurekaHttpClient.execute(SessionedEurekaHttpClient.java:76)
	at com.netflix.discovery.shared.transport.decorator.EurekaHttpClientDecorator.getDelta(EurekaHttpClientDecorator.java:149)
	at com.netflix.discovery.DiscoveryClient.getAndUpdateDelta(DiscoveryClient.java:1080)
	at com.netflix.discovery.DiscoveryClient.fetchRegistry(DiscoveryClient.java:963)
	at com.netflix.discovery.DiscoveryClient.refreshRegistry(DiscoveryClient.java:1474)
	at com.netflix.discovery.DiscoveryClient$CacheRefreshThread.run(DiscoveryClient.java:1442)
	at java.base/java.util.concurrent.Executors$RunnableAdapter.call(Executors.java:545)
	at java.base/java.util.concurrent.FutureTask.run(FutureTask.java:328)
	at java.base/java.util.concurrent.ThreadPoolExecutor.runWorker(ThreadPoolExecutor.java:1090)
	at java.base/java.util.concurrent.ThreadPoolExecutor$Worker.run(ThreadPoolExecutor.java:614)
	at java.base/java.lang.Thread.run(Thread.java:1474)
Caused by: org.apache.hc.client5.http.HttpHostConnectException: Connect to http://localhost:8761 failed: Connection refused: getsockopt
	at java.base/sun.nio.ch.Net.pollConnect(Native Method)
	at java.base/sun.nio.ch.Net.pollConnectNow(Net.java:639)
	at java.base/sun.nio.ch.NioSocketImpl.timedFinishConnect(NioSocketImpl.java:543)
	at java.base/sun.nio.ch.NioSocketImpl.connect(NioSocketImpl.java:594)
	at java.base/java.net.SocksSocketImpl.connect(SocksSocketImpl.java:284)
	at java.base/java.net.Socket.connect(Socket.java:659)
	at org.apache.hc.client5.http.impl.io.DefaultHttpClientConnectionOperator.connect(DefaultHttpClientConnectionOperator.java:226)
	at org.apache.hc.client5.http.impl.io.PoolingHttpClientConnectionManager.connect(PoolingHttpClientConnectionManager.java:497)
	at org.apache.hc.client5.http.impl.classic.InternalExecRuntime.connectEndpoint(InternalExecRuntime.java:164)
	at org.apache.hc.client5.http.impl.classic.InternalExecRuntime.connectEndpoint(InternalExecRuntime.java:174)
	at org.apache.hc.client5.http.impl.classic.ConnectExec.execute(ConnectExec.java:144)
	at org.apache.hc.client5.http.impl.classic.ExecChainElement.execute(ExecChainElement.java:51)
	at org.apache.hc.client5.http.impl.classic.ProtocolExec.execute(ProtocolExec.java:195)
	at org.apache.hc.client5.http.impl.classic.ExecChainElement.execute(ExecChainElement.java:51)
	at org.apache.hc.client5.http.impl.classic.ContentCompressionExec.execute(ContentCompressionExec.java:168)
	at org.apache.hc.client5.http.impl.classic.ExecChainElement.execute(ExecChainElement.java:51)
	at org.apache.hc.client5.http.impl.classic.HttpRequestRetryExec.execute(HttpRequestRetryExec.java:112)
	at org.apache.hc.client5.http.impl.classic.ExecChainElement.execute(ExecChainElement.java:51)
	at org.apache.hc.client5.http.impl.classic.RedirectExec.execute(RedirectExec.java:110)
	at org.apache.hc.client5.http.impl.classic.ExecChainElement.execute(ExecChainElement.java:51)
	at org.apache.hc.client5.http.impl.classic.InternalHttpClient.doExecute(InternalHttpClient.java:185)
	at org.apache.hc.client5.http.impl.classic.CloseableHttpClient.execute(CloseableHttpClient.java:87)
	at org.apache.hc.client5.http.impl.classic.CloseableHttpClient.execute(CloseableHttpClient.java:55)
	at org.apache.hc.client5.http.classic.HttpClient.executeOpen(HttpClient.java:183)
	at org.springframework.http.client.HttpComponentsClientHttpRequest.executeInternal(HttpComponentsClientHttpRequest.java:99)
	at org.springframework.http.client.AbstractStreamingClientHttpRequest.executeInternal(AbstractStreamingClientHttpRequest.java:87)
	at org.springframework.http.client.AbstractClientHttpRequest.execute(AbstractClientHttpRequest.java:80)
	at org.springframework.http.client.AbstractBufferingClientHttpRequest.executeWithRequestAndBody(AbstractBufferingClientHttpRequest.java:89)
	at org.springframework.http.client.InterceptingClientHttpRequest$EndOfChainRequestExecution.execute(InterceptingClientHttpRequest.java:102)
	at org.springframework.cloud.netflix.eureka.http.RestClientTransportClientFactory.lambda$newClient$2(RestClientTransportClientFactory.java:98)
	at org.springframework.http.client.ClientHttpRequestInterceptor.lambda$apply$0(ClientHttpRequestInterceptor.java:89)
	at org.springframework.http.client.InterceptingClientHttpRequest.executeInternal(InterceptingClientHttpRequest.java:73)
	at org.springframework.http.client.AbstractBufferingClientHttpRequest.executeInternal(AbstractBufferingClientHttpRequest.java:50)
	at org.springframework.http.client.AbstractClientHttpRequest.execute(AbstractClientHttpRequest.java:80)
	at org.springframework.web.client.DefaultRestClient$DefaultRequestBodyUriSpec.exchangeInternal(DefaultRestClient.java:614)
	... 25 more

2026-10-01 23:31:08 WARN  [DiscoveryClient-CacheRefreshExecutor-%d] traceId= spanId= c.n.d.s.t.d.RetryableEurekaHttpClient : Request execution failed with message: I/O error on GET request for "http://localhost:8761/eureka/apps/delta": Connect to http://localhost:8761 failed: Connection refused: getsockopt
2026-10-01 23:31:08 INFO  [DiscoveryClient-CacheRefreshExecutor-%d] traceId= spanId= c.n.d.s.t.d.RedirectingEurekaHttpClient : Request execution error. endpoint=DefaultEndpoint{ serviceUrl='http://localhost:8761/eureka/}, exception=I/O error on GET request for "http://localhost:8761/eureka/apps/delta": Connect to http://localhost:8761 failed: Connection refused: getsockopt stacktrace=org.springframework.web.client.ResourceAccessException: I/O error on GET request for "http://localhost:8761/eureka/apps/delta": Connect to http://localhost:8761 failed: Connection refused: getsockopt
	at org.springframework.web.client.DefaultRestClient$DefaultRequestBodyUriSpec.createResourceAccessException(DefaultRestClient.java:779)
	at org.springframework.web.client.DefaultRestClient$DefaultRequestBodyUriSpec.exchangeInternal(DefaultRestClient.java:624)
	at org.springframework.web.client.DefaultRestClient$DefaultRequestBodyUriSpec.exchange(DefaultRestClient.java:572)
	at org.springframework.web.client.RestClient$RequestHeadersSpec.exchange(RestClient.java:747)
	at org.springframework.web.client.DefaultRestClient$DefaultResponseSpec.executeAndExtract(DefaultRestClient.java:924)
	at org.springframework.web.client.DefaultRestClient$DefaultResponseSpec.toEntityInternal(DefaultRestClient.java:870)
	at org.springframework.web.client.DefaultRestClient$DefaultResponseSpec.toEntity(DefaultRestClient.java:859)
	at org.springframework.cloud.netflix.eureka.http.RestClientEurekaHttpClient.getApplicationsInternal(RestClientEurekaHttpClient.java:201)
	at org.springframework.cloud.netflix.eureka.http.RestClientEurekaHttpClient.getDelta(RestClientEurekaHttpClient.java:142)
	at com.netflix.discovery.shared.transport.decorator.EurekaHttpClientDecorator$7.execute(EurekaHttpClientDecorator.java:152)
	at com.netflix.discovery.shared.transport.decorator.RedirectingEurekaHttpClient.executeOnNewServer(RedirectingEurekaHttpClient.java:121)
	at com.netflix.discovery.shared.transport.decorator.RedirectingEurekaHttpClient.execute(RedirectingEurekaHttpClient.java:80)
	at com.netflix.discovery.shared.transport.decorator.EurekaHttpClientDecorator.getDelta(EurekaHttpClientDecorator.java:149)
	at com.netflix.discovery.shared.transport.decorator.EurekaHttpClientDecorator$7.execute(EurekaHttpClientDecorator.java:152)
	at com.netflix.discovery.shared.transport.decorator.RetryableEurekaHttpClient.execute(RetryableEurekaHttpClient.java:120)
	at com.netflix.discovery.shared.transport.decorator.EurekaHttpClientDecorator.getDelta(EurekaHttpClientDecorator.java:149)
	at com.netflix.discovery.shared.transport.decorator.EurekaHttpClientDecorator$7.execute(EurekaHttpClientDecorator.java:152)
	at com.netflix.discovery.shared.transport.decorator.SessionedEurekaHttpClient.execute(SessionedEurekaHttpClient.java:76)
	at com.netflix.discovery.shared.transport.decorator.EurekaHttpClientDecorator.getDelta(EurekaHttpClientDecorator.java:149)
	at com.netflix.discovery.DiscoveryClient.getAndUpdateDelta(DiscoveryClient.java:1080)
	at com.netflix.discovery.DiscoveryClient.fetchRegistry(DiscoveryClient.java:963)
	at com.netflix.discovery.DiscoveryClient.refreshRegistry(DiscoveryClient.java:1474)
	at com.netflix.discovery.DiscoveryClient$CacheRefreshThread.run(DiscoveryClient.java:1442)
	at java.base/java.util.concurrent.Executors$RunnableAdapter.call(Executors.java:545)
	at java.base/java.util.concurrent.FutureTask.run(FutureTask.java:328)
	at java.base/java.util.concurrent.ThreadPoolExecutor.runWorker(ThreadPoolExecutor.java:1090)
	at java.base/java.util.concurrent.ThreadPoolExecutor$Worker.run(ThreadPoolExecutor.java:614)
	at java.base/java.lang.Thread.run(Thread.java:1474)
Caused by: org.apache.hc.client5.http.HttpHostConnectException: Connect to http://localhost:8761 failed: Connection refused: getsockopt
	at java.base/sun.nio.ch.Net.pollConnect(Native Method)
	at java.base/sun.nio.ch.Net.pollConnectNow(Net.java:639)
	at java.base/sun.nio.ch.NioSocketImpl.timedFinishConnect(NioSocketImpl.java:543)
	at java.base/sun.nio.ch.NioSocketImpl.connect(NioSocketImpl.java:594)
	at java.base/java.net.SocksSocketImpl.connect(SocksSocketImpl.java:284)
	at java.base/java.net.Socket.connect(Socket.java:659)
	at org.apache.hc.client5.http.impl.io.DefaultHttpClientConnectionOperator.connect(DefaultHttpClientConnectionOperator.java:226)
	at org.apache.hc.client5.http.impl.io.PoolingHttpClientConnectionManager.connect(PoolingHttpClientConnectionManager.java:497)
	at org.apache.hc.client5.http.impl.classic.InternalExecRuntime.connectEndpoint(InternalExecRuntime.java:164)
	at org.apache.hc.client5.http.impl.classic.InternalExecRuntime.connectEndpoint(InternalExecRuntime.java:174)
	at org.apache.hc.client5.http.impl.classic.ConnectExec.execute(ConnectExec.java:144)
	at org.apache.hc.client5.http.impl.classic.ExecChainElement.execute(ExecChainElement.java:51)
	at org.apache.hc.client5.http.impl.classic.ProtocolExec.execute(ProtocolExec.java:195)
	at org.apache.hc.client5.http.impl.classic.ExecChainElement.execute(ExecChainElement.java:51)
	at org.apache.hc.client5.http.impl.classic.ContentCompressionExec.execute(ContentCompressionExec.java:168)
	at org.apache.hc.client5.http.impl.classic.ExecChainElement.execute(ExecChainElement.java:51)
	at org.apache.hc.client5.http.impl.classic.HttpRequestRetryExec.execute(HttpRequestRetryExec.java:112)
	at org.apache.hc.client5.http.impl.classic.ExecChainElement.execute(ExecChainElement.java:51)
	at org.apache.hc.client5.http.impl.classic.RedirectExec.execute(RedirectExec.java:110)
	at org.apache.hc.client5.http.impl.classic.ExecChainElement.execute(ExecChainElement.java:51)
	at org.apache.hc.client5.http.impl.classic.InternalHttpClient.doExecute(InternalHttpClient.java:185)
	at org.apache.hc.client5.http.impl.classic.CloseableHttpClient.execute(CloseableHttpClient.java:87)
	at org.apache.hc.client5.http.impl.classic.CloseableHttpClient.execute(CloseableHttpClient.java:55)
	at org.apache.hc.client5.http.classic.HttpClient.executeOpen(HttpClient.java:183)
	at org.springframework.http.client.HttpComponentsClientHttpRequest.executeInternal(HttpComponentsClientHttpRequest.java:99)
	at org.springframework.http.client.AbstractStreamingClientHttpRequest.executeInternal(AbstractStreamingClientHttpRequest.java:87)
	at org.springframework.http.client.AbstractClientHttpRequest.execute(AbstractClientHttpRequest.java:80)
	at org.springframework.http.client.AbstractBufferingClientHttpRequest.executeWithRequestAndBody(AbstractBufferingClientHttpRequest.java:89)
	at org.springframework.http.client.InterceptingClientHttpRequest$EndOfChainRequestExecution.execute(InterceptingClientHttpRequest.java:102)
	at org.springframework.cloud.netflix.eureka.http.RestClientTransportClientFactory.lambda$newClient$2(RestClientTransportClientFactory.java:98)
	at org.springframework.http.client.ClientHttpRequestInterceptor.lambda$apply$0(ClientHttpRequestInterceptor.java:89)
	at org.springframework.http.client.InterceptingClientHttpRequest.executeInternal(InterceptingClientHttpRequest.java:73)
	at org.springframework.http.client.AbstractBufferingClientHttpRequest.executeInternal(AbstractBufferingClientHttpRequest.java:50)
	at org.springframework.http.client.AbstractClientHttpRequest.execute(AbstractClientHttpRequest.java:80)
	at org.springframework.web.client.DefaultRestClient$DefaultRequestBodyUriSpec.exchangeInternal(DefaultRestClient.java:614)
	... 26 more

2026-10-01 23:31:08 WARN  [DiscoveryClient-CacheRefreshExecutor-%d] traceId= spanId= c.n.d.s.t.d.RetryableEurekaHttpClient : Request execution failed with message: I/O error on GET request for "http://localhost:8761/eureka/apps/delta": Connect to http://localhost:8761 failed: Connection refused: getsockopt
2026-10-01 23:31:08 INFO  [DiscoveryClient-CacheRefreshExecutor-%d] traceId= spanId= c.netflix.discovery.DiscoveryClient : DiscoveryClient_CART-ORDER-SERVICE/LAPTOP-UJ0KBI4K.mshome.net:CART-ORDER-SERVICE:8082 - was unable to refresh its cache! This periodic background refresh will be retried in 30 seconds. status = Cannot execute request on any known server stacktrace = com.netflix.discovery.shared.transport.TransportException: Cannot execute request on any known server
	at com.netflix.discovery.shared.transport.decorator.RetryableEurekaHttpClient.execute(RetryableEurekaHttpClient.java:112)
	at com.netflix.discovery.shared.transport.decorator.EurekaHttpClientDecorator.getDelta(EurekaHttpClientDecorator.java:149)
	at com.netflix.discovery.shared.transport.decorator.EurekaHttpClientDecorator$7.execute(EurekaHttpClientDecorator.java:152)
	at com.netflix.discovery.shared.transport.decorator.SessionedEurekaHttpClient.execute(SessionedEurekaHttpClient.java:76)
	at com.netflix.discovery.shared.transport.decorator.EurekaHttpClientDecorator.getDelta(EurekaHttpClientDecorator.java:149)
	at com.netflix.discovery.DiscoveryClient.getAndUpdateDelta(DiscoveryClient.java:1080)
	at com.netflix.discovery.DiscoveryClient.fetchRegistry(DiscoveryClient.java:963)
	at com.netflix.discovery.DiscoveryClient.refreshRegistry(DiscoveryClient.java:1474)
	at com.netflix.discovery.DiscoveryClient$CacheRefreshThread.run(DiscoveryClient.java:1442)
	at java.base/java.util.concurrent.Executors$RunnableAdapter.call(Executors.java:545)
	at java.base/java.util.concurrent.FutureTask.run(FutureTask.java:328)
	at java.base/java.util.concurrent.ThreadPoolExecutor.runWorker(ThreadPoolExecutor.java:1090)
	at java.base/java.util.concurrent.ThreadPoolExecutor$Worker.run(ThreadPoolExecutor.java:614)
	at java.base/java.lang.Thread.run(Thread.java:1474)

2026-10-01 23:31:11 INFO  [SpringApplicationShutdownHook] traceId= spanId= o.s.c.n.e.s.EurekaServiceRegistry : Unregistering application CART-ORDER-SERVICE with eureka with status DOWN
2026-10-01 23:31:11 INFO  [SpringApplicationShutdownHook] traceId= spanId= c.netflix.discovery.DiscoveryClient : Saw local status change event StatusChangeEvent [timestamp=1790877671359, current=DOWN, previous=UP]
2026-10-01 23:31:11 INFO  [DiscoveryClient-InstanceInfoReplicator-%d] traceId= spanId= c.netflix.discovery.DiscoveryClient : DiscoveryClient_CART-ORDER-SERVICE/LAPTOP-UJ0KBI4K.mshome.net:CART-ORDER-SERVICE:8082: registering service...
2026-10-01 23:31:11 INFO  [DiscoveryClient-InstanceInfoReplicator-%d] traceId= spanId= c.n.d.s.t.d.RedirectingEurekaHttpClient : Request execution error. endpoint=DefaultEndpoint{ serviceUrl='http://localhost:8761/eureka/}, exception=I/O error on POST request for "http://localhost:8761/eureka/apps/CART-ORDER-SERVICE": Connect to http://localhost:8761 failed: Connection refused: getsockopt stacktrace=org.springframework.web.client.ResourceAccessException: I/O error on POST request for "http://localhost:8761/eureka/apps/CART-ORDER-SERVICE": Connect to http://localhost:8761 failed: Connection refused: getsockopt
	at org.springframework.web.client.DefaultRestClient$DefaultRequestBodyUriSpec.createResourceAccessException(DefaultRestClient.java:779)
	at org.springframework.web.client.DefaultRestClient$DefaultRequestBodyUriSpec.exchangeInternal(DefaultRestClient.java:624)
	at org.springframework.web.client.DefaultRestClient$DefaultRequestBodyUriSpec.exchange(DefaultRestClient.java:572)
	at org.springframework.web.client.RestClient$RequestHeadersSpec.exchange(RestClient.java:747)
	at org.springframework.web.client.DefaultRestClient$DefaultResponseSpec.executeAndExtract(DefaultRestClient.java:924)
	at org.springframework.web.client.DefaultRestClient$DefaultResponseSpec.toBodilessEntity(DefaultRestClient.java:888)
	at org.springframework.cloud.netflix.eureka.http.RestClientEurekaHttpClient.register(RestClientEurekaHttpClient.java:64)
	at com.netflix.discovery.shared.transport.decorator.EurekaHttpClientDecorator$1.execute(EurekaHttpClientDecorator.java:59)
	at com.netflix.discovery.shared.transport.decorator.RedirectingEurekaHttpClient.executeOnNewServer(RedirectingEurekaHttpClient.java:121)
	at com.netflix.discovery.shared.transport.decorator.RedirectingEurekaHttpClient.execute(RedirectingEurekaHttpClient.java:80)
	at com.netflix.discovery.shared.transport.decorator.EurekaHttpClientDecorator.register(EurekaHttpClientDecorator.java:56)
	at com.netflix.discovery.shared.transport.decorator.EurekaHttpClientDecorator$1.execute(EurekaHttpClientDecorator.java:59)
	at com.netflix.discovery.shared.transport.decorator.RetryableEurekaHttpClient.execute(RetryableEurekaHttpClient.java:120)
	at com.netflix.discovery.shared.transport.decorator.EurekaHttpClientDecorator.register(EurekaHttpClientDecorator.java:56)
	at com.netflix.discovery.shared.transport.decorator.EurekaHttpClientDecorator$1.execute(EurekaHttpClientDecorator.java:59)
	at com.netflix.discovery.shared.transport.decorator.SessionedEurekaHttpClient.execute(SessionedEurekaHttpClient.java:76)
	at com.netflix.discovery.shared.transport.decorator.EurekaHttpClientDecorator.register(EurekaHttpClientDecorator.java:56)
	at com.netflix.discovery.DiscoveryClient.register(DiscoveryClient.java:828)
	at com.netflix.discovery.InstanceInfoReplicator.run(InstanceInfoReplicator.java:125)
	at com.netflix.discovery.InstanceInfoReplicator$2.run(InstanceInfoReplicator.java:105)
	at java.base/java.util.concurrent.Executors$RunnableAdapter.call(Executors.java:545)
	at java.base/java.util.concurrent.FutureTask.run(FutureTask.java:328)
	at java.base/java.util.concurrent.ScheduledThreadPoolExecutor$ScheduledFutureTask.run(ScheduledThreadPoolExecutor.java:309)
	at java.base/java.util.concurrent.ThreadPoolExecutor.runWorker(ThreadPoolExecutor.java:1090)
	at java.base/java.util.concurrent.ThreadPoolExecutor$Worker.run(ThreadPoolExecutor.java:614)
	at java.base/java.lang.Thread.run(Thread.java:1474)
Caused by: org.apache.hc.client5.http.HttpHostConnectException: Connect to http://localhost:8761 failed: Connection refused: getsockopt
	at java.base/sun.nio.ch.Net.pollConnect(Native Method)
	at java.base/sun.nio.ch.Net.pollConnectNow(Net.java:639)
	at java.base/sun.nio.ch.NioSocketImpl.timedFinishConnect(NioSocketImpl.java:543)
	at java.base/sun.nio.ch.NioSocketImpl.connect(NioSocketImpl.java:594)
	at java.base/java.net.SocksSocketImpl.connect(SocksSocketImpl.java:284)
	at java.base/java.net.Socket.connect(Socket.java:659)
	at org.apache.hc.client5.http.impl.io.DefaultHttpClientConnectionOperator.connect(DefaultHttpClientConnectionOperator.java:226)
	at org.apache.hc.client5.http.impl.io.PoolingHttpClientConnectionManager.connect(PoolingHttpClientConnectionManager.java:497)
	at org.apache.hc.client5.http.impl.classic.InternalExecRuntime.connectEndpoint(InternalExecRuntime.java:164)
	at org.apache.hc.client5.http.impl.classic.InternalExecRuntime.connectEndpoint(InternalExecRuntime.java:174)
	at org.apache.hc.client5.http.impl.classic.ConnectExec.execute(ConnectExec.java:144)
	at org.apache.hc.client5.http.impl.classic.ExecChainElement.execute(ExecChainElement.java:51)
	at org.apache.hc.client5.http.impl.classic.ProtocolExec.execute(ProtocolExec.java:195)
	at org.apache.hc.client5.http.impl.classic.ExecChainElement.execute(ExecChainElement.java:51)
	at org.apache.hc.client5.http.impl.classic.ContentCompressionExec.execute(ContentCompressionExec.java:168)
	at org.apache.hc.client5.http.impl.classic.ExecChainElement.execute(ExecChainElement.java:51)
	at org.apache.hc.client5.http.impl.classic.HttpRequestRetryExec.execute(HttpRequestRetryExec.java:112)
	at org.apache.hc.client5.http.impl.classic.ExecChainElement.execute(ExecChainElement.java:51)
	at org.apache.hc.client5.http.impl.classic.RedirectExec.execute(RedirectExec.java:110)
	at org.apache.hc.client5.http.impl.classic.ExecChainElement.execute(ExecChainElement.java:51)
	at org.apache.hc.client5.http.impl.classic.InternalHttpClient.doExecute(InternalHttpClient.java:185)
	at org.apache.hc.client5.http.impl.classic.CloseableHttpClient.execute(CloseableHttpClient.java:87)
	at org.apache.hc.client5.http.impl.classic.CloseableHttpClient.execute(CloseableHttpClient.java:55)
	at org.apache.hc.client5.http.classic.HttpClient.executeOpen(HttpClient.java:183)
	at org.springframework.http.client.HttpComponentsClientHttpRequest.executeInternal(HttpComponentsClientHttpRequest.java:99)
	at org.springframework.http.client.AbstractStreamingClientHttpRequest.executeInternal(AbstractStreamingClientHttpRequest.java:87)
	at org.springframework.http.client.AbstractClientHttpRequest.execute(AbstractClientHttpRequest.java:80)
	at org.springframework.http.client.AbstractBufferingClientHttpRequest.executeWithRequestAndBody(AbstractBufferingClientHttpRequest.java:89)
	at org.springframework.http.client.InterceptingClientHttpRequest$EndOfChainRequestExecution.execute(InterceptingClientHttpRequest.java:102)
	at org.springframework.cloud.netflix.eureka.http.RestClientTransportClientFactory.lambda$newClient$2(RestClientTransportClientFactory.java:98)
	at org.springframework.http.client.ClientHttpRequestInterceptor.lambda$apply$0(ClientHttpRequestInterceptor.java:89)
	at org.springframework.http.client.InterceptingClientHttpRequest.executeInternal(InterceptingClientHttpRequest.java:73)
	at org.springframework.http.client.AbstractBufferingClientHttpRequest.executeInternal(AbstractBufferingClientHttpRequest.java:50)
	at org.springframework.http.client.AbstractClientHttpRequest.execute(AbstractClientHttpRequest.java:80)
	at org.springframework.web.client.DefaultRestClient$DefaultRequestBodyUriSpec.exchangeInternal(DefaultRestClient.java:614)
	... 24 more

2026-10-01 23:31:11 WARN  [DiscoveryClient-InstanceInfoReplicator-%d] traceId= spanId= c.n.d.s.t.d.RetryableEurekaHttpClient : Request execution failed with message: I/O error on POST request for "http://localhost:8761/eureka/apps/CART-ORDER-SERVICE": Connect to http://localhost:8761 failed: Connection refused: getsockopt
2026-10-01 23:31:11 WARN  [DiscoveryClient-InstanceInfoReplicator-%d] traceId= spanId= c.netflix.discovery.DiscoveryClient : DiscoveryClient_CART-ORDER-SERVICE/LAPTOP-UJ0KBI4K.mshome.net:CART-ORDER-SERVICE:8082 - registration failed Cannot execute request on any known server
com.netflix.discovery.shared.transport.TransportException: Cannot execute request on any known server
	at com.netflix.discovery.shared.transport.decorator.RetryableEurekaHttpClient.execute(RetryableEurekaHttpClient.java:112)
	at com.netflix.discovery.shared.transport.decorator.EurekaHttpClientDecorator.register(EurekaHttpClientDecorator.java:56)
	at com.netflix.discovery.shared.transport.decorator.EurekaHttpClientDecorator$1.execute(EurekaHttpClientDecorator.java:59)
	at com.netflix.discovery.shared.transport.decorator.SessionedEurekaHttpClient.execute(SessionedEurekaHttpClient.java:76)
	at com.netflix.discovery.shared.transport.decorator.EurekaHttpClientDecorator.register(EurekaHttpClientDecorator.java:56)
	at com.netflix.discovery.DiscoveryClient.register(DiscoveryClient.java:828)
	at com.netflix.discovery.InstanceInfoReplicator.run(InstanceInfoReplicator.java:125)
	at com.netflix.discovery.InstanceInfoReplicator$2.run(InstanceInfoReplicator.java:105)
	at java.base/java.util.concurrent.Executors$RunnableAdapter.call(Executors.java:545)
	at java.base/java.util.concurrent.FutureTask.run(FutureTask.java:328)
	at java.base/java.util.concurrent.ScheduledThreadPoolExecutor$ScheduledFutureTask.run(ScheduledThreadPoolExecutor.java:309)
	at java.base/java.util.concurrent.ThreadPoolExecutor.runWorker(ThreadPoolExecutor.java:1090)
	at java.base/java.util.concurrent.ThreadPoolExecutor$Worker.run(ThreadPoolExecutor.java:614)
	at java.base/java.lang.Thread.run(Thread.java:1474)
2026-10-01 23:31:11 WARN  [DiscoveryClient-InstanceInfoReplicator-%d] traceId= spanId= c.n.discovery.InstanceInfoReplicator : There was a problem with the instance info replicator
com.netflix.discovery.shared.transport.TransportException: Cannot execute request on any known server
	at com.netflix.discovery.shared.transport.decorator.RetryableEurekaHttpClient.execute(RetryableEurekaHttpClient.java:112)
	at com.netflix.discovery.shared.transport.decorator.EurekaHttpClientDecorator.register(EurekaHttpClientDecorator.java:56)
	at com.netflix.discovery.shared.transport.decorator.EurekaHttpClientDecorator$1.execute(EurekaHttpClientDecorator.java:59)
	at com.netflix.discovery.shared.transport.decorator.SessionedEurekaHttpClient.execute(SessionedEurekaHttpClient.java:76)
	at com.netflix.discovery.shared.transport.decorator.EurekaHttpClientDecorator.register(EurekaHttpClientDecorator.java:56)
	at com.netflix.discovery.DiscoveryClient.register(DiscoveryClient.java:828)
	at com.netflix.discovery.InstanceInfoReplicator.run(InstanceInfoReplicator.java:125)
	at com.netflix.discovery.InstanceInfoReplicator$2.run(InstanceInfoReplicator.java:105)
	at java.base/java.util.concurrent.Executors$RunnableAdapter.call(Executors.java:545)
	at java.base/java.util.concurrent.FutureTask.run(FutureTask.java:328)
	at java.base/java.util.concurrent.ScheduledThreadPoolExecutor$ScheduledFutureTask.run(ScheduledThreadPoolExecutor.java:309)
	at java.base/java.util.concurrent.ThreadPoolExecutor.runWorker(ThreadPoolExecutor.java:1090)
	at java.base/java.util.concurrent.ThreadPoolExecutor$Worker.run(ThreadPoolExecutor.java:614)
	at java.base/java.lang.Thread.run(Thread.java:1474)
2026-10-01 23:31:11 INFO  [org.springframework.kafka.KafkaListenerEndpointContainer#0-0-C-1] traceId= spanId= o.a.k.c.c.i.ConsumerRebalanceListenerInvoker : [Consumer clientId=consumer-order-group-1, groupId=order-group] Revoke previously assigned partitions [payment-topic-0]
2026-10-01 23:31:11 INFO  [org.springframework.kafka.KafkaListenerEndpointContainer#0-0-C-1] traceId= spanId= o.s.k.l.KafkaMessageListenerContainer : order-group: partitions revoked: [payment-topic-0]
2026-10-01 23:31:11 INFO  [org.springframework.kafka.KafkaListenerEndpointContainer#0-0-C-1] traceId= spanId= o.a.k.c.c.i.ConsumerCoordinator : [Consumer clientId=consumer-order-group-1, groupId=order-group] Member consumer-order-group-1-42da242b-3dcd-456d-bda8-39089705b1f6 sending LeaveGroup request to coordinator localhost:9092 (id: 2147483646 rack: null isFenced: false) due to the consumer unsubscribed from all topics
2026-10-01 23:31:11 INFO  [org.springframework.kafka.KafkaListenerEndpointContainer#0-0-C-1] traceId= spanId= o.a.k.c.c.i.ConsumerCoordinator : [Consumer clientId=consumer-order-group-1, groupId=order-group] Resetting generation and member id due to: consumer pro-actively leaving the group
2026-10-01 23:31:11 INFO  [org.springframework.kafka.KafkaListenerEndpointContainer#0-0-C-1] traceId= spanId= o.a.k.c.c.i.ConsumerCoordinator : [Consumer clientId=consumer-order-group-1, groupId=order-group] Request joining group due to: consumer pro-actively leaving the group
2026-10-01 23:31:11 INFO  [org.springframework.kafka.KafkaListenerEndpointContainer#0-0-C-1] traceId= spanId= o.a.k.c.c.i.ClassicKafkaConsumer : [Consumer clientId=consumer-order-group-1, groupId=order-group] Unsubscribed all topics or patterns and assigned partitions
2026-10-01 23:31:11 INFO  [org.springframework.kafka.KafkaListenerEndpointContainer#0-0-C-1] traceId= spanId= o.a.k.c.c.i.ConsumerCoordinator : [Consumer clientId=consumer-order-group-1, groupId=order-group] Resetting generation and member id due to: consumer pro-actively leaving the group
2026-10-01 23:31:11 INFO  [org.springframework.kafka.KafkaListenerEndpointContainer#0-0-C-1] traceId= spanId= o.a.k.c.c.i.ConsumerCoordinator : [Consumer clientId=consumer-order-group-1, groupId=order-group] Request joining group due to: consumer pro-actively leaving the group
2026-10-01 23:31:11 INFO  [org.springframework.kafka.KafkaListenerEndpointContainer#0-0-C-1] traceId= spanId= o.a.kafka.common.metrics.Metrics : Metrics scheduler closed
2026-10-01 23:31:11 INFO  [org.springframework.kafka.KafkaListenerEndpointContainer#0-0-C-1] traceId= spanId= o.a.kafka.common.metrics.Metrics : Closing reporter io.opentelemetry.javaagent.shaded.instrumentation.kafkaclients.common.v0_11.internal.OpenTelemetryMetricsReporter
2026-10-01 23:31:11 INFO  [org.springframework.kafka.KafkaListenerEndpointContainer#0-0-C-1] traceId= spanId= o.a.kafka.common.metrics.Metrics : Closing reporter org.apache.kafka.common.telemetry.internals.ClientTelemetryReporter
2026-10-01 23:31:11 INFO  [org.springframework.kafka.KafkaListenerEndpointContainer#0-0-C-1] traceId= spanId= o.a.kafka.common.metrics.Metrics : Metrics reporters closed
2026-10-01 23:31:11 INFO  [org.springframework.kafka.KafkaListenerEndpointContainer#0-0-C-1] traceId= spanId= o.a.kafka.common.utils.AppInfoParser : App info kafka.consumer for consumer-order-group-1 unregistered
2026-10-01 23:31:11 INFO  [org.springframework.kafka.KafkaListenerEndpointContainer#0-0-C-1] traceId= spanId= o.s.k.l.KafkaMessageListenerContainer : order-group: Consumer stopped
2026-10-01 23:31:11 INFO  [SpringApplicationShutdownHook] traceId= spanId= o.s.boot.tomcat.GracefulShutdown : Commencing graceful shutdown. Waiting for active requests to complete
2026-10-01 23:31:11 INFO  [tomcat-shutdown] traceId= spanId= o.s.boot.tomcat.GracefulShutdown : Graceful shutdown complete
2026-10-01 23:31:11 INFO  [SpringApplicationShutdownHook] traceId= spanId= o.s.o.j.LocalContainerEntityManagerFactoryBean : Closing JPA EntityManagerFactory for persistence unit 'default'
2026-10-01 23:31:11 INFO  [SpringApplicationShutdownHook] traceId= spanId= com.zaxxer.hikari.HikariDataSource : HikariPool-1 - Shutdown initiated...
2026-10-01 23:31:11 INFO  [SpringApplicationShutdownHook] traceId= spanId= com.zaxxer.hikari.HikariDataSource : HikariPool-1 - Shutdown completed.
2026-10-01 23:31:11 INFO  [SpringApplicationShutdownHook] traceId= spanId= c.netflix.discovery.DiscoveryClient : Shutting down DiscoveryClient ...
2026-10-01 23:31:14 INFO  [SpringApplicationShutdownHook] traceId= spanId= c.netflix.discovery.DiscoveryClient : Unregistering ...
2026-10-01 23:31:14 INFO  [SpringApplicationShutdownHook] traceId= spanId= c.n.d.s.t.d.RedirectingEurekaHttpClient : Request execution error. endpoint=DefaultEndpoint{ serviceUrl='http://localhost:8761/eureka/}, exception=I/O error on DELETE request for "http://localhost:8761/eureka/apps/CART-ORDER-SERVICE/LAPTOP-UJ0KBI4K.mshome.net:CART-ORDER-SERVICE:8082": Connect to http://localhost:8761 failed: Connection refused: getsockopt stacktrace=org.springframework.web.client.ResourceAccessException: I/O error on DELETE request for "http://localhost:8761/eureka/apps/CART-ORDER-SERVICE/LAPTOP-UJ0KBI4K.mshome.net:CART-ORDER-SERVICE:8082": Connect to http://localhost:8761 failed: Connection refused: getsockopt
	at org.springframework.web.client.DefaultRestClient$DefaultRequestBodyUriSpec.createResourceAccessException(DefaultRestClient.java:779)
	at org.springframework.web.client.DefaultRestClient$DefaultRequestBodyUriSpec.exchangeInternal(DefaultRestClient.java:624)
	at org.springframework.web.client.DefaultRestClient$DefaultRequestBodyUriSpec.exchange(DefaultRestClient.java:572)
	at org.springframework.web.client.RestClient$RequestHeadersSpec.exchange(RestClient.java:747)
	at org.springframework.web.client.DefaultRestClient$DefaultResponseSpec.executeAndExtract(DefaultRestClient.java:924)
	at org.springframework.web.client.DefaultRestClient$DefaultResponseSpec.toBodilessEntity(DefaultRestClient.java:888)
	at org.springframework.cloud.netflix.eureka.http.RestClientEurekaHttpClient.cancel(RestClientEurekaHttpClient.java:73)
	at com.netflix.discovery.shared.transport.decorator.EurekaHttpClientDecorator$2.execute(EurekaHttpClientDecorator.java:74)
	at com.netflix.discovery.shared.transport.decorator.RedirectingEurekaHttpClient.executeOnNewServer(RedirectingEurekaHttpClient.java:121)
	at com.netflix.discovery.shared.transport.decorator.RedirectingEurekaHttpClient.execute(RedirectingEurekaHttpClient.java:80)
	at com.netflix.discovery.shared.transport.decorator.EurekaHttpClientDecorator.cancel(EurekaHttpClientDecorator.java:71)
	at com.netflix.discovery.shared.transport.decorator.EurekaHttpClientDecorator$2.execute(EurekaHttpClientDecorator.java:74)
	at com.netflix.discovery.shared.transport.decorator.RetryableEurekaHttpClient.execute(RetryableEurekaHttpClient.java:120)
	at com.netflix.discovery.shared.transport.decorator.EurekaHttpClientDecorator.cancel(EurekaHttpClientDecorator.java:71)
	at com.netflix.discovery.shared.transport.decorator.EurekaHttpClientDecorator$2.execute(EurekaHttpClientDecorator.java:74)
	at com.netflix.discovery.shared.transport.decorator.SessionedEurekaHttpClient.execute(SessionedEurekaHttpClient.java:76)
	at com.netflix.discovery.shared.transport.decorator.EurekaHttpClientDecorator.cancel(EurekaHttpClientDecorator.java:71)
	at com.netflix.discovery.DiscoveryClient.unregister(DiscoveryClient.java:919)
	at com.netflix.discovery.DiscoveryClient.shutdown(DiscoveryClient.java:900)
	at java.base/jdk.internal.reflect.DirectMethodHandleAccessor.invoke(DirectMethodHandleAccessor.java:104)
	at java.base/java.lang.reflect.Method.invoke(Method.java:565)
	at org.springframework.beans.factory.annotation.InitDestroyAnnotationBeanPostProcessor$LifecycleMethod.invoke(InitDestroyAnnotationBeanPostProcessor.java:453)
	at org.springframework.beans.factory.annotation.InitDestroyAnnotationBeanPostProcessor$LifecycleMetadata.invokeDestroyMethods(InitDestroyAnnotationBeanPostProcessor.java:411)
	at org.springframework.beans.factory.annotation.InitDestroyAnnotationBeanPostProcessor.postProcessBeforeDestruction(InitDestroyAnnotationBeanPostProcessor.java:237)
	at org.springframework.beans.factory.support.DisposableBeanAdapter.destroy(DisposableBeanAdapter.java:200)
	at org.springframework.beans.factory.support.DisposableBeanAdapter.run(DisposableBeanAdapter.java:193)
	at org.springframework.cloud.context.scope.GenericScope$BeanLifecycleWrapper.destroy(GenericScope.java:387)
	at org.springframework.cloud.context.scope.GenericScope.destroy(GenericScope.java:134)
	at org.springframework.beans.factory.support.DisposableBeanAdapter.destroy(DisposableBeanAdapter.java:209)
	at org.springframework.beans.factory.support.DefaultSingletonBeanRegistry.destroyBean(DefaultSingletonBeanRegistry.java:795)
	at org.springframework.beans.factory.support.DefaultSingletonBeanRegistry.destroySingleton(DefaultSingletonBeanRegistry.java:745)
	at org.springframework.beans.factory.support.DefaultListableBeanFactory.destroySingleton(DefaultListableBeanFactory.java:1500)
	at org.springframework.beans.factory.support.DefaultSingletonBeanRegistry.destroySingletons(DefaultSingletonBeanRegistry.java:704)
	at org.springframework.beans.factory.support.DefaultListableBeanFactory.destroySingletons(DefaultListableBeanFactory.java:1493)
	at org.springframework.context.support.AbstractApplicationContext.destroyBeans(AbstractApplicationContext.java:1246)
	at org.springframework.context.support.AbstractApplicationContext.doClose(AbstractApplicationContext.java:1207)
	at org.springframework.boot.web.server.servlet.context.ServletWebServerApplicationContext.doClose(ServletWebServerApplicationContext.java:176)
	at org.springframework.context.support.AbstractApplicationContext.close(AbstractApplicationContext.java:1153)
	at org.springframework.boot.SpringApplicationShutdownHook.closeAndWait(SpringApplicationShutdownHook.java:147)
	at java.base/java.lang.Iterable.forEach(Iterable.java:75)
	at org.springframework.boot.SpringApplicationShutdownHook.run(SpringApplicationShutdownHook.java:116)
	at java.base/java.lang.Thread.run(Thread.java:1474)
Caused by: org.apache.hc.client5.http.HttpHostConnectException: Connect to http://localhost:8761 failed: Connection refused: getsockopt
	at java.base/sun.nio.ch.Net.pollConnect(Native Method)
	at java.base/sun.nio.ch.Net.pollConnectNow(Net.java:639)
	at java.base/sun.nio.ch.NioSocketImpl.timedFinishConnect(NioSocketImpl.java:543)
	at java.base/sun.nio.ch.NioSocketImpl.connect(NioSocketImpl.java:594)
	at java.base/java.net.SocksSocketImpl.connect(SocksSocketImpl.java:284)
	at java.base/java.net.Socket.connect(Socket.java:659)
	at org.apache.hc.client5.http.impl.io.DefaultHttpClientConnectionOperator.connect(DefaultHttpClientConnectionOperator.java:226)
	at org.apache.hc.client5.http.impl.io.PoolingHttpClientConnectionManager.connect(PoolingHttpClientConnectionManager.java:497)
	at org.apache.hc.client5.http.impl.classic.InternalExecRuntime.connectEndpoint(InternalExecRuntime.java:164)
	at org.apache.hc.client5.http.impl.classic.InternalExecRuntime.connectEndpoint(InternalExecRuntime.java:174)
	at org.apache.hc.client5.http.impl.classic.ConnectExec.execute(ConnectExec.java:144)
	at org.apache.hc.client5.http.impl.classic.ExecChainElement.execute(ExecChainElement.java:51)
	at org.apache.hc.client5.http.impl.classic.ProtocolExec.execute(ProtocolExec.java:195)
	at org.apache.hc.client5.http.impl.classic.ExecChainElement.execute(ExecChainElement.java:51)
	at org.apache.hc.client5.http.impl.classic.ContentCompressionExec.execute(ContentCompressionExec.java:168)
	at org.apache.hc.client5.http.impl.classic.ExecChainElement.execute(ExecChainElement.java:51)
	at org.apache.hc.client5.http.impl.classic.HttpRequestRetryExec.execute(HttpRequestRetryExec.java:112)
	at org.apache.hc.client5.http.impl.classic.ExecChainElement.execute(ExecChainElement.java:51)
	at org.apache.hc.client5.http.impl.classic.RedirectExec.execute(RedirectExec.java:110)
	at org.apache.hc.client5.http.impl.classic.ExecChainElement.execute(ExecChainElement.java:51)
	at org.apache.hc.client5.http.impl.classic.InternalHttpClient.doExecute(InternalHttpClient.java:185)
	at org.apache.hc.client5.http.impl.classic.CloseableHttpClient.execute(CloseableHttpClient.java:87)
	at org.apache.hc.client5.http.impl.classic.CloseableHttpClient.execute(CloseableHttpClient.java:55)
	at org.apache.hc.client5.http.classic.HttpClient.executeOpen(HttpClient.java:183)
	at org.springframework.http.client.HttpComponentsClientHttpRequest.executeInternal(HttpComponentsClientHttpRequest.java:99)
	at org.springframework.http.client.AbstractStreamingClientHttpRequest.executeInternal(AbstractStreamingClientHttpRequest.java:87)
	at org.springframework.http.client.AbstractClientHttpRequest.execute(AbstractClientHttpRequest.java:80)
	at org.springframework.http.client.AbstractBufferingClientHttpRequest.executeWithRequestAndBody(AbstractBufferingClientHttpRequest.java:89)
	at org.springframework.http.client.InterceptingClientHttpRequest$EndOfChainRequestExecution.execute(InterceptingClientHttpRequest.java:102)
	at org.springframework.cloud.netflix.eureka.http.RestClientTransportClientFactory.lambda$newClient$2(RestClientTransportClientFactory.java:98)
	at org.springframework.http.client.ClientHttpRequestInterceptor.lambda$apply$0(ClientHttpRequestInterceptor.java:89)
	at org.springframework.http.client.InterceptingClientHttpRequest.executeInternal(InterceptingClientHttpRequest.java:73)
	at org.springframework.http.client.AbstractBufferingClientHttpRequest.executeInternal(AbstractBufferingClientHttpRequest.java:50)
	at org.springframework.http.client.AbstractClientHttpRequest.execute(AbstractClientHttpRequest.java:80)
	at org.springframework.web.client.DefaultRestClient$DefaultRequestBodyUriSpec.exchangeInternal(DefaultRestClient.java:614)
	... 40 more

2026-10-01 23:31:14 WARN  [SpringApplicationShutdownHook] traceId= spanId= c.n.d.s.t.d.RetryableEurekaHttpClient : Request execution failed with message: I/O error on DELETE request for "http://localhost:8761/eureka/apps/CART-ORDER-SERVICE/LAPTOP-UJ0KBI4K.mshome.net:CART-ORDER-SERVICE:8082": Connect to http://localhost:8761 failed: Connection refused: getsockopt
2026-10-01 23:31:14 ERROR [SpringApplicationShutdownHook] traceId= spanId= c.netflix.discovery.DiscoveryClient : DiscoveryClient_CART-ORDER-SERVICE/LAPTOP-UJ0KBI4K.mshome.net:CART-ORDER-SERVICE:8082 - de-registration failedCannot execute request on any known server
com.netflix.discovery.shared.transport.TransportException: Cannot execute request on any known server
	at com.netflix.discovery.shared.transport.decorator.RetryableEurekaHttpClient.execute(RetryableEurekaHttpClient.java:112)
	at com.netflix.discovery.shared.transport.decorator.EurekaHttpClientDecorator.cancel(EurekaHttpClientDecorator.java:71)
	at com.netflix.discovery.shared.transport.decorator.EurekaHttpClientDecorator$2.execute(EurekaHttpClientDecorator.java:74)
	at com.netflix.discovery.shared.transport.decorator.SessionedEurekaHttpClient.execute(SessionedEurekaHttpClient.java:76)
	at com.netflix.discovery.shared.transport.decorator.EurekaHttpClientDecorator.cancel(EurekaHttpClientDecorator.java:71)
	at com.netflix.discovery.DiscoveryClient.unregister(DiscoveryClient.java:919)
	at com.netflix.discovery.DiscoveryClient.shutdown(DiscoveryClient.java:900)
	at java.base/jdk.internal.reflect.DirectMethodHandleAccessor.invoke(DirectMethodHandleAccessor.java:104)
	at java.base/java.lang.reflect.Method.invoke(Method.java:565)
	at org.springframework.beans.factory.annotation.InitDestroyAnnotationBeanPostProcessor$LifecycleMethod.invoke(InitDestroyAnnotationBeanPostProcessor.java:453)
	at org.springframework.beans.factory.annotation.InitDestroyAnnotationBeanPostProcessor$LifecycleMetadata.invokeDestroyMethods(InitDestroyAnnotationBeanPostProcessor.java:411)
	at org.springframework.beans.factory.annotation.InitDestroyAnnotationBeanPostProcessor.postProcessBeforeDestruction(InitDestroyAnnotationBeanPostProcessor.java:237)
	at org.springframework.beans.factory.support.DisposableBeanAdapter.destroy(DisposableBeanAdapter.java:200)
	at org.springframework.beans.factory.support.DisposableBeanAdapter.run(DisposableBeanAdapter.java:193)
	at org.springframework.cloud.context.scope.GenericScope$BeanLifecycleWrapper.destroy(GenericScope.java:387)
	at org.springframework.cloud.context.scope.GenericScope.destroy(GenericScope.java:134)
	at org.springframework.beans.factory.support.DisposableBeanAdapter.destroy(DisposableBeanAdapter.java:209)
	at org.springframework.beans.factory.support.DefaultSingletonBeanRegistry.destroyBean(DefaultSingletonBeanRegistry.java:795)
	at org.springframework.beans.factory.support.DefaultSingletonBeanRegistry.destroySingleton(DefaultSingletonBeanRegistry.java:745)
	at org.springframework.beans.factory.support.DefaultListableBeanFactory.destroySingleton(DefaultListableBeanFactory.java:1500)
	at org.springframework.beans.factory.support.DefaultSingletonBeanRegistry.destroySingletons(DefaultSingletonBeanRegistry.java:704)
	at org.springframework.beans.factory.support.DefaultListableBeanFactory.destroySingletons(DefaultListableBeanFactory.java:1493)
	at org.springframework.context.support.AbstractApplicationContext.destroyBeans(AbstractApplicationContext.java:1246)
	at org.springframework.context.support.AbstractApplicationContext.doClose(AbstractApplicationContext.java:1207)
	at org.springframework.boot.web.server.servlet.context.ServletWebServerApplicationContext.doClose(ServletWebServerApplicationContext.java:176)
	at org.springframework.context.support.AbstractApplicationContext.close(AbstractApplicationContext.java:1153)
	at org.springframework.boot.SpringApplicationShutdownHook.closeAndWait(SpringApplicationShutdownHook.java:147)
	at java.base/java.lang.Iterable.forEach(Iterable.java:75)
	at org.springframework.boot.SpringApplicationShutdownHook.run(SpringApplicationShutdownHook.java:116)
	at java.base/java.lang.Thread.run(Thread.java:1474)
2026-10-01 23:31:14 INFO  [SpringApplicationShutdownHook] traceId= spanId= c.netflix.discovery.DiscoveryClient : Completed shut down of DiscoveryClient
