2026-10-01 11:31:34 INFO  [main] traceId= spanId= c.s.e.p.ProductsServiceApplication : Starting ProductsServiceApplication using Java 25.0.1 with PID 49740 (D:\Live Batches\micro_devops\easy_busy\products-service\products-service\target\classes started by DurgeshLap in D:\Live Batches\micro_devops\easy_busy)
2026-10-01 11:31:34 INFO  [main] traceId= spanId= c.s.e.p.ProductsServiceApplication : The following 1 profile is active: "dev"
2026-10-01 11:31:34 INFO  [main] traceId= spanId= o.s.c.c.c.ConfigServerConfigDataLoader : Fetching config from server at : http://localhost:8079
2026-10-01 11:31:34 INFO  [main] traceId= spanId= o.s.c.c.c.ConfigServerConfigDataLoader : Located environment: name=PRODUCT-SERVICE, profiles=[default], label=null, version=94079606afb331cdb2b36aaccd59d2286c312526, state=
2026-10-01 11:31:34 INFO  [main] traceId= spanId= o.s.c.c.c.ConfigServerConfigDataLoader : Fetching config from server at : http://localhost:8079
2026-10-01 11:31:34 INFO  [main] traceId= spanId= o.s.c.c.c.ConfigServerConfigDataLoader : Located environment: name=PRODUCT-SERVICE, profiles=[dev], label=null, version=94079606afb331cdb2b36aaccd59d2286c312526, state=
2026-10-01 11:31:35 INFO  [main] traceId= spanId= o.s.d.r.c.RepositoryConfigurationDelegate : Bootstrapping Spring Data JPA repositories in DEFAULT mode.
2026-10-01 11:31:35 INFO  [main] traceId= spanId= o.s.d.r.c.RepositoryConfigurationDelegate : Finished Spring Data repository scanning in 152 ms. Found 3 JPA repository interfaces.
2026-10-01 11:31:35 INFO  [main] traceId= spanId= o.s.cloud.context.scope.GenericScope : BeanFactory id=188c6a25-ca75-363b-ac0a-f08d12b40ccc
2026-10-01 11:31:35 INFO  [main] traceId= spanId= o.s.boot.tomcat.TomcatWebServer : Tomcat initialized with port 8081 (http)
2026-10-01 11:31:35 INFO  [main] traceId= spanId= o.a.catalina.core.StandardService : Starting service [Tomcat]
2026-10-01 11:31:35 INFO  [main] traceId= spanId= o.a.catalina.core.StandardEngine : Starting Servlet engine: [Apache Tomcat/11.0.21]
2026-10-01 11:31:35 INFO  [main] traceId= spanId= o.s.b.w.c.s.WebApplicationContextInitializer : Root WebApplicationContext: initialization completed in 1607 ms
2026-10-01 11:31:36 INFO  [main] traceId= spanId= org.hibernate.orm.jpa : HHH008540: Processing PersistenceUnitInfo [name: default]
2026-10-01 11:31:36 INFO  [main] traceId= spanId= org.hibernate.orm.core : HHH000001: Hibernate ORM core version 7.2.12.Final
2026-10-01 11:31:36 INFO  [main] traceId= spanId= o.s.o.j.p.SpringPersistenceUnitInfo : No LoadTimeWeaver setup: ignoring JPA class transformer
2026-10-01 11:31:36 INFO  [main] traceId= spanId= com.zaxxer.hikari.HikariDataSource : HikariPool-1 - Starting...
2026-10-01 11:31:37 WARN  [main] traceId= spanId= org.hibernate.orm.jdbc.error : HHH000247: ErrorCode: 0, SQLState: 08001
2026-10-01 11:31:37 WARN  [main] traceId= spanId= org.hibernate.orm.jdbc.error : Connection to localhost:5432 refused. Check that the hostname and port are correct and that the postmaster is accepting TCP/IP connections.
2026-10-01 11:31:37 WARN  [main] traceId= spanId= org.hibernate.orm.jdbc : HHH100046: Could not obtain connection to query JDBC database metadata
org.hibernate.exception.JDBCConnectionException: Unable to obtain isolated JDBC connection [Connection to localhost:5432 refused. Check that the hostname and port are correct and that the postmaster is accepting TCP/IP connections.] [n/a]
	at org.hibernate.exception.internal.SQLStateConversionDelegate.convert(SQLStateConversionDelegate.java:80)
	at org.hibernate.exception.internal.StandardSQLExceptionConverter.convert(StandardSQLExceptionConverter.java:34)
	at org.hibernate.engine.jdbc.spi.SqlExceptionHelper.convert(SqlExceptionHelper.java:115)
	at org.hibernate.engine.jdbc.spi.SqlExceptionHelper.convert(SqlExceptionHelper.java:101)
	at org.hibernate.resource.transaction.backend.jdbc.internal.JdbcIsolationDelegate.delegateWork(JdbcIsolationDelegate.java:51)
	at org.hibernate.engine.jdbc.env.internal.JdbcEnvironmentInitiator.getJdbcEnvironmentUsingJdbcMetadata(JdbcEnvironmentInitiator.java:366)
	at org.hibernate.engine.jdbc.env.internal.JdbcEnvironmentInitiator.getJdbcEnvironment(JdbcEnvironmentInitiator.java:143)
	at org.hibernate.engine.jdbc.env.internal.JdbcEnvironmentInitiator.initiateService(JdbcEnvironmentInitiator.java:120)
	at org.hibernate.engine.jdbc.env.internal.JdbcEnvironmentInitiator.initiateService(JdbcEnvironmentInitiator.java:80)
	at org.hibernate.boot.registry.internal.StandardServiceRegistryImpl.initiateService(StandardServiceRegistryImpl.java:133)
	at org.hibernate.service.internal.AbstractServiceRegistryImpl.createService(AbstractServiceRegistryImpl.java:260)
	at org.hibernate.service.internal.AbstractServiceRegistryImpl.initializeService(AbstractServiceRegistryImpl.java:235)
	at org.hibernate.service.internal.AbstractServiceRegistryImpl.getService(AbstractServiceRegistryImpl.java:212)
	at org.hibernate.boot.model.relational.Database.<init>(Database.java:44)
	at org.hibernate.boot.internal.InFlightMetadataCollectorImpl.getDatabase(InFlightMetadataCollectorImpl.java:251)
	at org.hibernate.boot.internal.InFlightMetadataCollectorImpl.<init>(InFlightMetadataCollectorImpl.java:203)
	at org.hibernate.boot.model.process.spi.MetadataBuildingProcess.complete(MetadataBuildingProcess.java:172)
	at org.hibernate.jpa.boot.internal.EntityManagerFactoryBuilderImpl.metadata(EntityManagerFactoryBuilderImpl.java:1392)
	at org.hibernate.jpa.boot.internal.EntityManagerFactoryBuilderImpl.populateSessionFactoryBuilder(EntityManagerFactoryBuilderImpl.java:1472)
	at org.hibernate.jpa.boot.internal.EntityManagerFactoryBuilderImpl.build(EntityManagerFactoryBuilderImpl.java:1454)
	at org.springframework.orm.jpa.vendor.SpringHibernateJpaPersistenceProvider.createContainerEntityManagerFactory(SpringHibernateJpaPersistenceProvider.java:93)
	at org.springframework.orm.jpa.LocalContainerEntityManagerFactoryBean.createNativeEntityManagerFactory(LocalContainerEntityManagerFactoryBean.java:443)
	at org.springframework.orm.jpa.AbstractEntityManagerFactoryBean.buildNativeEntityManagerFactory(AbstractEntityManagerFactoryBean.java:436)
	at org.springframework.orm.jpa.AbstractEntityManagerFactoryBean.afterPropertiesSet(AbstractEntityManagerFactoryBean.java:411)
	at org.springframework.orm.jpa.LocalContainerEntityManagerFactoryBean.afterPropertiesSet(LocalContainerEntityManagerFactoryBean.java:419)
	at org.springframework.beans.factory.support.AbstractAutowireCapableBeanFactory.invokeInitMethods(AbstractAutowireCapableBeanFactory.java:1864)
	at org.springframework.beans.factory.support.AbstractAutowireCapableBeanFactory.initializeBean(AbstractAutowireCapableBeanFactory.java:1813)
	at org.springframework.beans.factory.support.AbstractAutowireCapableBeanFactory.doCreateBean(AbstractAutowireCapableBeanFactory.java:603)
	at org.springframework.beans.factory.support.AbstractAutowireCapableBeanFactory.createBean(AbstractAutowireCapableBeanFactory.java:525)
	at org.springframework.beans.factory.support.AbstractBeanFactory.lambda$doGetBean$0(AbstractBeanFactory.java:333)
	at org.springframework.beans.factory.support.DefaultSingletonBeanRegistry.getSingleton(DefaultSingletonBeanRegistry.java:371)
	at org.springframework.beans.factory.support.AbstractBeanFactory.doGetBean(AbstractBeanFactory.java:331)
	at org.springframework.beans.factory.support.AbstractBeanFactory.getBean(AbstractBeanFactory.java:201)
	at org.springframework.context.support.AbstractApplicationContext.finishBeanFactoryInitialization(AbstractApplicationContext.java:977)
	at org.springframework.context.support.AbstractApplicationContext.refresh(AbstractApplicationContext.java:621)
	at org.springframework.boot.web.server.servlet.context.ServletWebServerApplicationContext.refresh(ServletWebServerApplicationContext.java:143)
	at org.springframework.boot.SpringApplication.refresh(SpringApplication.java:756)
	at org.springframework.boot.SpringApplication.refreshContext(SpringApplication.java:445)
	at org.springframework.boot.SpringApplication.run(SpringApplication.java:321)
	at org.springframework.boot.SpringApplication.run(SpringApplication.java:1365)
	at org.springframework.boot.SpringApplication.run(SpringApplication.java:1354)
	at com.substring.easybuy.products.ProductsServiceApplication.main(ProductsServiceApplication.java:23)
Caused by: org.postgresql.util.PSQLException: Connection to localhost:5432 refused. Check that the hostname and port are correct and that the postmaster is accepting TCP/IP connections.
	at org.postgresql.core.v3.ConnectionFactoryImpl.openConnectionImpl(ConnectionFactoryImpl.java:373)
	at org.postgresql.core.ConnectionFactory.openConnection(ConnectionFactory.java:57)
	at org.postgresql.jdbc.PgConnection.<init>(PgConnection.java:290)
	at org.postgresql.Driver.makeConnection(Driver.java:448)
	at org.postgresql.Driver.connect(Driver.java:298)
	at com.zaxxer.hikari.util.DriverDataSource.getConnection(DriverDataSource.java:144)
	at com.zaxxer.hikari.pool.PoolBase.newConnection(PoolBase.java:373)
	at com.zaxxer.hikari.pool.PoolBase.newPoolEntry(PoolBase.java:210)
	at com.zaxxer.hikari.pool.HikariPool.createPoolEntry(HikariPool.java:488)
	at com.zaxxer.hikari.pool.HikariPool.checkFailFast(HikariPool.java:576)
	at com.zaxxer.hikari.pool.HikariPool.<init>(HikariPool.java:97)
	at com.zaxxer.hikari.HikariDataSource.getConnection(HikariDataSource.java:111)
	at org.hibernate.engine.jdbc.connections.internal.DataSourceConnectionProvider.getConnection(DataSourceConnectionProvider.java:137)
	at org.hibernate.engine.jdbc.env.internal.JdbcEnvironmentInitiator$ConnectionProviderJdbcConnectionAccess.obtainConnection(JdbcEnvironmentInitiator.java:508)
	at org.hibernate.resource.transaction.backend.jdbc.internal.JdbcIsolationDelegate.delegateWork(JdbcIsolationDelegate.java:48)
	... 37 common frames omitted
Caused by: java.net.ConnectException: Connection refused: getsockopt
	at java.base/sun.nio.ch.Net.pollConnect(Native Method)
	at java.base/sun.nio.ch.Net.pollConnectNow(Net.java:639)
	at java.base/sun.nio.ch.NioSocketImpl.timedFinishConnect(NioSocketImpl.java:543)
	at java.base/sun.nio.ch.NioSocketImpl.connect(NioSocketImpl.java:594)
	at java.base/java.net.SocksSocketImpl.connect(SocksSocketImpl.java:284)
	at java.base/java.net.Socket.connect(Socket.java:659)
	at org.postgresql.core.PGStream.createSocket(PGStream.java:261)
	at org.postgresql.core.PGStream.<init>(PGStream.java:122)
	at org.postgresql.core.v3.ConnectionFactoryImpl.tryConnect(ConnectionFactoryImpl.java:146)
	at org.postgresql.core.v3.ConnectionFactoryImpl.openConnectionImpl(ConnectionFactoryImpl.java:289)
	... 51 common frames omitted
2026-10-01 11:31:37 WARN  [main] traceId= spanId= org.hibernate.orm.deprecation : HHH90000025: PostgreSQLDialect does not need to be specified explicitly using 'hibernate.dialect' (remove the property setting and it will be selected by default)
2026-10-01 11:31:37 INFO  [main] traceId= spanId= o.hibernate.orm.connections.pooling : HHH10001005: Database info:
	Database JDBC URL [undefined/unknown]
	Database driver: undefined/unknown
	Database dialect: PostgreSQLDialect
	Database version: 13.0
	Default catalog/schema: unknown/unknown
	Autocommit mode: undefined/unknown
	Isolation level: NONE [default NONE]
	JDBC fetch size: undefined/unknown
	Pool: DataSourceConnectionProvider
	Minimum pool size: undefined/unknown
	Maximum pool size: undefined/unknown
2026-10-01 11:31:38 INFO  [main] traceId= spanId= org.hibernate.orm.core : HHH000489: No JTA platform available (set 'hibernate.transaction.jta.platform' to enable JTA platform integration)
2026-10-01 11:31:38 INFO  [main] traceId= spanId= com.zaxxer.hikari.HikariDataSource : HikariPool-1 - Starting...
2026-10-01 11:31:39 WARN  [main] traceId= spanId= org.hibernate.orm.jdbc.error : HHH000247: ErrorCode: 0, SQLState: 08001
2026-10-01 11:31:39 WARN  [main] traceId= spanId= org.hibernate.orm.jdbc.error : Connection to localhost:5432 refused. Check that the hostname and port are correct and that the postmaster is accepting TCP/IP connections.
2026-10-01 11:31:39 ERROR [main] traceId= spanId= o.s.o.j.LocalContainerEntityManagerFactoryBean : Failed to initialize JPA EntityManagerFactory: Unable to build Hibernate SessionFactory  [persistence unit: default] ; nested exception is org.hibernate.exception.JDBCConnectionException: Unable to open JDBC Connection for DDL execution [Connection to localhost:5432 refused. Check that the hostname and port are correct and that the postmaster is accepting TCP/IP connections.] [n/a]
2026-10-01 11:31:39 WARN  [main] traceId= spanId= o.s.b.w.s.s.c.AnnotationConfigServletWebServerApplicationContext : Exception encountered during context initialization - cancelling refresh attempt: org.springframework.beans.factory.BeanCreationException: Error creating bean with name 'entityManagerFactory' defined in class path resource [org/springframework/boot/hibernate/autoconfigure/HibernateJpaConfiguration.class]: Unable to build Hibernate SessionFactory  [persistence unit: default] ; nested exception is org.hibernate.exception.JDBCConnectionException: Unable to open JDBC Connection for DDL execution [Connection to localhost:5432 refused. Check that the hostname and port are correct and that the postmaster is accepting TCP/IP connections.] [n/a]
2026-10-01 11:31:39 INFO  [main] traceId= spanId= o.a.catalina.core.StandardService : Stopping service [Tomcat]
2026-10-01 11:31:39 INFO  [main] traceId= spanId= o.s.b.a.l.ConditionEvaluationReportLogger : 

Error starting ApplicationContext. To display the condition evaluation report re-run your application with 'debug' enabled.
2026-10-01 11:31:39 ERROR [main] traceId= spanId= o.s.boot.SpringApplication : Application run failed
org.springframework.beans.factory.BeanCreationException: Error creating bean with name 'entityManagerFactory' defined in class path resource [org/springframework/boot/hibernate/autoconfigure/HibernateJpaConfiguration.class]: Unable to build Hibernate SessionFactory  [persistence unit: default] ; nested exception is org.hibernate.exception.JDBCConnectionException: Unable to open JDBC Connection for DDL execution [Connection to localhost:5432 refused. Check that the hostname and port are correct and that the postmaster is accepting TCP/IP connections.] [n/a]
	at org.springframework.beans.factory.support.AbstractAutowireCapableBeanFactory.initializeBean(AbstractAutowireCapableBeanFactory.java:1817)
	at org.springframework.beans.factory.support.AbstractAutowireCapableBeanFactory.doCreateBean(AbstractAutowireCapableBeanFactory.java:603)
	at org.springframework.beans.factory.support.AbstractAutowireCapableBeanFactory.createBean(AbstractAutowireCapableBeanFactory.java:525)
	at org.springframework.beans.factory.support.AbstractBeanFactory.lambda$doGetBean$0(AbstractBeanFactory.java:333)
	at org.springframework.beans.factory.support.DefaultSingletonBeanRegistry.getSingleton(DefaultSingletonBeanRegistry.java:371)
	at org.springframework.beans.factory.support.AbstractBeanFactory.doGetBean(AbstractBeanFactory.java:331)
	at org.springframework.beans.factory.support.AbstractBeanFactory.getBean(AbstractBeanFactory.java:201)
	at org.springframework.context.support.AbstractApplicationContext.finishBeanFactoryInitialization(AbstractApplicationContext.java:977)
	at org.springframework.context.support.AbstractApplicationContext.refresh(AbstractApplicationContext.java:621)
	at org.springframework.boot.web.server.servlet.context.ServletWebServerApplicationContext.refresh(ServletWebServerApplicationContext.java:143)
	at org.springframework.boot.SpringApplication.refresh(SpringApplication.java:756)
	at org.springframework.boot.SpringApplication.refreshContext(SpringApplication.java:445)
	at org.springframework.boot.SpringApplication.run(SpringApplication.java:321)
	at org.springframework.boot.SpringApplication.run(SpringApplication.java:1365)
	at org.springframework.boot.SpringApplication.run(SpringApplication.java:1354)
	at com.substring.easybuy.products.ProductsServiceApplication.main(ProductsServiceApplication.java:23)
Caused by: jakarta.persistence.PersistenceException: Unable to build Hibernate SessionFactory  [persistence unit: default] ; nested exception is org.hibernate.exception.JDBCConnectionException: Unable to open JDBC Connection for DDL execution [Connection to localhost:5432 refused. Check that the hostname and port are correct and that the postmaster is accepting TCP/IP connections.] [n/a]
	at org.springframework.orm.jpa.AbstractEntityManagerFactoryBean.buildNativeEntityManagerFactory(AbstractEntityManagerFactoryBean.java:448)
	at org.springframework.orm.jpa.AbstractEntityManagerFactoryBean.afterPropertiesSet(AbstractEntityManagerFactoryBean.java:411)
	at org.springframework.orm.jpa.LocalContainerEntityManagerFactoryBean.afterPropertiesSet(LocalContainerEntityManagerFactoryBean.java:419)
	at org.springframework.beans.factory.support.AbstractAutowireCapableBeanFactory.invokeInitMethods(AbstractAutowireCapableBeanFactory.java:1864)
	at org.springframework.beans.factory.support.AbstractAutowireCapableBeanFactory.initializeBean(AbstractAutowireCapableBeanFactory.java:1813)
	... 15 common frames omitted
Caused by: org.hibernate.exception.JDBCConnectionException: Unable to open JDBC Connection for DDL execution [Connection to localhost:5432 refused. Check that the hostname and port are correct and that the postmaster is accepting TCP/IP connections.] [n/a]
	at org.hibernate.exception.internal.SQLStateConversionDelegate.convert(SQLStateConversionDelegate.java:80)
	at org.hibernate.exception.internal.StandardSQLExceptionConverter.convert(StandardSQLExceptionConverter.java:34)
	at org.hibernate.engine.jdbc.spi.SqlExceptionHelper.convert(SqlExceptionHelper.java:115)
	at org.hibernate.engine.jdbc.spi.SqlExceptionHelper.convert(SqlExceptionHelper.java:101)
	at org.hibernate.resource.transaction.backend.jdbc.internal.DdlTransactionIsolatorNonJtaImpl.getIsolatedConnection(DdlTransactionIsolatorNonJtaImpl.java:71)
	at org.hibernate.resource.transaction.backend.jdbc.internal.DdlTransactionIsolatorNonJtaImpl.getIsolatedConnection(DdlTransactionIsolatorNonJtaImpl.java:37)
	at org.hibernate.tool.schema.internal.exec.ImprovedExtractionContextImpl.getJdbcConnection(ImprovedExtractionContextImpl.java:61)
	at org.hibernate.tool.schema.extract.spi.ExtractionContext.getQueryResults(ExtractionContext.java:41)
	at org.hibernate.tool.schema.extract.internal.SequenceInformationExtractorLegacyImpl.extractMetadata(SequenceInformationExtractorLegacyImpl.java:36)
	at org.hibernate.tool.schema.extract.internal.DatabaseInformationImpl.initializeSequences(DatabaseInformationImpl.java:73)
	at org.hibernate.tool.schema.extract.internal.DatabaseInformationImpl.<init>(DatabaseInformationImpl.java:63)
	at org.hibernate.tool.schema.extract.internal.CachingDatabaseInformationImpl.<init>(CachingDatabaseInformationImpl.java:43)
	at org.hibernate.tool.schema.internal.GroupedSchemaMigratorImpl.buildDatabaseInformation(GroupedSchemaMigratorImpl.java:112)
	at org.hibernate.tool.schema.internal.AbstractSchemaMigrator.doMigration(AbstractSchemaMigrator.java:83)
	at org.hibernate.tool.schema.spi.SchemaManagementToolCoordinator.performDatabaseAction(SchemaManagementToolCoordinator.java:269)
	at org.hibernate.tool.schema.spi.SchemaManagementToolCoordinator.lambda$process$1(SchemaManagementToolCoordinator.java:101)
	at java.base/java.util.HashMap.forEach(HashMap.java:1430)
	at org.hibernate.tool.schema.spi.SchemaManagementToolCoordinator.process(SchemaManagementToolCoordinator.java:100)
	at org.hibernate.boot.internal.SessionFactoryObserverForSchemaExport.sessionFactoryCreated(SessionFactoryObserverForSchemaExport.java:35)
	at org.hibernate.internal.SessionFactoryObserverChain.sessionFactoryCreated(SessionFactoryObserverChain.java:33)
	at org.hibernate.internal.SessionFactoryImpl.<init>(SessionFactoryImpl.java:323)
	at org.hibernate.internal.SessionFactoryRegistry.instantiateSessionFactory(SessionFactoryRegistry.java:64)
	at org.hibernate.boot.internal.SessionFactoryBuilderImpl.build(SessionFactoryBuilderImpl.java:437)
	at org.hibernate.jpa.boot.internal.EntityManagerFactoryBuilderImpl.build(EntityManagerFactoryBuilderImpl.java:1456)
	at org.springframework.orm.jpa.vendor.SpringHibernateJpaPersistenceProvider.createContainerEntityManagerFactory(SpringHibernateJpaPersistenceProvider.java:93)
	at org.springframework.orm.jpa.LocalContainerEntityManagerFactoryBean.createNativeEntityManagerFactory(LocalContainerEntityManagerFactoryBean.java:443)
	at org.springframework.orm.jpa.AbstractEntityManagerFactoryBean.buildNativeEntityManagerFactory(AbstractEntityManagerFactoryBean.java:436)
	... 19 common frames omitted
Caused by: org.postgresql.util.PSQLException: Connection to localhost:5432 refused. Check that the hostname and port are correct and that the postmaster is accepting TCP/IP connections.
	at org.postgresql.core.v3.ConnectionFactoryImpl.openConnectionImpl(ConnectionFactoryImpl.java:373)
	at org.postgresql.core.ConnectionFactory.openConnection(ConnectionFactory.java:57)
	at org.postgresql.jdbc.PgConnection.<init>(PgConnection.java:290)
	at org.postgresql.Driver.makeConnection(Driver.java:448)
	at org.postgresql.Driver.connect(Driver.java:298)
	at com.zaxxer.hikari.util.DriverDataSource.getConnection(DriverDataSource.java:144)
	at com.zaxxer.hikari.pool.PoolBase.newConnection(PoolBase.java:373)
	at com.zaxxer.hikari.pool.PoolBase.newPoolEntry(PoolBase.java:210)
	at com.zaxxer.hikari.pool.HikariPool.createPoolEntry(HikariPool.java:488)
	at com.zaxxer.hikari.pool.HikariPool.checkFailFast(HikariPool.java:576)
	at com.zaxxer.hikari.pool.HikariPool.<init>(HikariPool.java:97)
	at com.zaxxer.hikari.HikariDataSource.getConnection(HikariDataSource.java:111)
	at org.hibernate.engine.jdbc.connections.internal.DataSourceConnectionProvider.getConnection(DataSourceConnectionProvider.java:137)
	at org.hibernate.engine.jdbc.env.internal.JdbcEnvironmentInitiator$ConnectionProviderJdbcConnectionAccess.obtainConnection(JdbcEnvironmentInitiator.java:508)
	at org.hibernate.resource.transaction.backend.jdbc.internal.DdlTransactionIsolatorNonJtaImpl.getIsolatedConnection(DdlTransactionIsolatorNonJtaImpl.java:44)
	... 41 common frames omitted
Caused by: java.net.ConnectException: Connection refused: getsockopt
	at java.base/sun.nio.ch.Net.pollConnect(Native Method)
	at java.base/sun.nio.ch.Net.pollConnectNow(Net.java:639)
	at java.base/sun.nio.ch.NioSocketImpl.timedFinishConnect(NioSocketImpl.java:543)
	at java.base/sun.nio.ch.NioSocketImpl.connect(NioSocketImpl.java:594)
	at java.base/java.net.SocksSocketImpl.connect(SocksSocketImpl.java:284)
	at java.base/java.net.Socket.connect(Socket.java:659)
	at org.postgresql.core.PGStream.createSocket(PGStream.java:261)
	at org.postgresql.core.PGStream.<init>(PGStream.java:122)
	at org.postgresql.core.v3.ConnectionFactoryImpl.tryConnect(ConnectionFactoryImpl.java:146)
	at org.postgresql.core.v3.ConnectionFactoryImpl.openConnectionImpl(ConnectionFactoryImpl.java:289)
	... 55 common frames omitted
2026-10-01 11:35:23 INFO  [main] traceId= spanId= c.s.e.p.ProductsServiceApplication : Starting ProductsServiceApplication using Java 25.0.1 with PID 61552 (D:\Live Batches\micro_devops\easy_busy\products-service\products-service\target\classes started by DurgeshLap in D:\Live Batches\micro_devops\easy_busy)
2026-10-01 11:35:23 INFO  [main] traceId= spanId= c.s.e.p.ProductsServiceApplication : The following 1 profile is active: "dev"
2026-10-01 11:35:23 INFO  [main] traceId= spanId= o.s.c.c.c.ConfigServerConfigDataLoader : Fetching config from server at : http://localhost:8079
2026-10-01 11:35:23 INFO  [main] traceId= spanId= o.s.c.c.c.ConfigServerConfigDataLoader : Located environment: name=PRODUCT-SERVICE, profiles=[default], label=null, version=94079606afb331cdb2b36aaccd59d2286c312526, state=
2026-10-01 11:35:23 INFO  [main] traceId= spanId= o.s.c.c.c.ConfigServerConfigDataLoader : Fetching config from server at : http://localhost:8079
2026-10-01 11:35:23 INFO  [main] traceId= spanId= o.s.c.c.c.ConfigServerConfigDataLoader : Located environment: name=PRODUCT-SERVICE, profiles=[dev], label=null, version=94079606afb331cdb2b36aaccd59d2286c312526, state=
2026-10-01 11:35:24 INFO  [main] traceId= spanId= o.s.d.r.c.RepositoryConfigurationDelegate : Bootstrapping Spring Data JPA repositories in DEFAULT mode.
2026-10-01 11:35:24 INFO  [main] traceId= spanId= o.s.d.r.c.RepositoryConfigurationDelegate : Finished Spring Data repository scanning in 214 ms. Found 3 JPA repository interfaces.
2026-10-01 11:35:25 INFO  [main] traceId= spanId= o.s.cloud.context.scope.GenericScope : BeanFactory id=188c6a25-ca75-363b-ac0a-f08d12b40ccc
2026-10-01 11:35:25 INFO  [main] traceId= spanId= o.s.boot.tomcat.TomcatWebServer : Tomcat initialized with port 8081 (http)
2026-10-01 11:35:25 INFO  [main] traceId= spanId= o.a.catalina.core.StandardService : Starting service [Tomcat]
2026-10-01 11:35:25 INFO  [main] traceId= spanId= o.a.catalina.core.StandardEngine : Starting Servlet engine: [Apache Tomcat/11.0.21]
2026-10-01 11:35:25 INFO  [main] traceId= spanId= o.s.b.w.c.s.WebApplicationContextInitializer : Root WebApplicationContext: initialization completed in 1871 ms
2026-10-01 11:35:25 INFO  [main] traceId= spanId= org.hibernate.orm.jpa : HHH008540: Processing PersistenceUnitInfo [name: default]
2026-10-01 11:35:26 INFO  [main] traceId= spanId= org.hibernate.orm.core : HHH000001: Hibernate ORM core version 7.2.12.Final
2026-10-01 11:35:26 INFO  [main] traceId= spanId= o.s.o.j.p.SpringPersistenceUnitInfo : No LoadTimeWeaver setup: ignoring JPA class transformer
2026-10-01 11:35:26 INFO  [main] traceId= spanId= com.zaxxer.hikari.HikariDataSource : HikariPool-1 - Starting...
2026-10-01 11:35:26 INFO  [main] traceId= spanId= com.zaxxer.hikari.pool.HikariPool : HikariPool-1 - Added connection org.postgresql.jdbc.PgConnection@51971d32
2026-10-01 11:35:26 INFO  [main] traceId= spanId= com.zaxxer.hikari.HikariDataSource : HikariPool-1 - Start completed.
2026-10-01 11:35:27 WARN  [main] traceId= spanId= org.hibernate.orm.deprecation : HHH90000025: PostgreSQLDialect does not need to be specified explicitly using 'hibernate.dialect' (remove the property setting and it will be selected by default)
2026-10-01 11:35:27 INFO  [main] traceId= spanId= o.hibernate.orm.connections.pooling : HHH10001005: Database info:
	Database JDBC URL [jdbc:postgresql://localhost:5432/productdb?currentSchema=public]
	Database driver: PostgreSQL JDBC Driver
	Database dialect: PostgreSQLDialect
	Database version: 18.4
	Default catalog/schema: productdb/public
	Autocommit mode: undefined/unknown
	Isolation level: READ_COMMITTED [default READ_COMMITTED]
	JDBC fetch size: none
	Pool: DataSourceConnectionProvider
	Minimum pool size: undefined/unknown
	Maximum pool size: undefined/unknown
2026-10-01 11:35:28 INFO  [main] traceId= spanId= org.hibernate.orm.core : HHH000489: No JTA platform available (set 'hibernate.transaction.jta.platform' to enable JTA platform integration)
2026-10-01 11:35:28 INFO  [main] traceId= spanId= o.s.o.j.LocalContainerEntityManagerFactoryBean : Initialized JPA EntityManagerFactory for persistence unit 'default'
2026-10-01 11:35:28 INFO  [main] traceId= spanId= o.s.d.j.r.q.QueryEnhancerFactories : Hibernate is in classpath; If applicable, HQL parser will be used.
2026-10-01 11:35:29 WARN  [main] traceId= spanId= o.s.b.w.s.s.c.AnnotationConfigServletWebServerApplicationContext : Exception encountered during context initialization - cancelling refresh attempt: org.springframework.beans.factory.UnsatisfiedDependencyException: Error creating bean with name 'dbInitializer' defined in file [D:\Live Batches\micro_devops\easy_busy\products-service\products-service\target\classes\com\substring\easybuy\products\config\DbInitializer.class]: Unsatisfied dependency expressed through constructor parameter 0: Error creating bean with name 'productRepo' defined in com.substring.easybuy.products.repository.ProductRepo defined in @EnableJpaRepositories declared on DataJpaRepositoriesRegistrar.EnableJpaRepositoriesConfiguration: Query validation failed for 'SELECT p FROM Product p WHERE LOWER(p.title) LIKE LOWER(CONCAT('%', :query, '%')) OR LOWER(p.shortDescription) LIKE LOWER(CONCAT('%', :query, '%'))'
2026-10-01 11:35:29 INFO  [main] traceId= spanId= o.s.o.j.LocalContainerEntityManagerFactoryBean : Closing JPA EntityManagerFactory for persistence unit 'default'
2026-10-01 11:35:29 INFO  [main] traceId= spanId= com.zaxxer.hikari.HikariDataSource : HikariPool-1 - Shutdown initiated...
2026-10-01 11:35:29 INFO  [main] traceId= spanId= com.zaxxer.hikari.HikariDataSource : HikariPool-1 - Shutdown completed.
2026-10-01 11:35:29 INFO  [main] traceId= spanId= o.a.catalina.core.StandardService : Stopping service [Tomcat]
2026-10-01 11:35:29 INFO  [main] traceId= spanId= o.s.b.a.l.ConditionEvaluationReportLogger : 

Error starting ApplicationContext. To display the condition evaluation report re-run your application with 'debug' enabled.
2026-10-01 11:35:29 ERROR [main] traceId= spanId= o.s.boot.SpringApplication : Application run failed
org.springframework.beans.factory.UnsatisfiedDependencyException: Error creating bean with name 'dbInitializer' defined in file [D:\Live Batches\micro_devops\easy_busy\products-service\products-service\target\classes\com\substring\easybuy\products\config\DbInitializer.class]: Unsatisfied dependency expressed through constructor parameter 0: Error creating bean with name 'productRepo' defined in com.substring.easybuy.products.repository.ProductRepo defined in @EnableJpaRepositories declared on DataJpaRepositoriesRegistrar.EnableJpaRepositoriesConfiguration: Query validation failed for 'SELECT p FROM Product p WHERE LOWER(p.title) LIKE LOWER(CONCAT('%', :query, '%')) OR LOWER(p.shortDescription) LIKE LOWER(CONCAT('%', :query, '%'))'
	at org.springframework.beans.factory.support.ConstructorResolver.createArgumentArray(ConstructorResolver.java:804)
	at org.springframework.beans.factory.support.ConstructorResolver.autowireConstructor(ConstructorResolver.java:240)
	at org.springframework.beans.factory.support.AbstractAutowireCapableBeanFactory.autowireConstructor(AbstractAutowireCapableBeanFactory.java:1382)
	at org.springframework.beans.factory.support.AbstractAutowireCapableBeanFactory.createBeanInstance(AbstractAutowireCapableBeanFactory.java:1221)
	at org.springframework.beans.factory.support.AbstractAutowireCapableBeanFactory.doCreateBean(AbstractAutowireCapableBeanFactory.java:565)
	at org.springframework.beans.factory.support.AbstractAutowireCapableBeanFactory.createBean(AbstractAutowireCapableBeanFactory.java:525)
	at org.springframework.beans.factory.support.AbstractBeanFactory.lambda$doGetBean$0(AbstractBeanFactory.java:333)
	at org.springframework.beans.factory.support.DefaultSingletonBeanRegistry.getSingleton(DefaultSingletonBeanRegistry.java:371)
	at org.springframework.beans.factory.support.AbstractBeanFactory.doGetBean(AbstractBeanFactory.java:331)
	at org.springframework.beans.factory.support.AbstractBeanFactory.getBean(AbstractBeanFactory.java:196)
	at org.springframework.beans.factory.support.DefaultListableBeanFactory.instantiateSingleton(DefaultListableBeanFactory.java:1218)
	at org.springframework.beans.factory.support.DefaultListableBeanFactory.preInstantiateSingleton(DefaultListableBeanFactory.java:1184)
	at org.springframework.beans.factory.support.DefaultListableBeanFactory.preInstantiateSingletons(DefaultListableBeanFactory.java:1121)
	at org.springframework.context.support.AbstractApplicationContext.finishBeanFactoryInitialization(AbstractApplicationContext.java:994)
	at org.springframework.context.support.AbstractApplicationContext.refresh(AbstractApplicationContext.java:621)
	at org.springframework.boot.web.server.servlet.context.ServletWebServerApplicationContext.refresh(ServletWebServerApplicationContext.java:143)
	at org.springframework.boot.SpringApplication.refresh(SpringApplication.java:756)
	at org.springframework.boot.SpringApplication.refreshContext(SpringApplication.java:445)
	at org.springframework.boot.SpringApplication.run(SpringApplication.java:321)
	at org.springframework.boot.SpringApplication.run(SpringApplication.java:1365)
	at org.springframework.boot.SpringApplication.run(SpringApplication.java:1354)
	at com.substring.easybuy.products.ProductsServiceApplication.main(ProductsServiceApplication.java:23)
Caused by: org.springframework.beans.factory.BeanCreationException: Error creating bean with name 'productRepo' defined in com.substring.easybuy.products.repository.ProductRepo defined in @EnableJpaRepositories declared on DataJpaRepositoriesRegistrar.EnableJpaRepositoriesConfiguration: Query validation failed for 'SELECT p FROM Product p WHERE LOWER(p.title) LIKE LOWER(CONCAT('%', :query, '%')) OR LOWER(p.shortDescription) LIKE LOWER(CONCAT('%', :query, '%'))'
	at org.springframework.beans.factory.support.AbstractAutowireCapableBeanFactory.initializeBean(AbstractAutowireCapableBeanFactory.java:1817)
	at org.springframework.beans.factory.support.AbstractAutowireCapableBeanFactory.doCreateBean(AbstractAutowireCapableBeanFactory.java:603)
	at org.springframework.beans.factory.support.AbstractAutowireCapableBeanFactory.createBean(AbstractAutowireCapableBeanFactory.java:525)
	at org.springframework.beans.factory.support.AbstractBeanFactory.lambda$doGetBean$0(AbstractBeanFactory.java:333)
	at org.springframework.beans.factory.support.DefaultSingletonBeanRegistry.getSingleton(DefaultSingletonBeanRegistry.java:371)
	at org.springframework.beans.factory.support.AbstractBeanFactory.doGetBean(AbstractBeanFactory.java:331)
	at org.springframework.beans.factory.support.AbstractBeanFactory.getBean(AbstractBeanFactory.java:201)
	at org.springframework.beans.factory.support.DefaultListableBeanFactory.resolveBean(DefaultListableBeanFactory.java:1225)
	at org.springframework.beans.factory.support.DefaultListableBeanFactory.doResolveDependency(DefaultListableBeanFactory.java:1704)
	at org.springframework.beans.factory.support.DefaultListableBeanFactory.resolveDependency(DefaultListableBeanFactory.java:1651)
	at org.springframework.beans.factory.support.ConstructorResolver.resolveAutowiredArgument(ConstructorResolver.java:912)
	at org.springframework.beans.factory.support.ConstructorResolver.createArgumentArray(ConstructorResolver.java:791)
	... 21 common frames omitted
Caused by: org.springframework.data.repository.query.QueryCreationException: Cannot create query for method [ProductRepo.searchProducts(java.lang.String,org.springframework.data.domain.Pageable)]; Query validation failed for 'SELECT p FROM Product p WHERE LOWER(p.title) LIKE LOWER(CONCAT('%', :query, '%')) OR LOWER(p.shortDescription) LIKE LOWER(CONCAT('%', :query, '%'))'
	at org.springframework.data.repository.query.QueryCreationException.create(QueryCreationException.java:139)
	at org.springframework.data.repository.query.QueryCreationException.create(QueryCreationException.java:124)
	at org.springframework.data.jpa.repository.query.SimpleJpaQuery.validateQuery(SimpleJpaQuery.java:78)
	at org.springframework.data.jpa.repository.query.SimpleJpaQuery.<init>(SimpleJpaQuery.java:52)
	at org.springframework.data.jpa.repository.query.JpaQueryLookupStrategy$DeclaredQueryLookupStrategy.createStringQuery(JpaQueryLookupStrategy.java:228)
	at org.springframework.data.jpa.repository.query.JpaQueryLookupStrategy$DeclaredQueryLookupStrategy.resolveQuery(JpaQueryLookupStrategy.java:160)
	at org.springframework.data.jpa.repository.query.JpaQueryLookupStrategy$CreateIfNotFoundQueryLookupStrategy.resolveQuery(JpaQueryLookupStrategy.java:285)
	at org.springframework.data.jpa.repository.query.JpaQueryLookupStrategy$AbstractQueryLookupStrategy.resolveQuery(JpaQueryLookupStrategy.java:93)
	at org.springframework.data.repository.core.support.QueryExecutorMethodInterceptor.lookupQuery(QueryExecutorMethodInterceptor.java:114)
	at org.springframework.data.repository.core.support.QueryExecutorMethodInterceptor.mapMethodsToQuery(QueryExecutorMethodInterceptor.java:102)
	at org.springframework.data.repository.core.support.QueryExecutorMethodInterceptor.<init>(QueryExecutorMethodInterceptor.java:90)
	at org.springframework.data.repository.core.support.RepositoryFactorySupport.getRepository(RepositoryFactorySupport.java:413)
	at org.springframework.data.repository.core.support.RepositoryFactoryBeanSupport.lambda$afterPropertiesSet$1(RepositoryFactoryBeanSupport.java:361)
	at org.springframework.data.util.Lazy.getNullable(Lazy.java:136)
	at org.springframework.data.util.Lazy.get(Lazy.java:114)
	at org.springframework.data.repository.core.support.RepositoryFactoryBeanSupport.afterPropertiesSet(RepositoryFactoryBeanSupport.java:370)
	at org.springframework.data.jpa.repository.support.JpaRepositoryFactoryBean.afterPropertiesSet(JpaRepositoryFactoryBean.java:212)
	at org.springframework.beans.factory.support.AbstractAutowireCapableBeanFactory.invokeInitMethods(AbstractAutowireCapableBeanFactory.java:1864)
	at org.springframework.beans.factory.support.AbstractAutowireCapableBeanFactory.initializeBean(AbstractAutowireCapableBeanFactory.java:1813)
	... 32 common frames omitted
Caused by: java.lang.IllegalArgumentException: org.hibernate.query.sqm.UnknownPathException: Could not resolve attribute 'shortDescription' of 'com.substring.easybuy.products.entity.Product' [SELECT p FROM Product p WHERE LOWER(p.title) LIKE LOWER(CONCAT('%', :query, '%')) OR LOWER(p.shortDescription) LIKE LOWER(CONCAT('%', :query, '%'))]
	at org.hibernate.internal.ExceptionConverterImpl.convert(ExceptionConverterImpl.java:129)
	at org.hibernate.internal.ExceptionConverterImpl.convert(ExceptionConverterImpl.java:168)
	at org.hibernate.internal.ExceptionConverterImpl.convert(ExceptionConverterImpl.java:174)
	at org.hibernate.internal.AbstractSharedSessionContract.createQuery(AbstractSharedSessionContract.java:1010)
	at org.hibernate.internal.SessionImpl.createQuery(SessionImpl.java:155)
	at org.hibernate.internal.AbstractSharedSessionContract.createQuery(AbstractSharedSessionContract.java:919)
	at org.hibernate.internal.SessionImpl.createQuery(SessionImpl.java:155)
	at org.hibernate.internal.AbstractSharedSessionContract.createQuery(AbstractSharedSessionContract.java:142)
	at java.base/jdk.internal.reflect.DirectMethodHandleAccessor.invoke(DirectMethodHandleAccessor.java:104)
	at java.base/java.lang.reflect.Method.invoke(Method.java:565)
	at org.springframework.orm.jpa.ExtendedEntityManagerCreator$ExtendedEntityManagerInvocationHandler.invoke(ExtendedEntityManagerCreator.java:362)
	at jdk.proxy3/jdk.proxy3.$Proxy209.createQuery(Unknown Source)
	at org.springframework.data.jpa.repository.query.SimpleJpaQuery.validateQuery(SimpleJpaQuery.java:73)
	... 48 common frames omitted
Caused by: org.hibernate.query.sqm.UnknownPathException: Could not resolve attribute 'shortDescription' of 'com.substring.easybuy.products.entity.Product' [SELECT p FROM Product p WHERE LOWER(p.title) LIKE LOWER(CONCAT('%', :query, '%')) OR LOWER(p.shortDescription) LIKE LOWER(CONCAT('%', :query, '%'))]
	at org.hibernate.query.hql.internal.StandardHqlTranslator.translate(StandardHqlTranslator.java:81)
	at org.hibernate.query.internal.QueryInterpretationCacheStandardImpl.createHqlInterpretation(QueryInterpretationCacheStandardImpl.java:165)
	at org.hibernate.query.internal.QueryInterpretationCacheStandardImpl.resolveHqlInterpretation(QueryInterpretationCacheStandardImpl.java:147)
	at org.hibernate.query.spi.QueryEngine.interpretHql(QueryEngine.java:61)
	at org.hibernate.internal.AbstractSharedSessionContract.interpretHql(AbstractSharedSessionContract.java:951)
	at org.hibernate.internal.AbstractSharedSessionContract.createQuery(AbstractSharedSessionContract.java:1002)
	... 57 common frames omitted
Caused by: org.hibernate.query.sqm.PathElementException: Could not resolve attribute 'shortDescription' of 'com.substring.easybuy.products.entity.Product'
	at org.hibernate.query.sqm.SqmPathSource.getSubPathSource(SqmPathSource.java:94)
	at org.hibernate.query.sqm.tree.domain.AbstractSqmPath.get(AbstractSqmPath.java:223)
	at org.hibernate.query.sqm.tree.domain.AbstractSqmFrom.resolvePathPart(AbstractSqmFrom.java:215)
	at org.hibernate.query.hql.internal.DomainPathPart.resolvePathPart(DomainPathPart.java:39)
	at org.hibernate.query.hql.internal.BasicDotIdentifierConsumer.consumeIdentifier(BasicDotIdentifierConsumer.java:90)
	at org.hibernate.query.hql.internal.SemanticQueryBuilder.visitSimplePath(SemanticQueryBuilder.java:5796)
	at org.hibernate.query.hql.internal.SemanticQueryBuilder.visitGeneralPathFragment(SemanticQueryBuilder.java:5651)
	at org.hibernate.query.hql.internal.SemanticQueryBuilder.visitGeneralPathExpression(SemanticQueryBuilder.java:1821)
	at org.hibernate.grammars.hql.HqlParser$GeneralPathExpressionContext.accept(HqlParser.java:7847)
	at org.antlr.v4.runtime.tree.AbstractParseTreeVisitor.visitChildren(AbstractParseTreeVisitor.java:46)
	at org.hibernate.grammars.hql.HqlParserBaseVisitor.visitBarePrimaryExpression(HqlParserBaseVisitor.java:761)
	at org.hibernate.grammars.hql.HqlParser$BarePrimaryExpressionContext.accept(HqlParser.java:7296)
	at org.antlr.v4.runtime.tree.AbstractParseTreeVisitor.visitChildren(AbstractParseTreeVisitor.java:46)
	at org.hibernate.grammars.hql.HqlParserBaseVisitor.visitExpressionOrPredicate(HqlParserBaseVisitor.java:894)
	at org.hibernate.grammars.hql.HqlParser$ExpressionOrPredicateContext.accept(HqlParser.java:8079)
	at org.hibernate.query.hql.internal.SemanticQueryBuilder.visitFinalFunctionArgument(SemanticQueryBuilder.java:4807)
	at org.hibernate.query.hql.internal.SemanticQueryBuilder.visitGenericFunctionArguments(SemanticQueryBuilder.java:4784)
	at org.hibernate.query.hql.internal.SemanticQueryBuilder.visitGenericFunctionArguments(SemanticQueryBuilder.java:246)
	at org.hibernate.grammars.hql.HqlParser$GenericFunctionArgumentsContext.accept(HqlParser.java:13033)
	at org.hibernate.query.hql.internal.SemanticQueryBuilder.getFunctionArguments(SemanticQueryBuilder.java:4687)
	at org.hibernate.query.hql.internal.SemanticQueryBuilder.visitGenericFunction(SemanticQueryBuilder.java:4563)
	at org.hibernate.grammars.hql.HqlParser$GenericFunctionContext.accept(HqlParser.java:12626)
	at org.antlr.v4.runtime.tree.AbstractParseTreeVisitor.visitChildren(AbstractParseTreeVisitor.java:46)
	at org.hibernate.grammars.hql.HqlParserBaseVisitor.visitFunction(HqlParserBaseVisitor.java:1293)
	at org.hibernate.query.hql.internal.SemanticQueryBuilder.visitFunctionExpression(SemanticQueryBuilder.java:1841)
	at org.hibernate.grammars.hql.HqlParser$FunctionExpressionContext.accept(HqlParser.java:7727)
	at org.antlr.v4.runtime.tree.AbstractParseTreeVisitor.visitChildren(AbstractParseTreeVisitor.java:46)
	at org.hibernate.grammars.hql.HqlParserBaseVisitor.visitBarePrimaryExpression(HqlParserBaseVisitor.java:761)
	at org.hibernate.grammars.hql.HqlParser$BarePrimaryExpressionContext.accept(HqlParser.java:7296)
	at org.hibernate.query.hql.internal.SemanticQueryBuilder.visitLikePredicate(SemanticQueryBuilder.java:3184)
	at org.hibernate.query.hql.internal.SemanticQueryBuilder.visitLikePredicate(SemanticQueryBuilder.java:246)
	at org.hibernate.grammars.hql.HqlParser$LikePredicateContext.accept(HqlParser.java:6367)
	at org.hibernate.query.hql.internal.SemanticQueryBuilder.visitOrPredicate(SemanticQueryBuilder.java:2362)
	at org.hibernate.query.hql.internal.SemanticQueryBuilder.visitOrPredicate(SemanticQueryBuilder.java:246)
	at org.hibernate.grammars.hql.HqlParser$OrPredicateContext.accept(HqlParser.java:6483)
	at org.hibernate.query.hql.internal.SemanticQueryBuilder.visitWhereClause(SemanticQueryBuilder.java:2336)
	at org.hibernate.query.hql.internal.SemanticQueryBuilder.visitWhereClause(SemanticQueryBuilder.java:246)
	at org.hibernate.grammars.hql.HqlParser$WhereClauseContext.accept(HqlParser.java:6146)
	at org.hibernate.query.hql.internal.SemanticQueryBuilder.visitQuery(SemanticQueryBuilder.java:1162)
	at org.hibernate.query.hql.internal.SemanticQueryBuilder.visitQuerySpecExpression(SemanticQueryBuilder.java:955)
	at org.hibernate.query.hql.internal.SemanticQueryBuilder.visitQuerySpecExpression(SemanticQueryBuilder.java:246)
	at org.hibernate.grammars.hql.HqlParser$QuerySpecExpressionContext.accept(HqlParser.java:2113)
	at org.hibernate.query.hql.internal.SemanticQueryBuilder.visitQueryExpression(SemanticQueryBuilder.java:984)
	at org.hibernate.query.hql.internal.SemanticQueryBuilder.visitQueryExpression(SemanticQueryBuilder.java:246)
	at org.hibernate.grammars.hql.HqlParser$QueryExpressionContext.accept(HqlParser.java:2003)
	at org.hibernate.query.hql.internal.SemanticQueryBuilder.visitSelectStatement(SemanticQueryBuilder.java:471)
	at org.hibernate.query.hql.internal.SemanticQueryBuilder.visitStatement(SemanticQueryBuilder.java:430)
	at org.hibernate.query.hql.internal.SemanticQueryBuilder.buildSemanticModel(SemanticQueryBuilder.java:291)
	at org.hibernate.query.hql.internal.StandardHqlTranslator.translate(StandardHqlTranslator.java:64)
	... 62 common frames omitted
2026-10-01 11:42:52 INFO  [main] traceId= spanId= c.s.e.p.ProductsServiceApplication : Starting ProductsServiceApplication using Java 25.0.1 with PID 13488 (D:\Live Batches\micro_devops\easy_busy\products-service\products-service\target\classes started by DurgeshLap in D:\Live Batches\micro_devops\easy_busy)
2026-10-01 11:42:52 INFO  [main] traceId= spanId= c.s.e.p.ProductsServiceApplication : The following 1 profile is active: "dev"
2026-10-01 11:42:52 INFO  [main] traceId= spanId= o.s.c.c.c.ConfigServerConfigDataLoader : Fetching config from server at : http://localhost:8079
2026-10-01 11:42:52 INFO  [main] traceId= spanId= o.s.c.c.c.ConfigServerConfigDataLoader : Located environment: name=PRODUCT-SERVICE, profiles=[default], label=null, version=0e01fc454b0e0ba5ee078117cd00eea96b63b038, state=
2026-10-01 11:42:52 INFO  [main] traceId= spanId= o.s.c.c.c.ConfigServerConfigDataLoader : Fetching config from server at : http://localhost:8079
2026-10-01 11:42:52 INFO  [main] traceId= spanId= o.s.c.c.c.ConfigServerConfigDataLoader : Located environment: name=PRODUCT-SERVICE, profiles=[dev], label=null, version=0e01fc454b0e0ba5ee078117cd00eea96b63b038, state=
2026-10-01 11:42:53 INFO  [main] traceId= spanId= o.s.d.r.c.RepositoryConfigurationDelegate : Bootstrapping Spring Data JPA repositories in DEFAULT mode.
2026-10-01 11:42:53 INFO  [main] traceId= spanId= o.s.d.r.c.RepositoryConfigurationDelegate : Finished Spring Data repository scanning in 167 ms. Found 3 JPA repository interfaces.
2026-10-01 11:42:53 INFO  [main] traceId= spanId= o.s.cloud.context.scope.GenericScope : BeanFactory id=188c6a25-ca75-363b-ac0a-f08d12b40ccc
2026-10-01 11:42:54 INFO  [main] traceId= spanId= o.s.boot.tomcat.TomcatWebServer : Tomcat initialized with port 8081 (http)
2026-10-01 11:42:54 INFO  [main] traceId= spanId= o.a.catalina.core.StandardService : Starting service [Tomcat]
2026-10-01 11:42:54 INFO  [main] traceId= spanId= o.a.catalina.core.StandardEngine : Starting Servlet engine: [Apache Tomcat/11.0.21]
2026-10-01 11:42:54 INFO  [main] traceId= spanId= o.s.b.w.c.s.WebApplicationContextInitializer : Root WebApplicationContext: initialization completed in 1960 ms
2026-10-01 11:42:54 INFO  [main] traceId= spanId= org.hibernate.orm.jpa : HHH008540: Processing PersistenceUnitInfo [name: default]
2026-10-01 11:42:54 INFO  [main] traceId= spanId= org.hibernate.orm.core : HHH000001: Hibernate ORM core version 7.2.12.Final
2026-10-01 11:42:55 INFO  [main] traceId= spanId= o.s.o.j.p.SpringPersistenceUnitInfo : No LoadTimeWeaver setup: ignoring JPA class transformer
2026-10-01 11:42:55 INFO  [main] traceId= spanId= com.zaxxer.hikari.HikariDataSource : HikariPool-1 - Starting...
2026-10-01 11:42:55 INFO  [main] traceId= spanId= com.zaxxer.hikari.pool.HikariPool : HikariPool-1 - Added connection org.postgresql.jdbc.PgConnection@61bb5770
2026-10-01 11:42:55 INFO  [main] traceId= spanId= com.zaxxer.hikari.HikariDataSource : HikariPool-1 - Start completed.
2026-10-01 11:42:55 WARN  [main] traceId= spanId= org.hibernate.orm.deprecation : HHH90000025: PostgreSQLDialect does not need to be specified explicitly using 'hibernate.dialect' (remove the property setting and it will be selected by default)
2026-10-01 11:42:55 INFO  [main] traceId= spanId= o.hibernate.orm.connections.pooling : HHH10001005: Database info:
	Database JDBC URL [jdbc:postgresql://localhost:5432/productdb?currentSchema=public]
	Database driver: PostgreSQL JDBC Driver
	Database dialect: PostgreSQLDialect
	Database version: 18.4
	Default catalog/schema: productdb/public
	Autocommit mode: undefined/unknown
	Isolation level: READ_COMMITTED [default READ_COMMITTED]
	JDBC fetch size: none
	Pool: DataSourceConnectionProvider
	Minimum pool size: undefined/unknown
	Maximum pool size: undefined/unknown
2026-10-01 11:42:56 INFO  [main] traceId= spanId= org.hibernate.orm.core : HHH000489: No JTA platform available (set 'hibernate.transaction.jta.platform' to enable JTA platform integration)
2026-10-01 11:42:56 INFO  [main] traceId= spanId= o.s.o.j.LocalContainerEntityManagerFactoryBean : Initialized JPA EntityManagerFactory for persistence unit 'default'
2026-10-01 11:42:57 INFO  [main] traceId= spanId= o.s.d.j.r.q.QueryEnhancerFactories : Hibernate is in classpath; If applicable, HQL parser will be used.
2026-10-01 11:42:57 WARN  [main] traceId= spanId= o.s.b.w.s.s.c.AnnotationConfigServletWebServerApplicationContext : Exception encountered during context initialization - cancelling refresh attempt: org.springframework.beans.factory.UnsatisfiedDependencyException: Error creating bean with name 'dbInitializer' defined in file [D:\Live Batches\micro_devops\easy_busy\products-service\products-service\target\classes\com\substring\easybuy\products\config\DbInitializer.class]: Unsatisfied dependency expressed through constructor parameter 0: Error creating bean with name 'productRepo' defined in com.substring.easybuy.products.repository.ProductRepo defined in @EnableJpaRepositories declared on DataJpaRepositoriesRegistrar.EnableJpaRepositoriesConfiguration: Query validation failed for 'SELECT p FROM Product p WHERE LOWER(p.title) LIKE LOWER(CONCAT('%', :query, '%')) OR LOWER(p.shortDescription) LIKE LOWER(CONCAT('%', :query, '%'))'
2026-10-01 11:42:57 INFO  [main] traceId= spanId= o.s.o.j.LocalContainerEntityManagerFactoryBean : Closing JPA EntityManagerFactory for persistence unit 'default'
2026-10-01 11:42:57 INFO  [main] traceId= spanId= com.zaxxer.hikari.HikariDataSource : HikariPool-1 - Shutdown initiated...
2026-10-01 11:42:57 INFO  [main] traceId= spanId= com.zaxxer.hikari.HikariDataSource : HikariPool-1 - Shutdown completed.
2026-10-01 11:42:57 INFO  [main] traceId= spanId= o.a.catalina.core.StandardService : Stopping service [Tomcat]
2026-10-01 11:42:57 INFO  [main] traceId= spanId= o.s.b.a.l.ConditionEvaluationReportLogger : 

Error starting ApplicationContext. To display the condition evaluation report re-run your application with 'debug' enabled.
2026-10-01 11:42:57 ERROR [main] traceId= spanId= o.s.boot.SpringApplication : Application run failed
org.springframework.beans.factory.UnsatisfiedDependencyException: Error creating bean with name 'dbInitializer' defined in file [D:\Live Batches\micro_devops\easy_busy\products-service\products-service\target\classes\com\substring\easybuy\products\config\DbInitializer.class]: Unsatisfied dependency expressed through constructor parameter 0: Error creating bean with name 'productRepo' defined in com.substring.easybuy.products.repository.ProductRepo defined in @EnableJpaRepositories declared on DataJpaRepositoriesRegistrar.EnableJpaRepositoriesConfiguration: Query validation failed for 'SELECT p FROM Product p WHERE LOWER(p.title) LIKE LOWER(CONCAT('%', :query, '%')) OR LOWER(p.shortDescription) LIKE LOWER(CONCAT('%', :query, '%'))'
	at org.springframework.beans.factory.support.ConstructorResolver.createArgumentArray(ConstructorResolver.java:804)
	at org.springframework.beans.factory.support.ConstructorResolver.autowireConstructor(ConstructorResolver.java:240)
	at org.springframework.beans.factory.support.AbstractAutowireCapableBeanFactory.autowireConstructor(AbstractAutowireCapableBeanFactory.java:1382)
	at org.springframework.beans.factory.support.AbstractAutowireCapableBeanFactory.createBeanInstance(AbstractAutowireCapableBeanFactory.java:1221)
	at org.springframework.beans.factory.support.AbstractAutowireCapableBeanFactory.doCreateBean(AbstractAutowireCapableBeanFactory.java:565)
	at org.springframework.beans.factory.support.AbstractAutowireCapableBeanFactory.createBean(AbstractAutowireCapableBeanFactory.java:525)
	at org.springframework.beans.factory.support.AbstractBeanFactory.lambda$doGetBean$0(AbstractBeanFactory.java:333)
	at org.springframework.beans.factory.support.DefaultSingletonBeanRegistry.getSingleton(DefaultSingletonBeanRegistry.java:371)
	at org.springframework.beans.factory.support.AbstractBeanFactory.doGetBean(AbstractBeanFactory.java:331)
	at org.springframework.beans.factory.support.AbstractBeanFactory.getBean(AbstractBeanFactory.java:196)
	at org.springframework.beans.factory.support.DefaultListableBeanFactory.instantiateSingleton(DefaultListableBeanFactory.java:1218)
	at org.springframework.beans.factory.support.DefaultListableBeanFactory.preInstantiateSingleton(DefaultListableBeanFactory.java:1184)
	at org.springframework.beans.factory.support.DefaultListableBeanFactory.preInstantiateSingletons(DefaultListableBeanFactory.java:1121)
	at org.springframework.context.support.AbstractApplicationContext.finishBeanFactoryInitialization(AbstractApplicationContext.java:994)
	at org.springframework.context.support.AbstractApplicationContext.refresh(AbstractApplicationContext.java:621)
	at org.springframework.boot.web.server.servlet.context.ServletWebServerApplicationContext.refresh(ServletWebServerApplicationContext.java:143)
	at org.springframework.boot.SpringApplication.refresh(SpringApplication.java:756)
	at org.springframework.boot.SpringApplication.refreshContext(SpringApplication.java:445)
	at org.springframework.boot.SpringApplication.run(SpringApplication.java:321)
	at org.springframework.boot.SpringApplication.run(SpringApplication.java:1365)
	at org.springframework.boot.SpringApplication.run(SpringApplication.java:1354)
	at com.substring.easybuy.products.ProductsServiceApplication.main(ProductsServiceApplication.java:23)
Caused by: org.springframework.beans.factory.BeanCreationException: Error creating bean with name 'productRepo' defined in com.substring.easybuy.products.repository.ProductRepo defined in @EnableJpaRepositories declared on DataJpaRepositoriesRegistrar.EnableJpaRepositoriesConfiguration: Query validation failed for 'SELECT p FROM Product p WHERE LOWER(p.title) LIKE LOWER(CONCAT('%', :query, '%')) OR LOWER(p.shortDescription) LIKE LOWER(CONCAT('%', :query, '%'))'
	at org.springframework.beans.factory.support.AbstractAutowireCapableBeanFactory.initializeBean(AbstractAutowireCapableBeanFactory.java:1817)
	at org.springframework.beans.factory.support.AbstractAutowireCapableBeanFactory.doCreateBean(AbstractAutowireCapableBeanFactory.java:603)
	at org.springframework.beans.factory.support.AbstractAutowireCapableBeanFactory.createBean(AbstractAutowireCapableBeanFactory.java:525)
	at org.springframework.beans.factory.support.AbstractBeanFactory.lambda$doGetBean$0(AbstractBeanFactory.java:333)
	at org.springframework.beans.factory.support.DefaultSingletonBeanRegistry.getSingleton(DefaultSingletonBeanRegistry.java:371)
	at org.springframework.beans.factory.support.AbstractBeanFactory.doGetBean(AbstractBeanFactory.java:331)
	at org.springframework.beans.factory.support.AbstractBeanFactory.getBean(AbstractBeanFactory.java:201)
	at org.springframework.beans.factory.support.DefaultListableBeanFactory.resolveBean(DefaultListableBeanFactory.java:1225)
	at org.springframework.beans.factory.support.DefaultListableBeanFactory.doResolveDependency(DefaultListableBeanFactory.java:1704)
	at org.springframework.beans.factory.support.DefaultListableBeanFactory.resolveDependency(DefaultListableBeanFactory.java:1651)
	at org.springframework.beans.factory.support.ConstructorResolver.resolveAutowiredArgument(ConstructorResolver.java:912)
	at org.springframework.beans.factory.support.ConstructorResolver.createArgumentArray(ConstructorResolver.java:791)
	... 21 common frames omitted
Caused by: org.springframework.data.repository.query.QueryCreationException: Cannot create query for method [ProductRepo.searchProducts(java.lang.String,org.springframework.data.domain.Pageable)]; Query validation failed for 'SELECT p FROM Product p WHERE LOWER(p.title) LIKE LOWER(CONCAT('%', :query, '%')) OR LOWER(p.shortDescription) LIKE LOWER(CONCAT('%', :query, '%'))'
	at org.springframework.data.repository.query.QueryCreationException.create(QueryCreationException.java:139)
	at org.springframework.data.repository.query.QueryCreationException.create(QueryCreationException.java:124)
	at org.springframework.data.jpa.repository.query.SimpleJpaQuery.validateQuery(SimpleJpaQuery.java:78)
	at org.springframework.data.jpa.repository.query.SimpleJpaQuery.<init>(SimpleJpaQuery.java:52)
	at org.springframework.data.jpa.repository.query.JpaQueryLookupStrategy$DeclaredQueryLookupStrategy.createStringQuery(JpaQueryLookupStrategy.java:228)
	at org.springframework.data.jpa.repository.query.JpaQueryLookupStrategy$DeclaredQueryLookupStrategy.resolveQuery(JpaQueryLookupStrategy.java:160)
	at org.springframework.data.jpa.repository.query.JpaQueryLookupStrategy$CreateIfNotFoundQueryLookupStrategy.resolveQuery(JpaQueryLookupStrategy.java:285)
	at org.springframework.data.jpa.repository.query.JpaQueryLookupStrategy$AbstractQueryLookupStrategy.resolveQuery(JpaQueryLookupStrategy.java:93)
	at org.springframework.data.repository.core.support.QueryExecutorMethodInterceptor.lookupQuery(QueryExecutorMethodInterceptor.java:114)
	at org.springframework.data.repository.core.support.QueryExecutorMethodInterceptor.mapMethodsToQuery(QueryExecutorMethodInterceptor.java:102)
	at org.springframework.data.repository.core.support.QueryExecutorMethodInterceptor.<init>(QueryExecutorMethodInterceptor.java:90)
	at org.springframework.data.repository.core.support.RepositoryFactorySupport.getRepository(RepositoryFactorySupport.java:413)
	at org.springframework.data.repository.core.support.RepositoryFactoryBeanSupport.lambda$afterPropertiesSet$1(RepositoryFactoryBeanSupport.java:361)
	at org.springframework.data.util.Lazy.getNullable(Lazy.java:136)
	at org.springframework.data.util.Lazy.get(Lazy.java:114)
	at org.springframework.data.repository.core.support.RepositoryFactoryBeanSupport.afterPropertiesSet(RepositoryFactoryBeanSupport.java:370)
	at org.springframework.data.jpa.repository.support.JpaRepositoryFactoryBean.afterPropertiesSet(JpaRepositoryFactoryBean.java:212)
	at org.springframework.beans.factory.support.AbstractAutowireCapableBeanFactory.invokeInitMethods(AbstractAutowireCapableBeanFactory.java:1864)
	at org.springframework.beans.factory.support.AbstractAutowireCapableBeanFactory.initializeBean(AbstractAutowireCapableBeanFactory.java:1813)
	... 32 common frames omitted
Caused by: java.lang.IllegalArgumentException: org.hibernate.query.sqm.UnknownPathException: Could not resolve attribute 'shortDescription' of 'com.substring.easybuy.products.entity.Product' [SELECT p FROM Product p WHERE LOWER(p.title) LIKE LOWER(CONCAT('%', :query, '%')) OR LOWER(p.shortDescription) LIKE LOWER(CONCAT('%', :query, '%'))]
	at org.hibernate.internal.ExceptionConverterImpl.convert(ExceptionConverterImpl.java:129)
	at org.hibernate.internal.ExceptionConverterImpl.convert(ExceptionConverterImpl.java:168)
	at org.hibernate.internal.ExceptionConverterImpl.convert(ExceptionConverterImpl.java:174)
	at org.hibernate.internal.AbstractSharedSessionContract.createQuery(AbstractSharedSessionContract.java:1010)
	at org.hibernate.internal.SessionImpl.createQuery(SessionImpl.java:155)
	at org.hibernate.internal.AbstractSharedSessionContract.createQuery(AbstractSharedSessionContract.java:919)
	at org.hibernate.internal.SessionImpl.createQuery(SessionImpl.java:155)
	at org.hibernate.internal.AbstractSharedSessionContract.createQuery(AbstractSharedSessionContract.java:142)
	at java.base/jdk.internal.reflect.DirectMethodHandleAccessor.invoke(DirectMethodHandleAccessor.java:104)
	at java.base/java.lang.reflect.Method.invoke(Method.java:565)
	at org.springframework.orm.jpa.ExtendedEntityManagerCreator$ExtendedEntityManagerInvocationHandler.invoke(ExtendedEntityManagerCreator.java:362)
	at jdk.proxy3/jdk.proxy3.$Proxy209.createQuery(Unknown Source)
	at org.springframework.data.jpa.repository.query.SimpleJpaQuery.validateQuery(SimpleJpaQuery.java:73)
	... 48 common frames omitted
Caused by: org.hibernate.query.sqm.UnknownPathException: Could not resolve attribute 'shortDescription' of 'com.substring.easybuy.products.entity.Product' [SELECT p FROM Product p WHERE LOWER(p.title) LIKE LOWER(CONCAT('%', :query, '%')) OR LOWER(p.shortDescription) LIKE LOWER(CONCAT('%', :query, '%'))]
	at org.hibernate.query.hql.internal.StandardHqlTranslator.translate(StandardHqlTranslator.java:81)
	at org.hibernate.query.internal.QueryInterpretationCacheStandardImpl.createHqlInterpretation(QueryInterpretationCacheStandardImpl.java:165)
	at org.hibernate.query.internal.QueryInterpretationCacheStandardImpl.resolveHqlInterpretation(QueryInterpretationCacheStandardImpl.java:147)
	at org.hibernate.query.spi.QueryEngine.interpretHql(QueryEngine.java:61)
	at org.hibernate.internal.AbstractSharedSessionContract.interpretHql(AbstractSharedSessionContract.java:951)
	at org.hibernate.internal.AbstractSharedSessionContract.createQuery(AbstractSharedSessionContract.java:1002)
	... 57 common frames omitted
Caused by: org.hibernate.query.sqm.PathElementException: Could not resolve attribute 'shortDescription' of 'com.substring.easybuy.products.entity.Product'
	at org.hibernate.query.sqm.SqmPathSource.getSubPathSource(SqmPathSource.java:94)
	at org.hibernate.query.sqm.tree.domain.AbstractSqmPath.get(AbstractSqmPath.java:223)
	at org.hibernate.query.sqm.tree.domain.AbstractSqmFrom.resolvePathPart(AbstractSqmFrom.java:215)
	at org.hibernate.query.hql.internal.DomainPathPart.resolvePathPart(DomainPathPart.java:39)
	at org.hibernate.query.hql.internal.BasicDotIdentifierConsumer.consumeIdentifier(BasicDotIdentifierConsumer.java:90)
	at org.hibernate.query.hql.internal.SemanticQueryBuilder.visitSimplePath(SemanticQueryBuilder.java:5796)
	at org.hibernate.query.hql.internal.SemanticQueryBuilder.visitGeneralPathFragment(SemanticQueryBuilder.java:5651)
	at org.hibernate.query.hql.internal.SemanticQueryBuilder.visitGeneralPathExpression(SemanticQueryBuilder.java:1821)
	at org.hibernate.grammars.hql.HqlParser$GeneralPathExpressionContext.accept(HqlParser.java:7847)
	at org.antlr.v4.runtime.tree.AbstractParseTreeVisitor.visitChildren(AbstractParseTreeVisitor.java:46)
	at org.hibernate.grammars.hql.HqlParserBaseVisitor.visitBarePrimaryExpression(HqlParserBaseVisitor.java:761)
	at org.hibernate.grammars.hql.HqlParser$BarePrimaryExpressionContext.accept(HqlParser.java:7296)
	at org.antlr.v4.runtime.tree.AbstractParseTreeVisitor.visitChildren(AbstractParseTreeVisitor.java:46)
	at org.hibernate.grammars.hql.HqlParserBaseVisitor.visitExpressionOrPredicate(HqlParserBaseVisitor.java:894)
	at org.hibernate.grammars.hql.HqlParser$ExpressionOrPredicateContext.accept(HqlParser.java:8079)
	at org.hibernate.query.hql.internal.SemanticQueryBuilder.visitFinalFunctionArgument(SemanticQueryBuilder.java:4807)
	at org.hibernate.query.hql.internal.SemanticQueryBuilder.visitGenericFunctionArguments(SemanticQueryBuilder.java:4784)
	at org.hibernate.query.hql.internal.SemanticQueryBuilder.visitGenericFunctionArguments(SemanticQueryBuilder.java:246)
	at org.hibernate.grammars.hql.HqlParser$GenericFunctionArgumentsContext.accept(HqlParser.java:13033)
	at org.hibernate.query.hql.internal.SemanticQueryBuilder.getFunctionArguments(SemanticQueryBuilder.java:4687)
	at org.hibernate.query.hql.internal.SemanticQueryBuilder.visitGenericFunction(SemanticQueryBuilder.java:4563)
	at org.hibernate.grammars.hql.HqlParser$GenericFunctionContext.accept(HqlParser.java:12626)
	at org.antlr.v4.runtime.tree.AbstractParseTreeVisitor.visitChildren(AbstractParseTreeVisitor.java:46)
	at org.hibernate.grammars.hql.HqlParserBaseVisitor.visitFunction(HqlParserBaseVisitor.java:1293)
	at org.hibernate.query.hql.internal.SemanticQueryBuilder.visitFunctionExpression(SemanticQueryBuilder.java:1841)
	at org.hibernate.grammars.hql.HqlParser$FunctionExpressionContext.accept(HqlParser.java:7727)
	at org.antlr.v4.runtime.tree.AbstractParseTreeVisitor.visitChildren(AbstractParseTreeVisitor.java:46)
	at org.hibernate.grammars.hql.HqlParserBaseVisitor.visitBarePrimaryExpression(HqlParserBaseVisitor.java:761)
	at org.hibernate.grammars.hql.HqlParser$BarePrimaryExpressionContext.accept(HqlParser.java:7296)
	at org.hibernate.query.hql.internal.SemanticQueryBuilder.visitLikePredicate(SemanticQueryBuilder.java:3184)
	at org.hibernate.query.hql.internal.SemanticQueryBuilder.visitLikePredicate(SemanticQueryBuilder.java:246)
	at org.hibernate.grammars.hql.HqlParser$LikePredicateContext.accept(HqlParser.java:6367)
	at org.hibernate.query.hql.internal.SemanticQueryBuilder.visitOrPredicate(SemanticQueryBuilder.java:2362)
	at org.hibernate.query.hql.internal.SemanticQueryBuilder.visitOrPredicate(SemanticQueryBuilder.java:246)
	at org.hibernate.grammars.hql.HqlParser$OrPredicateContext.accept(HqlParser.java:6483)
	at org.hibernate.query.hql.internal.SemanticQueryBuilder.visitWhereClause(SemanticQueryBuilder.java:2336)
	at org.hibernate.query.hql.internal.SemanticQueryBuilder.visitWhereClause(SemanticQueryBuilder.java:246)
	at org.hibernate.grammars.hql.HqlParser$WhereClauseContext.accept(HqlParser.java:6146)
	at org.hibernate.query.hql.internal.SemanticQueryBuilder.visitQuery(SemanticQueryBuilder.java:1162)
	at org.hibernate.query.hql.internal.SemanticQueryBuilder.visitQuerySpecExpression(SemanticQueryBuilder.java:955)
	at org.hibernate.query.hql.internal.SemanticQueryBuilder.visitQuerySpecExpression(SemanticQueryBuilder.java:246)
	at org.hibernate.grammars.hql.HqlParser$QuerySpecExpressionContext.accept(HqlParser.java:2113)
	at org.hibernate.query.hql.internal.SemanticQueryBuilder.visitQueryExpression(SemanticQueryBuilder.java:984)
	at org.hibernate.query.hql.internal.SemanticQueryBuilder.visitQueryExpression(SemanticQueryBuilder.java:246)
	at org.hibernate.grammars.hql.HqlParser$QueryExpressionContext.accept(HqlParser.java:2003)
	at org.hibernate.query.hql.internal.SemanticQueryBuilder.visitSelectStatement(SemanticQueryBuilder.java:471)
	at org.hibernate.query.hql.internal.SemanticQueryBuilder.visitStatement(SemanticQueryBuilder.java:430)
	at org.hibernate.query.hql.internal.SemanticQueryBuilder.buildSemanticModel(SemanticQueryBuilder.java:291)
	at org.hibernate.query.hql.internal.StandardHqlTranslator.translate(StandardHqlTranslator.java:64)
	... 62 common frames omitted
2026-10-01 11:44:41 INFO  [main] traceId= spanId= c.s.e.p.ProductsServiceApplication : Starting ProductsServiceApplication using Java 25.0.1 with PID 30440 (D:\Live Batches\micro_devops\easy_busy\products-service\products-service\target\classes started by DurgeshLap in D:\Live Batches\micro_devops\easy_busy)
2026-10-01 11:44:41 INFO  [main] traceId= spanId= c.s.e.p.ProductsServiceApplication : The following 1 profile is active: "dev"
2026-10-01 11:44:42 INFO  [main] traceId= spanId= o.s.c.c.c.ConfigServerConfigDataLoader : Fetching config from server at : http://localhost:8079
2026-10-01 11:44:42 INFO  [main] traceId= spanId= o.s.c.c.c.ConfigServerConfigDataLoader : Located environment: name=PRODUCT-SERVICE, profiles=[default], label=null, version=0e01fc454b0e0ba5ee078117cd00eea96b63b038, state=
2026-10-01 11:44:42 INFO  [main] traceId= spanId= o.s.c.c.c.ConfigServerConfigDataLoader : Fetching config from server at : http://localhost:8079
2026-10-01 11:44:42 INFO  [main] traceId= spanId= o.s.c.c.c.ConfigServerConfigDataLoader : Located environment: name=PRODUCT-SERVICE, profiles=[dev], label=null, version=0e01fc454b0e0ba5ee078117cd00eea96b63b038, state=
2026-10-01 11:44:43 INFO  [main] traceId= spanId= o.s.d.r.c.RepositoryConfigurationDelegate : Bootstrapping Spring Data JPA repositories in DEFAULT mode.
2026-10-01 11:44:43 INFO  [main] traceId= spanId= o.s.d.r.c.RepositoryConfigurationDelegate : Finished Spring Data repository scanning in 462 ms. Found 3 JPA repository interfaces.
2026-10-01 11:44:44 INFO  [main] traceId= spanId= o.s.cloud.context.scope.GenericScope : BeanFactory id=188c6a25-ca75-363b-ac0a-f08d12b40ccc
2026-10-01 11:44:45 INFO  [main] traceId= spanId= o.s.boot.tomcat.TomcatWebServer : Tomcat initialized with port 8081 (http)
2026-10-01 11:44:45 INFO  [main] traceId= spanId= o.a.catalina.core.StandardService : Starting service [Tomcat]
2026-10-01 11:44:45 INFO  [main] traceId= spanId= o.a.catalina.core.StandardEngine : Starting Servlet engine: [Apache Tomcat/11.0.21]
2026-10-01 11:44:45 INFO  [main] traceId= spanId= o.s.b.w.c.s.WebApplicationContextInitializer : Root WebApplicationContext: initialization completed in 3152 ms
2026-10-01 11:44:45 INFO  [main] traceId= spanId= org.hibernate.orm.jpa : HHH008540: Processing PersistenceUnitInfo [name: default]
2026-10-01 11:44:45 INFO  [main] traceId= spanId= org.hibernate.orm.core : HHH000001: Hibernate ORM core version 7.2.12.Final
2026-10-01 11:44:46 INFO  [main] traceId= spanId= o.s.o.j.p.SpringPersistenceUnitInfo : No LoadTimeWeaver setup: ignoring JPA class transformer
2026-10-01 11:44:46 INFO  [main] traceId= spanId= com.zaxxer.hikari.HikariDataSource : HikariPool-1 - Starting...
2026-10-01 11:44:46 INFO  [main] traceId= spanId= com.zaxxer.hikari.pool.HikariPool : HikariPool-1 - Added connection org.postgresql.jdbc.PgConnection@9bd43b7
2026-10-01 11:44:46 INFO  [main] traceId= spanId= com.zaxxer.hikari.HikariDataSource : HikariPool-1 - Start completed.
2026-10-01 11:44:46 WARN  [main] traceId= spanId= org.hibernate.orm.deprecation : HHH90000025: PostgreSQLDialect does not need to be specified explicitly using 'hibernate.dialect' (remove the property setting and it will be selected by default)
2026-10-01 11:44:46 INFO  [main] traceId= spanId= o.hibernate.orm.connections.pooling : HHH10001005: Database info:
	Database JDBC URL [jdbc:postgresql://localhost:5432/productdb?currentSchema=public]
	Database driver: PostgreSQL JDBC Driver
	Database dialect: PostgreSQLDialect
	Database version: 18.4
	Default catalog/schema: productdb/public
	Autocommit mode: undefined/unknown
	Isolation level: READ_COMMITTED [default READ_COMMITTED]
	JDBC fetch size: none
	Pool: DataSourceConnectionProvider
	Minimum pool size: undefined/unknown
	Maximum pool size: undefined/unknown
2026-10-01 11:44:47 INFO  [main] traceId= spanId= org.hibernate.orm.core : HHH000489: No JTA platform available (set 'hibernate.transaction.jta.platform' to enable JTA platform integration)
2026-10-01 11:44:47 INFO  [main] traceId= spanId= o.s.o.j.LocalContainerEntityManagerFactoryBean : Initialized JPA EntityManagerFactory for persistence unit 'default'
2026-10-01 11:44:48 INFO  [main] traceId= spanId= o.s.d.j.r.q.QueryEnhancerFactories : Hibernate is in classpath; If applicable, HQL parser will be used.
2026-10-01 11:44:48 WARN  [main] traceId= spanId= o.s.b.w.s.s.c.AnnotationConfigServletWebServerApplicationContext : Exception encountered during context initialization - cancelling refresh attempt: org.springframework.beans.factory.UnsatisfiedDependencyException: Error creating bean with name 'dbInitializer' defined in file [D:\Live Batches\micro_devops\easy_busy\products-service\products-service\target\classes\com\substring\easybuy\products\config\DbInitializer.class]: Unsatisfied dependency expressed through constructor parameter 0: Error creating bean with name 'productRepo' defined in com.substring.easybuy.products.repository.ProductRepo defined in @EnableJpaRepositories declared on DataJpaRepositoriesRegistrar.EnableJpaRepositoriesConfiguration: Query validation failed for 'SELECT p FROM Product p WHERE LOWER(p.title) LIKE LOWER(CONCAT('%', :query, '%')) OR LOWER(p.shortDescription) LIKE LOWER(CONCAT('%', :query, '%'))'
2026-10-01 11:44:48 INFO  [main] traceId= spanId= o.s.o.j.LocalContainerEntityManagerFactoryBean : Closing JPA EntityManagerFactory for persistence unit 'default'
2026-10-01 11:44:48 INFO  [main] traceId= spanId= com.zaxxer.hikari.HikariDataSource : HikariPool-1 - Shutdown initiated...
2026-10-01 11:44:48 INFO  [main] traceId= spanId= com.zaxxer.hikari.HikariDataSource : HikariPool-1 - Shutdown completed.
2026-10-01 11:44:48 INFO  [main] traceId= spanId= o.a.catalina.core.StandardService : Stopping service [Tomcat]
2026-10-01 11:44:48 INFO  [main] traceId= spanId= o.s.b.a.l.ConditionEvaluationReportLogger : 

Error starting ApplicationContext. To display the condition evaluation report re-run your application with 'debug' enabled.
2026-10-01 11:44:49 ERROR [main] traceId= spanId= o.s.boot.SpringApplication : Application run failed
org.springframework.beans.factory.UnsatisfiedDependencyException: Error creating bean with name 'dbInitializer' defined in file [D:\Live Batches\micro_devops\easy_busy\products-service\products-service\target\classes\com\substring\easybuy\products\config\DbInitializer.class]: Unsatisfied dependency expressed through constructor parameter 0: Error creating bean with name 'productRepo' defined in com.substring.easybuy.products.repository.ProductRepo defined in @EnableJpaRepositories declared on DataJpaRepositoriesRegistrar.EnableJpaRepositoriesConfiguration: Query validation failed for 'SELECT p FROM Product p WHERE LOWER(p.title) LIKE LOWER(CONCAT('%', :query, '%')) OR LOWER(p.shortDescription) LIKE LOWER(CONCAT('%', :query, '%'))'
	at org.springframework.beans.factory.support.ConstructorResolver.createArgumentArray(ConstructorResolver.java:804)
	at org.springframework.beans.factory.support.ConstructorResolver.autowireConstructor(ConstructorResolver.java:240)
	at org.springframework.beans.factory.support.AbstractAutowireCapableBeanFactory.autowireConstructor(AbstractAutowireCapableBeanFactory.java:1382)
	at org.springframework.beans.factory.support.AbstractAutowireCapableBeanFactory.createBeanInstance(AbstractAutowireCapableBeanFactory.java:1221)
	at org.springframework.beans.factory.support.AbstractAutowireCapableBeanFactory.doCreateBean(AbstractAutowireCapableBeanFactory.java:565)
	at org.springframework.beans.factory.support.AbstractAutowireCapableBeanFactory.createBean(AbstractAutowireCapableBeanFactory.java:525)
	at org.springframework.beans.factory.support.AbstractBeanFactory.lambda$doGetBean$0(AbstractBeanFactory.java:333)
	at org.springframework.beans.factory.support.DefaultSingletonBeanRegistry.getSingleton(DefaultSingletonBeanRegistry.java:371)
	at org.springframework.beans.factory.support.AbstractBeanFactory.doGetBean(AbstractBeanFactory.java:331)
	at org.springframework.beans.factory.support.AbstractBeanFactory.getBean(AbstractBeanFactory.java:196)
	at org.springframework.beans.factory.support.DefaultListableBeanFactory.instantiateSingleton(DefaultListableBeanFactory.java:1218)
	at org.springframework.beans.factory.support.DefaultListableBeanFactory.preInstantiateSingleton(DefaultListableBeanFactory.java:1184)
	at org.springframework.beans.factory.support.DefaultListableBeanFactory.preInstantiateSingletons(DefaultListableBeanFactory.java:1121)
	at org.springframework.context.support.AbstractApplicationContext.finishBeanFactoryInitialization(AbstractApplicationContext.java:994)
	at org.springframework.context.support.AbstractApplicationContext.refresh(AbstractApplicationContext.java:621)
	at org.springframework.boot.web.server.servlet.context.ServletWebServerApplicationContext.refresh(ServletWebServerApplicationContext.java:143)
	at org.springframework.boot.SpringApplication.refresh(SpringApplication.java:756)
	at org.springframework.boot.SpringApplication.refreshContext(SpringApplication.java:445)
	at org.springframework.boot.SpringApplication.run(SpringApplication.java:321)
	at org.springframework.boot.SpringApplication.run(SpringApplication.java:1365)
	at org.springframework.boot.SpringApplication.run(SpringApplication.java:1354)
	at com.substring.easybuy.products.ProductsServiceApplication.main(ProductsServiceApplication.java:23)
Caused by: org.springframework.beans.factory.BeanCreationException: Error creating bean with name 'productRepo' defined in com.substring.easybuy.products.repository.ProductRepo defined in @EnableJpaRepositories declared on DataJpaRepositoriesRegistrar.EnableJpaRepositoriesConfiguration: Query validation failed for 'SELECT p FROM Product p WHERE LOWER(p.title) LIKE LOWER(CONCAT('%', :query, '%')) OR LOWER(p.shortDescription) LIKE LOWER(CONCAT('%', :query, '%'))'
	at org.springframework.beans.factory.support.AbstractAutowireCapableBeanFactory.initializeBean(AbstractAutowireCapableBeanFactory.java:1817)
	at org.springframework.beans.factory.support.AbstractAutowireCapableBeanFactory.doCreateBean(AbstractAutowireCapableBeanFactory.java:603)
	at org.springframework.beans.factory.support.AbstractAutowireCapableBeanFactory.createBean(AbstractAutowireCapableBeanFactory.java:525)
	at org.springframework.beans.factory.support.AbstractBeanFactory.lambda$doGetBean$0(AbstractBeanFactory.java:333)
	at org.springframework.beans.factory.support.DefaultSingletonBeanRegistry.getSingleton(DefaultSingletonBeanRegistry.java:371)
	at org.springframework.beans.factory.support.AbstractBeanFactory.doGetBean(AbstractBeanFactory.java:331)
	at org.springframework.beans.factory.support.AbstractBeanFactory.getBean(AbstractBeanFactory.java:201)
	at org.springframework.beans.factory.support.DefaultListableBeanFactory.resolveBean(DefaultListableBeanFactory.java:1225)
	at org.springframework.beans.factory.support.DefaultListableBeanFactory.doResolveDependency(DefaultListableBeanFactory.java:1704)
	at org.springframework.beans.factory.support.DefaultListableBeanFactory.resolveDependency(DefaultListableBeanFactory.java:1651)
	at org.springframework.beans.factory.support.ConstructorResolver.resolveAutowiredArgument(ConstructorResolver.java:912)
	at org.springframework.beans.factory.support.ConstructorResolver.createArgumentArray(ConstructorResolver.java:791)
	... 21 common frames omitted
Caused by: org.springframework.data.repository.query.QueryCreationException: Cannot create query for method [ProductRepo.searchProducts(java.lang.String,org.springframework.data.domain.Pageable)]; Query validation failed for 'SELECT p FROM Product p WHERE LOWER(p.title) LIKE LOWER(CONCAT('%', :query, '%')) OR LOWER(p.shortDescription) LIKE LOWER(CONCAT('%', :query, '%'))'
	at org.springframework.data.repository.query.QueryCreationException.create(QueryCreationException.java:139)
	at org.springframework.data.repository.query.QueryCreationException.create(QueryCreationException.java:124)
	at org.springframework.data.jpa.repository.query.SimpleJpaQuery.validateQuery(SimpleJpaQuery.java:78)
	at org.springframework.data.jpa.repository.query.SimpleJpaQuery.<init>(SimpleJpaQuery.java:52)
	at org.springframework.data.jpa.repository.query.JpaQueryLookupStrategy$DeclaredQueryLookupStrategy.createStringQuery(JpaQueryLookupStrategy.java:228)
	at org.springframework.data.jpa.repository.query.JpaQueryLookupStrategy$DeclaredQueryLookupStrategy.resolveQuery(JpaQueryLookupStrategy.java:160)
	at org.springframework.data.jpa.repository.query.JpaQueryLookupStrategy$CreateIfNotFoundQueryLookupStrategy.resolveQuery(JpaQueryLookupStrategy.java:285)
	at org.springframework.data.jpa.repository.query.JpaQueryLookupStrategy$AbstractQueryLookupStrategy.resolveQuery(JpaQueryLookupStrategy.java:93)
	at org.springframework.data.repository.core.support.QueryExecutorMethodInterceptor.lookupQuery(QueryExecutorMethodInterceptor.java:114)
	at org.springframework.data.repository.core.support.QueryExecutorMethodInterceptor.mapMethodsToQuery(QueryExecutorMethodInterceptor.java:102)
	at org.springframework.data.repository.core.support.QueryExecutorMethodInterceptor.<init>(QueryExecutorMethodInterceptor.java:90)
	at org.springframework.data.repository.core.support.RepositoryFactorySupport.getRepository(RepositoryFactorySupport.java:413)
	at org.springframework.data.repository.core.support.RepositoryFactoryBeanSupport.lambda$afterPropertiesSet$1(RepositoryFactoryBeanSupport.java:361)
	at org.springframework.data.util.Lazy.getNullable(Lazy.java:136)
	at org.springframework.data.util.Lazy.get(Lazy.java:114)
	at org.springframework.data.repository.core.support.RepositoryFactoryBeanSupport.afterPropertiesSet(RepositoryFactoryBeanSupport.java:370)
	at org.springframework.data.jpa.repository.support.JpaRepositoryFactoryBean.afterPropertiesSet(JpaRepositoryFactoryBean.java:212)
	at org.springframework.beans.factory.support.AbstractAutowireCapableBeanFactory.invokeInitMethods(AbstractAutowireCapableBeanFactory.java:1864)
	at org.springframework.beans.factory.support.AbstractAutowireCapableBeanFactory.initializeBean(AbstractAutowireCapableBeanFactory.java:1813)
	... 32 common frames omitted
Caused by: java.lang.IllegalArgumentException: org.hibernate.query.sqm.UnknownPathException: Could not resolve attribute 'shortDescription' of 'com.substring.easybuy.products.entity.Product' [SELECT p FROM Product p WHERE LOWER(p.title) LIKE LOWER(CONCAT('%', :query, '%')) OR LOWER(p.shortDescription) LIKE LOWER(CONCAT('%', :query, '%'))]
	at org.hibernate.internal.ExceptionConverterImpl.convert(ExceptionConverterImpl.java:129)
	at org.hibernate.internal.ExceptionConverterImpl.convert(ExceptionConverterImpl.java:168)
	at org.hibernate.internal.ExceptionConverterImpl.convert(ExceptionConverterImpl.java:174)
	at org.hibernate.internal.AbstractSharedSessionContract.createQuery(AbstractSharedSessionContract.java:1010)
	at org.hibernate.internal.SessionImpl.createQuery(SessionImpl.java:155)
	at org.hibernate.internal.AbstractSharedSessionContract.createQuery(AbstractSharedSessionContract.java:919)
	at org.hibernate.internal.SessionImpl.createQuery(SessionImpl.java:155)
	at org.hibernate.internal.AbstractSharedSessionContract.createQuery(AbstractSharedSessionContract.java:142)
	at java.base/jdk.internal.reflect.DirectMethodHandleAccessor.invoke(DirectMethodHandleAccessor.java:104)
	at java.base/java.lang.reflect.Method.invoke(Method.java:565)
	at org.springframework.orm.jpa.ExtendedEntityManagerCreator$ExtendedEntityManagerInvocationHandler.invoke(ExtendedEntityManagerCreator.java:362)
	at jdk.proxy3/jdk.proxy3.$Proxy209.createQuery(Unknown Source)
	at org.springframework.data.jpa.repository.query.SimpleJpaQuery.validateQuery(SimpleJpaQuery.java:73)
	... 48 common frames omitted
Caused by: org.hibernate.query.sqm.UnknownPathException: Could not resolve attribute 'shortDescription' of 'com.substring.easybuy.products.entity.Product' [SELECT p FROM Product p WHERE LOWER(p.title) LIKE LOWER(CONCAT('%', :query, '%')) OR LOWER(p.shortDescription) LIKE LOWER(CONCAT('%', :query, '%'))]
	at org.hibernate.query.hql.internal.StandardHqlTranslator.translate(StandardHqlTranslator.java:81)
	at org.hibernate.query.internal.QueryInterpretationCacheStandardImpl.createHqlInterpretation(QueryInterpretationCacheStandardImpl.java:165)
	at org.hibernate.query.internal.QueryInterpretationCacheStandardImpl.resolveHqlInterpretation(QueryInterpretationCacheStandardImpl.java:147)
	at org.hibernate.query.spi.QueryEngine.interpretHql(QueryEngine.java:61)
	at org.hibernate.internal.AbstractSharedSessionContract.interpretHql(AbstractSharedSessionContract.java:951)
	at org.hibernate.internal.AbstractSharedSessionContract.createQuery(AbstractSharedSessionContract.java:1002)
	... 57 common frames omitted
Caused by: org.hibernate.query.sqm.PathElementException: Could not resolve attribute 'shortDescription' of 'com.substring.easybuy.products.entity.Product'
	at org.hibernate.query.sqm.SqmPathSource.getSubPathSource(SqmPathSource.java:94)
	at org.hibernate.query.sqm.tree.domain.AbstractSqmPath.get(AbstractSqmPath.java:223)
	at org.hibernate.query.sqm.tree.domain.AbstractSqmFrom.resolvePathPart(AbstractSqmFrom.java:215)
	at org.hibernate.query.hql.internal.DomainPathPart.resolvePathPart(DomainPathPart.java:39)
	at org.hibernate.query.hql.internal.BasicDotIdentifierConsumer.consumeIdentifier(BasicDotIdentifierConsumer.java:90)
	at org.hibernate.query.hql.internal.SemanticQueryBuilder.visitSimplePath(SemanticQueryBuilder.java:5796)
	at org.hibernate.query.hql.internal.SemanticQueryBuilder.visitGeneralPathFragment(SemanticQueryBuilder.java:5651)
	at org.hibernate.query.hql.internal.SemanticQueryBuilder.visitGeneralPathExpression(SemanticQueryBuilder.java:1821)
	at org.hibernate.grammars.hql.HqlParser$GeneralPathExpressionContext.accept(HqlParser.java:7847)
	at org.antlr.v4.runtime.tree.AbstractParseTreeVisitor.visitChildren(AbstractParseTreeVisitor.java:46)
	at org.hibernate.grammars.hql.HqlParserBaseVisitor.visitBarePrimaryExpression(HqlParserBaseVisitor.java:761)
	at org.hibernate.grammars.hql.HqlParser$BarePrimaryExpressionContext.accept(HqlParser.java:7296)
	at org.antlr.v4.runtime.tree.AbstractParseTreeVisitor.visitChildren(AbstractParseTreeVisitor.java:46)
	at org.hibernate.grammars.hql.HqlParserBaseVisitor.visitExpressionOrPredicate(HqlParserBaseVisitor.java:894)
	at org.hibernate.grammars.hql.HqlParser$ExpressionOrPredicateContext.accept(HqlParser.java:8079)
	at org.hibernate.query.hql.internal.SemanticQueryBuilder.visitFinalFunctionArgument(SemanticQueryBuilder.java:4807)
	at org.hibernate.query.hql.internal.SemanticQueryBuilder.visitGenericFunctionArguments(SemanticQueryBuilder.java:4784)
	at org.hibernate.query.hql.internal.SemanticQueryBuilder.visitGenericFunctionArguments(SemanticQueryBuilder.java:246)
	at org.hibernate.grammars.hql.HqlParser$GenericFunctionArgumentsContext.accept(HqlParser.java:13033)
	at org.hibernate.query.hql.internal.SemanticQueryBuilder.getFunctionArguments(SemanticQueryBuilder.java:4687)
	at org.hibernate.query.hql.internal.SemanticQueryBuilder.visitGenericFunction(SemanticQueryBuilder.java:4563)
	at org.hibernate.grammars.hql.HqlParser$GenericFunctionContext.accept(HqlParser.java:12626)
	at org.antlr.v4.runtime.tree.AbstractParseTreeVisitor.visitChildren(AbstractParseTreeVisitor.java:46)
	at org.hibernate.grammars.hql.HqlParserBaseVisitor.visitFunction(HqlParserBaseVisitor.java:1293)
	at org.hibernate.query.hql.internal.SemanticQueryBuilder.visitFunctionExpression(SemanticQueryBuilder.java:1841)
	at org.hibernate.grammars.hql.HqlParser$FunctionExpressionContext.accept(HqlParser.java:7727)
	at org.antlr.v4.runtime.tree.AbstractParseTreeVisitor.visitChildren(AbstractParseTreeVisitor.java:46)
	at org.hibernate.grammars.hql.HqlParserBaseVisitor.visitBarePrimaryExpression(HqlParserBaseVisitor.java:761)
	at org.hibernate.grammars.hql.HqlParser$BarePrimaryExpressionContext.accept(HqlParser.java:7296)
	at org.hibernate.query.hql.internal.SemanticQueryBuilder.visitLikePredicate(SemanticQueryBuilder.java:3184)
	at org.hibernate.query.hql.internal.SemanticQueryBuilder.visitLikePredicate(SemanticQueryBuilder.java:246)
	at org.hibernate.grammars.hql.HqlParser$LikePredicateContext.accept(HqlParser.java:6367)
	at org.hibernate.query.hql.internal.SemanticQueryBuilder.visitOrPredicate(SemanticQueryBuilder.java:2362)
	at org.hibernate.query.hql.internal.SemanticQueryBuilder.visitOrPredicate(SemanticQueryBuilder.java:246)
	at org.hibernate.grammars.hql.HqlParser$OrPredicateContext.accept(HqlParser.java:6483)
	at org.hibernate.query.hql.internal.SemanticQueryBuilder.visitWhereClause(SemanticQueryBuilder.java:2336)
	at org.hibernate.query.hql.internal.SemanticQueryBuilder.visitWhereClause(SemanticQueryBuilder.java:246)
	at org.hibernate.grammars.hql.HqlParser$WhereClauseContext.accept(HqlParser.java:6146)
	at org.hibernate.query.hql.internal.SemanticQueryBuilder.visitQuery(SemanticQueryBuilder.java:1162)
	at org.hibernate.query.hql.internal.SemanticQueryBuilder.visitQuerySpecExpression(SemanticQueryBuilder.java:955)
	at org.hibernate.query.hql.internal.SemanticQueryBuilder.visitQuerySpecExpression(SemanticQueryBuilder.java:246)
	at org.hibernate.grammars.hql.HqlParser$QuerySpecExpressionContext.accept(HqlParser.java:2113)
	at org.hibernate.query.hql.internal.SemanticQueryBuilder.visitQueryExpression(SemanticQueryBuilder.java:984)
	at org.hibernate.query.hql.internal.SemanticQueryBuilder.visitQueryExpression(SemanticQueryBuilder.java:246)
	at org.hibernate.grammars.hql.HqlParser$QueryExpressionContext.accept(HqlParser.java:2003)
	at org.hibernate.query.hql.internal.SemanticQueryBuilder.visitSelectStatement(SemanticQueryBuilder.java:471)
	at org.hibernate.query.hql.internal.SemanticQueryBuilder.visitStatement(SemanticQueryBuilder.java:430)
	at org.hibernate.query.hql.internal.SemanticQueryBuilder.buildSemanticModel(SemanticQueryBuilder.java:291)
	at org.hibernate.query.hql.internal.StandardHqlTranslator.translate(StandardHqlTranslator.java:64)
	... 62 common frames omitted
2026-10-01 11:52:48 INFO  [main] traceId= spanId= c.s.e.p.ProductsServiceApplication : Starting ProductsServiceApplication using Java 25.0.1 with PID 40552 (D:\Live Batches\micro_devops\easy_busy\products-service\products-service\target\classes started by DurgeshLap in D:\Live Batches\micro_devops\easy_busy)
2026-10-01 11:52:48 INFO  [main] traceId= spanId= c.s.e.p.ProductsServiceApplication : The following 1 profile is active: "dev"
2026-10-01 11:52:48 INFO  [main] traceId= spanId= o.s.c.c.c.ConfigServerConfigDataLoader : Fetching config from server at : http://localhost:8079
2026-10-01 11:52:48 INFO  [main] traceId= spanId= o.s.c.c.c.ConfigServerConfigDataLoader : Located environment: name=PRODUCT-SERVICE, profiles=[default], label=null, version=ceb379716546669fd1cb56d1a0a40d6637a384d9, state=
2026-10-01 11:52:48 INFO  [main] traceId= spanId= o.s.c.c.c.ConfigServerConfigDataLoader : Fetching config from server at : http://localhost:8079
2026-10-01 11:52:48 INFO  [main] traceId= spanId= o.s.c.c.c.ConfigServerConfigDataLoader : Located environment: name=PRODUCT-SERVICE, profiles=[dev], label=null, version=ceb379716546669fd1cb56d1a0a40d6637a384d9, state=
2026-10-01 11:52:49 INFO  [main] traceId= spanId= o.s.d.r.c.RepositoryConfigurationDelegate : Bootstrapping Spring Data JPA repositories in DEFAULT mode.
2026-10-01 11:52:49 INFO  [main] traceId= spanId= o.s.d.r.c.RepositoryConfigurationDelegate : Finished Spring Data repository scanning in 369 ms. Found 3 JPA repository interfaces.
2026-10-01 11:52:50 INFO  [main] traceId= spanId= o.s.cloud.context.scope.GenericScope : BeanFactory id=188c6a25-ca75-363b-ac0a-f08d12b40ccc
2026-10-01 11:52:50 INFO  [main] traceId= spanId= o.s.boot.tomcat.TomcatWebServer : Tomcat initialized with port 8081 (http)
2026-10-01 11:52:50 INFO  [main] traceId= spanId= o.a.catalina.core.StandardService : Starting service [Tomcat]
2026-10-01 11:52:50 INFO  [main] traceId= spanId= o.a.catalina.core.StandardEngine : Starting Servlet engine: [Apache Tomcat/11.0.21]
2026-10-01 11:52:51 INFO  [main] traceId= spanId= o.s.b.w.c.s.WebApplicationContextInitializer : Root WebApplicationContext: initialization completed in 2727 ms
2026-10-01 11:52:51 INFO  [main] traceId= spanId= org.hibernate.orm.jpa : HHH008540: Processing PersistenceUnitInfo [name: default]
2026-10-01 11:52:51 INFO  [main] traceId= spanId= org.hibernate.orm.core : HHH000001: Hibernate ORM core version 7.2.12.Final
2026-10-01 11:52:52 INFO  [main] traceId= spanId= o.s.o.j.p.SpringPersistenceUnitInfo : No LoadTimeWeaver setup: ignoring JPA class transformer
2026-10-01 11:52:52 INFO  [main] traceId= spanId= com.zaxxer.hikari.HikariDataSource : HikariPool-1 - Starting...
2026-10-01 11:52:52 INFO  [main] traceId= spanId= com.zaxxer.hikari.pool.HikariPool : HikariPool-1 - Added connection org.postgresql.jdbc.PgConnection@1856a312
2026-10-01 11:52:52 INFO  [main] traceId= spanId= com.zaxxer.hikari.HikariDataSource : HikariPool-1 - Start completed.
2026-10-01 11:52:52 WARN  [main] traceId= spanId= org.hibernate.orm.deprecation : HHH90000025: PostgreSQLDialect does not need to be specified explicitly using 'hibernate.dialect' (remove the property setting and it will be selected by default)
2026-10-01 11:52:52 INFO  [main] traceId= spanId= o.hibernate.orm.connections.pooling : HHH10001005: Database info:
	Database JDBC URL [jdbc:postgresql://localhost:5432/productdb?currentSchema=public]
	Database driver: PostgreSQL JDBC Driver
	Database dialect: PostgreSQLDialect
	Database version: 18.4
	Default catalog/schema: productdb/public
	Autocommit mode: undefined/unknown
	Isolation level: READ_COMMITTED [default READ_COMMITTED]
	JDBC fetch size: none
	Pool: DataSourceConnectionProvider
	Minimum pool size: undefined/unknown
	Maximum pool size: undefined/unknown
2026-10-01 11:52:53 INFO  [main] traceId= spanId= org.hibernate.orm.core : HHH000489: No JTA platform available (set 'hibernate.transaction.jta.platform' to enable JTA platform integration)
2026-10-01 11:52:54 INFO  [main] traceId= spanId= o.s.o.j.LocalContainerEntityManagerFactoryBean : Initialized JPA EntityManagerFactory for persistence unit 'default'
2026-10-01 11:52:54 INFO  [main] traceId= spanId= o.s.d.j.r.q.QueryEnhancerFactories : Hibernate is in classpath; If applicable, HQL parser will be used.
2026-10-01 11:52:55 WARN  [main] traceId= spanId= o.s.b.j.a.JpaBaseConfiguration$JpaWebConfiguration : spring.jpa.open-in-view is enabled by default. Therefore, database queries may be performed during view rendering. Explicitly configure spring.jpa.open-in-view to disable this warning
2026-10-01 11:52:56 INFO  [main] traceId= spanId= o.s.c.n.e.c.DiscoveryClientOptionalArgsConfiguration : Eureka HTTP Client uses RestClient.
2026-10-01 11:52:56 WARN  [main] traceId= spanId= o.s.c.l.c.LoadBalancerCacheAutoConfiguration$LoadBalancerCaffeineWarnLogger : Spring Cloud LoadBalancer is currently working with the default cache. While this cache implementation is useful for development and tests, it's recommended to use Caffeine cache in production.You can switch to using Caffeine cache, by adding it and org.springframework.cache.caffeine.CaffeineCacheManager to the classpath.
2026-10-01 11:52:56 INFO  [main] traceId= spanId= o.s.b.a.e.web.EndpointLinksResolver : Exposing 17 endpoints beneath base path '/actuator'
2026-10-01 11:52:56 INFO  [main] traceId= spanId= o.s.c.n.eureka.InstanceInfoFactory : Setting initial instance status as: STARTING
2026-10-01 11:52:56 INFO  [main] traceId= spanId= c.netflix.discovery.DiscoveryClient : Initializing Eureka in region us-east-1
2026-10-01 11:52:56 INFO  [main] traceId= spanId= c.n.d.s.r.aws.ConfigClusterResolver : Resolving eureka endpoints via configuration
2026-10-01 11:52:56 INFO  [main] traceId= spanId= c.netflix.discovery.DiscoveryClient : Disable delta property : false
2026-10-01 11:52:56 INFO  [main] traceId= spanId= c.netflix.discovery.DiscoveryClient : Single vip registry refresh property : null
2026-10-01 11:52:56 INFO  [main] traceId= spanId= c.netflix.discovery.DiscoveryClient : Force full registry fetch : false
2026-10-01 11:52:56 INFO  [main] traceId= spanId= c.netflix.discovery.DiscoveryClient : Application is null : false
2026-10-01 11:52:56 INFO  [main] traceId= spanId= c.netflix.discovery.DiscoveryClient : Registered Applications size is zero : true
2026-10-01 11:52:56 INFO  [main] traceId= spanId= c.netflix.discovery.DiscoveryClient : Application version is -1: true
2026-10-01 11:52:56 INFO  [main] traceId= spanId= c.netflix.discovery.DiscoveryClient : Getting all instance registry info from the eureka server
2026-10-01 11:52:56 INFO  [main] traceId= spanId= c.netflix.discovery.DiscoveryClient : The response status is 200
2026-10-01 11:52:56 INFO  [main] traceId= spanId= c.netflix.discovery.DiscoveryClient : Starting heartbeat executor: renew interval is: 30
2026-10-01 11:52:56 INFO  [main] traceId= spanId= c.n.discovery.InstanceInfoReplicator : InstanceInfoReplicator onDemand update allowed rate per min is 4
2026-10-01 11:52:56 INFO  [main] traceId= spanId= c.netflix.discovery.DiscoveryClient : Discovery Client initialized at timestamp 1790855576758 with initial instances count: 3
2026-10-01 11:52:56 INFO  [main] traceId= spanId= o.s.c.n.e.s.EurekaServiceRegistry : Registering application PRODUCT-SERVICE with eureka with status UP
2026-10-01 11:52:56 INFO  [main] traceId= spanId= c.netflix.discovery.DiscoveryClient : Saw local status change event StatusChangeEvent [timestamp=1790855576761, current=UP, previous=STARTING]
2026-10-01 11:52:56 INFO  [DiscoveryClient-InstanceInfoReplicator-%d] traceId= spanId= c.netflix.discovery.DiscoveryClient : DiscoveryClient_PRODUCT-SERVICE/LAPTOP-UJ0KBI4K.mshome.net:PRODUCT-SERVICE:8081: registering service...
2026-10-01 11:52:56 INFO  [main] traceId= spanId= o.s.boot.tomcat.TomcatWebServer : Tomcat started on port 8081 (http) with context path '/'
2026-10-01 11:52:56 INFO  [main] traceId= spanId= o.s.c.n.e.s.EurekaAutoServiceRegistration : Updating port to 8081
2026-10-01 11:52:56 INFO  [DiscoveryClient-InstanceInfoReplicator-%d] traceId= spanId= c.netflix.discovery.DiscoveryClient : DiscoveryClient_PRODUCT-SERVICE/LAPTOP-UJ0KBI4K.mshome.net:PRODUCT-SERVICE:8081 - registration status: 204
2026-10-01 11:52:56 INFO  [main] traceId= spanId= c.s.e.p.ProductsServiceApplication : Started ProductsServiceApplication in 12.904 seconds (process running for 16.109)
2026-10-01 11:52:57 INFO  [main] traceId= spanId= o.s.b.a.l.ConditionEvaluationReportLogger : 

Error starting ApplicationContext. To display the condition evaluation report re-run your application with 'debug' enabled.
2026-10-01 11:52:57 ERROR [main] traceId= spanId= o.s.boot.SpringApplication : Application run failed
org.springframework.orm.ObjectOptimisticLockingFailureException: Row was already updated or deleted by another transaction for entity [com.substring.easybuy.products.entity.Product with id '550e8400-e29b-41d4-a716-446655440000']
	at org.springframework.orm.jpa.hibernate.HibernateExceptionTranslator.convertHibernateAccessException(HibernateExceptionTranslator.java:204)
	at org.springframework.orm.jpa.hibernate.HibernateExceptionTranslator.convertHibernateAccessException(HibernateExceptionTranslator.java:131)
	at org.springframework.orm.jpa.hibernate.HibernateExceptionTranslator.translateExceptionIfPossible(HibernateExceptionTranslator.java:109)
	at org.springframework.orm.jpa.vendor.HibernateJpaDialect.translateExceptionIfPossible(HibernateJpaDialect.java:223)
	at org.springframework.orm.jpa.AbstractEntityManagerFactoryBean.translateExceptionIfPossible(AbstractEntityManagerFactoryBean.java:576)
	at org.springframework.dao.support.ChainedPersistenceExceptionTranslator.translateExceptionIfPossible(ChainedPersistenceExceptionTranslator.java:61)
	at org.springframework.dao.support.DataAccessUtils.translateIfNecessary(DataAccessUtils.java:346)
	at org.springframework.dao.support.PersistenceExceptionTranslationInterceptor.invoke(PersistenceExceptionTranslationInterceptor.java:157)
	at org.springframework.aop.framework.ReflectiveMethodInvocation.proceed(ReflectiveMethodInvocation.java:179)
	at org.springframework.data.jpa.repository.support.CrudMethodMetadataPostProcessor$CrudMethodMetadataPopulatingMethodInterceptor.invoke(CrudMethodMetadataPostProcessor.java:166)
	at org.springframework.aop.framework.ReflectiveMethodInvocation.proceed(ReflectiveMethodInvocation.java:179)
	at io.opentelemetry.javaagent.instrumentation.spring.data.v1_8.SpringDataInstrumentationModule$RepositoryInterceptor.invoke(SpringDataInstrumentationModule.java:128)
	at org.springframework.aop.framework.ReflectiveMethodInvocation.proceed(ReflectiveMethodInvocation.java:179)
	at org.springframework.aop.framework.JdkDynamicAopProxy.invoke(JdkDynamicAopProxy.java:222)
	at jdk.proxy3/jdk.proxy3.$Proxy215.saveAll(Unknown Source)
	at com.substring.easybuy.products.config.DbInitializer.run(DbInitializer.java:65)
	at org.springframework.boot.SpringApplication.lambda$callRunner$1(SpringApplication.java:792)
	at org.springframework.util.function.ThrowingConsumer$1.acceptWithException(ThrowingConsumer.java:82)
	at org.springframework.util.function.ThrowingConsumer.accept(ThrowingConsumer.java:60)
	at org.springframework.util.function.ThrowingConsumer$1.accept(ThrowingConsumer.java:86)
	at org.springframework.boot.SpringApplication.callRunner(SpringApplication.java:800)
	at org.springframework.boot.SpringApplication.callRunner(SpringApplication.java:791)
	at org.springframework.boot.SpringApplication.lambda$callRunners$0(SpringApplication.java:776)
	at java.base/java.util.stream.ForEachOps$ForEachOp$OfRef.accept(ForEachOps.java:186)
	at java.base/java.util.stream.SortedOps$SizedRefSortingSink.end(SortedOps.java:357)
	at java.base/java.util.stream.AbstractPipeline.copyInto(AbstractPipeline.java:571)
	at java.base/java.util.stream.AbstractPipeline.wrapAndCopyInto(AbstractPipeline.java:560)
	at java.base/java.util.stream.ForEachOps$ForEachOp.evaluateSequential(ForEachOps.java:153)
	at java.base/java.util.stream.ForEachOps$ForEachOp$OfRef.evaluateSequential(ForEachOps.java:176)
	at java.base/java.util.stream.AbstractPipeline.evaluate(AbstractPipeline.java:265)
	at java.base/java.util.stream.ReferencePipeline.forEach(ReferencePipeline.java:632)
	at org.springframework.boot.SpringApplication.callRunners(SpringApplication.java:776)
	at org.springframework.boot.SpringApplication.run(SpringApplication.java:328)
	at org.springframework.boot.SpringApplication.run(SpringApplication.java:1365)
	at org.springframework.boot.SpringApplication.run(SpringApplication.java:1354)
	at com.substring.easybuy.products.ProductsServiceApplication.main(ProductsServiceApplication.java:23)
Caused by: org.hibernate.StaleObjectStateException: Row was already updated or deleted by another transaction for entity [com.substring.easybuy.products.entity.Product with id '550e8400-e29b-41d4-a716-446655440000']
	at org.hibernate.event.internal.DefaultMergeEventListener.entityIsDetached(DefaultMergeEventListener.java:431)
	at org.hibernate.event.internal.DefaultMergeEventListener.merge(DefaultMergeEventListener.java:192)
	at org.hibernate.event.internal.DefaultMergeEventListener.doMerge(DefaultMergeEventListener.java:136)
	at org.hibernate.event.internal.DefaultMergeEventListener.onMerge(DefaultMergeEventListener.java:120)
	at org.hibernate.event.internal.DefaultMergeEventListener.onMerge(DefaultMergeEventListener.java:77)
	at org.hibernate.event.service.internal.EventListenerGroupImpl.fireEventOnEachListener(EventListenerGroupImpl.java:138)
	at org.hibernate.internal.SessionImpl.fireMerge(SessionImpl.java:800)
	at org.hibernate.internal.SessionImpl.merge(SessionImpl.java:785)
	at java.base/jdk.internal.reflect.DirectMethodHandleAccessor.invoke(DirectMethodHandleAccessor.java:104)
	at java.base/java.lang.reflect.Method.invoke(Method.java:565)
	at org.springframework.orm.jpa.SharedEntityManagerCreator$SharedEntityHandlerInvocationHandler.invokeMethod(SharedEntityManagerCreator.java:240)
	at org.springframework.orm.jpa.SharedEntityManagerCreator$SharedEntityManagerInvocationHandler.invoke(SharedEntityManagerCreator.java:386)
	at jdk.proxy3/jdk.proxy3.$Proxy209.merge(Unknown Source)
	at org.springframework.data.jpa.repository.support.SimpleJpaRepository.save(SimpleJpaRepository.java:667)
	at org.springframework.data.jpa.repository.support.SimpleJpaRepository.saveAll(SimpleJpaRepository.java:690)
	at java.base/jdk.internal.reflect.DirectMethodHandleAccessor.invoke(DirectMethodHandleAccessor.java:104)
	at java.base/java.lang.reflect.Method.invoke(Method.java:565)
	at org.springframework.aop.support.AopUtils.invokeJoinpointUsingReflection(AopUtils.java:359)
	at org.springframework.data.repository.core.support.RepositoryMethodInvoker$RepositoryFragmentMethodInvoker.lambda$new$0(RepositoryMethodInvoker.java:278)
	at org.springframework.data.repository.core.support.RepositoryMethodInvoker.doInvoke(RepositoryMethodInvoker.java:169)
	at org.springframework.data.repository.core.support.RepositoryMethodInvoker.invoke(RepositoryMethodInvoker.java:158)
	at org.springframework.data.repository.core.support.RepositoryComposition$RepositoryFragments.invoke(RepositoryComposition.java:545)
	at org.springframework.data.repository.core.support.RepositoryComposition.invoke(RepositoryComposition.java:290)
	at org.springframework.data.repository.core.support.RepositoryFactorySupport$ImplementationMethodExecutionInterceptor.invoke(RepositoryFactorySupport.java:690)
	at org.springframework.aop.framework.ReflectiveMethodInvocation.proceed(ReflectiveMethodInvocation.java:179)
	at org.springframework.data.repository.core.support.QueryExecutorMethodInterceptor.doInvoke(QueryExecutorMethodInterceptor.java:171)
	at org.springframework.data.repository.core.support.QueryExecutorMethodInterceptor.invoke(QueryExecutorMethodInterceptor.java:146)
	at org.springframework.aop.framework.ReflectiveMethodInvocation.proceed(ReflectiveMethodInvocation.java:179)
	at org.springframework.data.projection.DefaultMethodInvokingMethodInterceptor.invoke(DefaultMethodInvokingMethodInterceptor.java:69)
	at org.springframework.aop.framework.ReflectiveMethodInvocation.proceed(ReflectiveMethodInvocation.java:179)
	at org.springframework.transaction.interceptor.TransactionInterceptor$1.proceedWithInvocation(TransactionInterceptor.java:133)
	at org.springframework.transaction.interceptor.TransactionAspectSupport.invokeWithinTransaction(TransactionAspectSupport.java:371)
	at org.springframework.transaction.interceptor.TransactionInterceptor.invoke(TransactionInterceptor.java:130)
	at org.springframework.aop.framework.ReflectiveMethodInvocation.proceed(ReflectiveMethodInvocation.java:179)
	at org.springframework.dao.support.PersistenceExceptionTranslationInterceptor.invoke(PersistenceExceptionTranslationInterceptor.java:135)
	... 28 common frames omitted
2026-10-01 11:52:57 INFO  [main] traceId= spanId= o.s.c.n.e.s.EurekaServiceRegistry : Unregistering application PRODUCT-SERVICE with eureka with status DOWN
2026-10-01 11:52:57 INFO  [main] traceId= spanId= c.netflix.discovery.DiscoveryClient : Saw local status change event StatusChangeEvent [timestamp=1790855577091, current=DOWN, previous=UP]
2026-10-01 11:52:57 INFO  [DiscoveryClient-InstanceInfoReplicator-%d] traceId= spanId= c.netflix.discovery.DiscoveryClient : DiscoveryClient_PRODUCT-SERVICE/LAPTOP-UJ0KBI4K.mshome.net:PRODUCT-SERVICE:8081: registering service...
2026-10-01 11:52:57 INFO  [main] traceId= spanId= o.s.boot.tomcat.GracefulShutdown : Commencing graceful shutdown. Waiting for active requests to complete
2026-10-01 11:52:57 INFO  [DiscoveryClient-InstanceInfoReplicator-%d] traceId= spanId= c.netflix.discovery.DiscoveryClient : DiscoveryClient_PRODUCT-SERVICE/LAPTOP-UJ0KBI4K.mshome.net:PRODUCT-SERVICE:8081 - registration status: 204
2026-10-01 11:52:57 INFO  [tomcat-shutdown] traceId= spanId= o.s.boot.tomcat.GracefulShutdown : Graceful shutdown complete
2026-10-01 11:52:57 INFO  [main] traceId= spanId= o.s.o.j.LocalContainerEntityManagerFactoryBean : Closing JPA EntityManagerFactory for persistence unit 'default'
2026-10-01 11:52:57 INFO  [main] traceId= spanId= com.zaxxer.hikari.HikariDataSource : HikariPool-1 - Shutdown initiated...
2026-10-01 11:52:57 INFO  [main] traceId= spanId= com.zaxxer.hikari.HikariDataSource : HikariPool-1 - Shutdown completed.
2026-10-01 11:52:57 INFO  [main] traceId= spanId= c.netflix.discovery.DiscoveryClient : Shutting down DiscoveryClient ...
2026-10-01 11:53:00 INFO  [main] traceId= spanId= c.netflix.discovery.DiscoveryClient : Unregistering ...
2026-10-01 11:53:00 INFO  [main] traceId= spanId= c.netflix.discovery.DiscoveryClient : DiscoveryClient_PRODUCT-SERVICE/LAPTOP-UJ0KBI4K.mshome.net:PRODUCT-SERVICE:8081 - deregister  status: 200
2026-10-01 11:53:00 INFO  [main] traceId= spanId= c.netflix.discovery.DiscoveryClient : Completed shut down of DiscoveryClient
2026-10-01 11:53:48 INFO  [main] traceId= spanId= c.s.e.p.ProductsServiceApplication : Starting ProductsServiceApplication using Java 25.0.1 with PID 68392 (D:\Live Batches\micro_devops\easy_busy\products-service\products-service\target\classes started by DurgeshLap in D:\Live Batches\micro_devops\easy_busy)
2026-10-01 11:53:48 INFO  [main] traceId= spanId= c.s.e.p.ProductsServiceApplication : The following 1 profile is active: "dev"
2026-10-01 11:53:48 INFO  [main] traceId= spanId= o.s.c.c.c.ConfigServerConfigDataLoader : Fetching config from server at : http://localhost:8079
2026-10-01 11:53:48 INFO  [main] traceId= spanId= o.s.c.c.c.ConfigServerConfigDataLoader : Located environment: name=PRODUCT-SERVICE, profiles=[default], label=null, version=ceb379716546669fd1cb56d1a0a40d6637a384d9, state=
2026-10-01 11:53:48 INFO  [main] traceId= spanId= o.s.c.c.c.ConfigServerConfigDataLoader : Fetching config from server at : http://localhost:8079
2026-10-01 11:53:48 INFO  [main] traceId= spanId= o.s.c.c.c.ConfigServerConfigDataLoader : Located environment: name=PRODUCT-SERVICE, profiles=[dev], label=null, version=ceb379716546669fd1cb56d1a0a40d6637a384d9, state=
2026-10-01 11:53:49 INFO  [main] traceId= spanId= o.s.d.r.c.RepositoryConfigurationDelegate : Bootstrapping Spring Data JPA repositories in DEFAULT mode.
2026-10-01 11:53:49 INFO  [main] traceId= spanId= o.s.d.r.c.RepositoryConfigurationDelegate : Finished Spring Data repository scanning in 173 ms. Found 3 JPA repository interfaces.
2026-10-01 11:53:49 INFO  [main] traceId= spanId= o.s.cloud.context.scope.GenericScope : BeanFactory id=188c6a25-ca75-363b-ac0a-f08d12b40ccc
2026-10-01 11:53:49 INFO  [main] traceId= spanId= o.s.boot.tomcat.TomcatWebServer : Tomcat initialized with port 8081 (http)
2026-10-01 11:53:49 INFO  [main] traceId= spanId= o.a.catalina.core.StandardService : Starting service [Tomcat]
2026-10-01 11:53:49 INFO  [main] traceId= spanId= o.a.catalina.core.StandardEngine : Starting Servlet engine: [Apache Tomcat/11.0.21]
2026-10-01 11:53:49 INFO  [main] traceId= spanId= o.s.b.w.c.s.WebApplicationContextInitializer : Root WebApplicationContext: initialization completed in 1740 ms
2026-10-01 11:53:50 INFO  [main] traceId= spanId= org.hibernate.orm.jpa : HHH008540: Processing PersistenceUnitInfo [name: default]
2026-10-01 11:53:50 INFO  [main] traceId= spanId= org.hibernate.orm.core : HHH000001: Hibernate ORM core version 7.2.12.Final
2026-10-01 11:53:50 INFO  [main] traceId= spanId= o.s.o.j.p.SpringPersistenceUnitInfo : No LoadTimeWeaver setup: ignoring JPA class transformer
2026-10-01 11:53:50 INFO  [main] traceId= spanId= com.zaxxer.hikari.HikariDataSource : HikariPool-1 - Starting...
2026-10-01 11:53:51 INFO  [main] traceId= spanId= com.zaxxer.hikari.pool.HikariPool : HikariPool-1 - Added connection org.postgresql.jdbc.PgConnection@2938c689
2026-10-01 11:53:51 INFO  [main] traceId= spanId= com.zaxxer.hikari.HikariDataSource : HikariPool-1 - Start completed.
2026-10-01 11:53:51 WARN  [main] traceId= spanId= org.hibernate.orm.deprecation : HHH90000025: PostgreSQLDialect does not need to be specified explicitly using 'hibernate.dialect' (remove the property setting and it will be selected by default)
2026-10-01 11:53:51 INFO  [main] traceId= spanId= o.hibernate.orm.connections.pooling : HHH10001005: Database info:
	Database JDBC URL [jdbc:postgresql://localhost:5432/productdb?currentSchema=public]
	Database driver: PostgreSQL JDBC Driver
	Database dialect: PostgreSQLDialect
	Database version: 18.4
	Default catalog/schema: productdb/public
	Autocommit mode: undefined/unknown
	Isolation level: READ_COMMITTED [default READ_COMMITTED]
	JDBC fetch size: none
	Pool: DataSourceConnectionProvider
	Minimum pool size: undefined/unknown
	Maximum pool size: undefined/unknown
2026-10-01 11:53:53 INFO  [main] traceId= spanId= org.hibernate.orm.core : HHH000489: No JTA platform available (set 'hibernate.transaction.jta.platform' to enable JTA platform integration)
2026-10-01 11:53:53 INFO  [main] traceId= spanId= o.s.o.j.LocalContainerEntityManagerFactoryBean : Initialized JPA EntityManagerFactory for persistence unit 'default'
2026-10-01 11:53:53 INFO  [main] traceId= spanId= o.s.d.j.r.q.QueryEnhancerFactories : Hibernate is in classpath; If applicable, HQL parser will be used.
2026-10-01 11:53:54 WARN  [main] traceId= spanId= o.s.b.j.a.JpaBaseConfiguration$JpaWebConfiguration : spring.jpa.open-in-view is enabled by default. Therefore, database queries may be performed during view rendering. Explicitly configure spring.jpa.open-in-view to disable this warning
2026-10-01 11:53:55 INFO  [main] traceId= spanId= o.s.c.n.e.c.DiscoveryClientOptionalArgsConfiguration : Eureka HTTP Client uses RestClient.
2026-10-01 11:53:55 WARN  [main] traceId= spanId= o.s.c.l.c.LoadBalancerCacheAutoConfiguration$LoadBalancerCaffeineWarnLogger : Spring Cloud LoadBalancer is currently working with the default cache. While this cache implementation is useful for development and tests, it's recommended to use Caffeine cache in production.You can switch to using Caffeine cache, by adding it and org.springframework.cache.caffeine.CaffeineCacheManager to the classpath.
2026-10-01 11:53:55 INFO  [main] traceId= spanId= o.s.b.a.e.web.EndpointLinksResolver : Exposing 17 endpoints beneath base path '/actuator'
2026-10-01 11:53:55 INFO  [main] traceId= spanId= o.s.c.n.eureka.InstanceInfoFactory : Setting initial instance status as: STARTING
2026-10-01 11:53:55 INFO  [main] traceId= spanId= c.netflix.discovery.DiscoveryClient : Initializing Eureka in region us-east-1
2026-10-01 11:53:55 INFO  [main] traceId= spanId= c.n.d.s.r.aws.ConfigClusterResolver : Resolving eureka endpoints via configuration
2026-10-01 11:53:55 INFO  [main] traceId= spanId= c.netflix.discovery.DiscoveryClient : Disable delta property : false
2026-10-01 11:53:55 INFO  [main] traceId= spanId= c.netflix.discovery.DiscoveryClient : Single vip registry refresh property : null
2026-10-01 11:53:55 INFO  [main] traceId= spanId= c.netflix.discovery.DiscoveryClient : Force full registry fetch : false
2026-10-01 11:53:55 INFO  [main] traceId= spanId= c.netflix.discovery.DiscoveryClient : Application is null : false
2026-10-01 11:53:55 INFO  [main] traceId= spanId= c.netflix.discovery.DiscoveryClient : Registered Applications size is zero : true
2026-10-01 11:53:55 INFO  [main] traceId= spanId= c.netflix.discovery.DiscoveryClient : Application version is -1: true
2026-10-01 11:53:55 INFO  [main] traceId= spanId= c.netflix.discovery.DiscoveryClient : Getting all instance registry info from the eureka server
2026-10-01 11:53:55 INFO  [main] traceId= spanId= c.netflix.discovery.DiscoveryClient : The response status is 200
2026-10-01 11:53:55 INFO  [main] traceId= spanId= c.netflix.discovery.DiscoveryClient : Starting heartbeat executor: renew interval is: 30
2026-10-01 11:53:55 INFO  [main] traceId= spanId= c.n.discovery.InstanceInfoReplicator : InstanceInfoReplicator onDemand update allowed rate per min is 4
2026-10-01 11:53:55 INFO  [main] traceId= spanId= c.netflix.discovery.DiscoveryClient : Discovery Client initialized at timestamp 1790855635925 with initial instances count: 3
2026-10-01 11:53:55 INFO  [main] traceId= spanId= o.s.c.n.e.s.EurekaServiceRegistry : Registering application PRODUCT-SERVICE with eureka with status UP
2026-10-01 11:53:55 INFO  [main] traceId= spanId= c.netflix.discovery.DiscoveryClient : Saw local status change event StatusChangeEvent [timestamp=1790855635929, current=UP, previous=STARTING]
2026-10-01 11:53:55 INFO  [DiscoveryClient-InstanceInfoReplicator-%d] traceId= spanId= c.netflix.discovery.DiscoveryClient : DiscoveryClient_PRODUCT-SERVICE/LAPTOP-UJ0KBI4K.mshome.net:PRODUCT-SERVICE:8081: registering service...
2026-10-01 11:53:55 INFO  [DiscoveryClient-InstanceInfoReplicator-%d] traceId= spanId= c.netflix.discovery.DiscoveryClient : DiscoveryClient_PRODUCT-SERVICE/LAPTOP-UJ0KBI4K.mshome.net:PRODUCT-SERVICE:8081 - registration status: 204
2026-10-01 11:53:55 INFO  [main] traceId= spanId= o.s.boot.tomcat.TomcatWebServer : Tomcat started on port 8081 (http) with context path '/'
2026-10-01 11:53:55 INFO  [main] traceId= spanId= o.s.c.n.e.s.EurekaAutoServiceRegistration : Updating port to 8081
2026-10-01 11:53:55 INFO  [main] traceId= spanId= c.s.e.p.ProductsServiceApplication : Started ProductsServiceApplication in 10.433 seconds (process running for 13.618)
2026-10-01 11:53:56 INFO  [main] traceId= spanId= o.s.b.a.l.ConditionEvaluationReportLogger : 

Error starting ApplicationContext. To display the condition evaluation report re-run your application with 'debug' enabled.
2026-10-01 11:53:56 ERROR [main] traceId= spanId= o.s.boot.SpringApplication : Application run failed
org.springframework.orm.ObjectOptimisticLockingFailureException: Row was already updated or deleted by another transaction for entity [com.substring.easybuy.products.entity.Product with id '550e8400-e29b-41d4-a716-446655440000']
	at org.springframework.orm.jpa.hibernate.HibernateExceptionTranslator.convertHibernateAccessException(HibernateExceptionTranslator.java:204)
	at org.springframework.orm.jpa.hibernate.HibernateExceptionTranslator.convertHibernateAccessException(HibernateExceptionTranslator.java:131)
	at org.springframework.orm.jpa.hibernate.HibernateExceptionTranslator.translateExceptionIfPossible(HibernateExceptionTranslator.java:109)
	at org.springframework.orm.jpa.vendor.HibernateJpaDialect.translateExceptionIfPossible(HibernateJpaDialect.java:223)
	at org.springframework.orm.jpa.AbstractEntityManagerFactoryBean.translateExceptionIfPossible(AbstractEntityManagerFactoryBean.java:576)
	at org.springframework.dao.support.ChainedPersistenceExceptionTranslator.translateExceptionIfPossible(ChainedPersistenceExceptionTranslator.java:61)
	at org.springframework.dao.support.DataAccessUtils.translateIfNecessary(DataAccessUtils.java:346)
	at org.springframework.dao.support.PersistenceExceptionTranslationInterceptor.invoke(PersistenceExceptionTranslationInterceptor.java:157)
	at org.springframework.aop.framework.ReflectiveMethodInvocation.proceed(ReflectiveMethodInvocation.java:179)
	at org.springframework.data.jpa.repository.support.CrudMethodMetadataPostProcessor$CrudMethodMetadataPopulatingMethodInterceptor.invoke(CrudMethodMetadataPostProcessor.java:166)
	at org.springframework.aop.framework.ReflectiveMethodInvocation.proceed(ReflectiveMethodInvocation.java:179)
	at io.opentelemetry.javaagent.instrumentation.spring.data.v1_8.SpringDataInstrumentationModule$RepositoryInterceptor.invoke(SpringDataInstrumentationModule.java:128)
	at org.springframework.aop.framework.ReflectiveMethodInvocation.proceed(ReflectiveMethodInvocation.java:179)
	at org.springframework.aop.framework.JdkDynamicAopProxy.invoke(JdkDynamicAopProxy.java:222)
	at jdk.proxy3/jdk.proxy3.$Proxy215.saveAll(Unknown Source)
	at com.substring.easybuy.products.config.DbInitializer.run(DbInitializer.java:65)
	at org.springframework.boot.SpringApplication.lambda$callRunner$1(SpringApplication.java:792)
	at org.springframework.util.function.ThrowingConsumer$1.acceptWithException(ThrowingConsumer.java:82)
	at org.springframework.util.function.ThrowingConsumer.accept(ThrowingConsumer.java:60)
	at org.springframework.util.function.ThrowingConsumer$1.accept(ThrowingConsumer.java:86)
	at org.springframework.boot.SpringApplication.callRunner(SpringApplication.java:800)
	at org.springframework.boot.SpringApplication.callRunner(SpringApplication.java:791)
	at org.springframework.boot.SpringApplication.lambda$callRunners$0(SpringApplication.java:776)
	at java.base/java.util.stream.ForEachOps$ForEachOp$OfRef.accept(ForEachOps.java:186)
	at java.base/java.util.stream.SortedOps$SizedRefSortingSink.end(SortedOps.java:357)
	at java.base/java.util.stream.AbstractPipeline.copyInto(AbstractPipeline.java:571)
	at java.base/java.util.stream.AbstractPipeline.wrapAndCopyInto(AbstractPipeline.java:560)
	at java.base/java.util.stream.ForEachOps$ForEachOp.evaluateSequential(ForEachOps.java:153)
	at java.base/java.util.stream.ForEachOps$ForEachOp$OfRef.evaluateSequential(ForEachOps.java:176)
	at java.base/java.util.stream.AbstractPipeline.evaluate(AbstractPipeline.java:265)
	at java.base/java.util.stream.ReferencePipeline.forEach(ReferencePipeline.java:632)
	at org.springframework.boot.SpringApplication.callRunners(SpringApplication.java:776)
	at org.springframework.boot.SpringApplication.run(SpringApplication.java:328)
	at org.springframework.boot.SpringApplication.run(SpringApplication.java:1365)
	at org.springframework.boot.SpringApplication.run(SpringApplication.java:1354)
	at com.substring.easybuy.products.ProductsServiceApplication.main(ProductsServiceApplication.java:23)
Caused by: org.hibernate.StaleObjectStateException: Row was already updated or deleted by another transaction for entity [com.substring.easybuy.products.entity.Product with id '550e8400-e29b-41d4-a716-446655440000']
	at org.hibernate.event.internal.DefaultMergeEventListener.entityIsDetached(DefaultMergeEventListener.java:431)
	at org.hibernate.event.internal.DefaultMergeEventListener.merge(DefaultMergeEventListener.java:192)
	at org.hibernate.event.internal.DefaultMergeEventListener.doMerge(DefaultMergeEventListener.java:136)
	at org.hibernate.event.internal.DefaultMergeEventListener.onMerge(DefaultMergeEventListener.java:120)
	at org.hibernate.event.internal.DefaultMergeEventListener.onMerge(DefaultMergeEventListener.java:77)
	at org.hibernate.event.service.internal.EventListenerGroupImpl.fireEventOnEachListener(EventListenerGroupImpl.java:138)
	at org.hibernate.internal.SessionImpl.fireMerge(SessionImpl.java:800)
	at org.hibernate.internal.SessionImpl.merge(SessionImpl.java:785)
	at java.base/jdk.internal.reflect.DirectMethodHandleAccessor.invoke(DirectMethodHandleAccessor.java:104)
	at java.base/java.lang.reflect.Method.invoke(Method.java:565)
	at org.springframework.orm.jpa.SharedEntityManagerCreator$SharedEntityHandlerInvocationHandler.invokeMethod(SharedEntityManagerCreator.java:240)
	at org.springframework.orm.jpa.SharedEntityManagerCreator$SharedEntityManagerInvocationHandler.invoke(SharedEntityManagerCreator.java:386)
	at jdk.proxy3/jdk.proxy3.$Proxy209.merge(Unknown Source)
	at org.springframework.data.jpa.repository.support.SimpleJpaRepository.save(SimpleJpaRepository.java:667)
	at org.springframework.data.jpa.repository.support.SimpleJpaRepository.saveAll(SimpleJpaRepository.java:690)
	at java.base/jdk.internal.reflect.DirectMethodHandleAccessor.invoke(DirectMethodHandleAccessor.java:104)
	at java.base/java.lang.reflect.Method.invoke(Method.java:565)
	at org.springframework.aop.support.AopUtils.invokeJoinpointUsingReflection(AopUtils.java:359)
	at org.springframework.data.repository.core.support.RepositoryMethodInvoker$RepositoryFragmentMethodInvoker.lambda$new$0(RepositoryMethodInvoker.java:278)
	at org.springframework.data.repository.core.support.RepositoryMethodInvoker.doInvoke(RepositoryMethodInvoker.java:169)
	at org.springframework.data.repository.core.support.RepositoryMethodInvoker.invoke(RepositoryMethodInvoker.java:158)
	at org.springframework.data.repository.core.support.RepositoryComposition$RepositoryFragments.invoke(RepositoryComposition.java:545)
	at org.springframework.data.repository.core.support.RepositoryComposition.invoke(RepositoryComposition.java:290)
	at org.springframework.data.repository.core.support.RepositoryFactorySupport$ImplementationMethodExecutionInterceptor.invoke(RepositoryFactorySupport.java:690)
	at org.springframework.aop.framework.ReflectiveMethodInvocation.proceed(ReflectiveMethodInvocation.java:179)
	at org.springframework.data.repository.core.support.QueryExecutorMethodInterceptor.doInvoke(QueryExecutorMethodInterceptor.java:171)
	at org.springframework.data.repository.core.support.QueryExecutorMethodInterceptor.invoke(QueryExecutorMethodInterceptor.java:146)
	at org.springframework.aop.framework.ReflectiveMethodInvocation.proceed(ReflectiveMethodInvocation.java:179)
	at org.springframework.data.projection.DefaultMethodInvokingMethodInterceptor.invoke(DefaultMethodInvokingMethodInterceptor.java:69)
	at org.springframework.aop.framework.ReflectiveMethodInvocation.proceed(ReflectiveMethodInvocation.java:179)
	at org.springframework.transaction.interceptor.TransactionInterceptor$1.proceedWithInvocation(TransactionInterceptor.java:133)
	at org.springframework.transaction.interceptor.TransactionAspectSupport.invokeWithinTransaction(TransactionAspectSupport.java:371)
	at org.springframework.transaction.interceptor.TransactionInterceptor.invoke(TransactionInterceptor.java:130)
	at org.springframework.aop.framework.ReflectiveMethodInvocation.proceed(ReflectiveMethodInvocation.java:179)
	at org.springframework.dao.support.PersistenceExceptionTranslationInterceptor.invoke(PersistenceExceptionTranslationInterceptor.java:135)
	... 28 common frames omitted
2026-10-01 11:53:56 INFO  [main] traceId= spanId= o.s.c.n.e.s.EurekaServiceRegistry : Unregistering application PRODUCT-SERVICE with eureka with status DOWN
2026-10-01 11:53:56 INFO  [main] traceId= spanId= c.netflix.discovery.DiscoveryClient : Saw local status change event StatusChangeEvent [timestamp=1790855636211, current=DOWN, previous=UP]
2026-10-01 11:53:56 INFO  [DiscoveryClient-InstanceInfoReplicator-%d] traceId= spanId= c.netflix.discovery.DiscoveryClient : DiscoveryClient_PRODUCT-SERVICE/LAPTOP-UJ0KBI4K.mshome.net:PRODUCT-SERVICE:8081: registering service...
2026-10-01 11:53:56 INFO  [DiscoveryClient-InstanceInfoReplicator-%d] traceId= spanId= c.netflix.discovery.DiscoveryClient : DiscoveryClient_PRODUCT-SERVICE/LAPTOP-UJ0KBI4K.mshome.net:PRODUCT-SERVICE:8081 - registration status: 204
2026-10-01 11:53:56 INFO  [main] traceId= spanId= o.s.boot.tomcat.GracefulShutdown : Commencing graceful shutdown. Waiting for active requests to complete
2026-10-01 11:53:56 INFO  [tomcat-shutdown] traceId= spanId= o.s.boot.tomcat.GracefulShutdown : Graceful shutdown complete
2026-10-01 11:53:56 INFO  [main] traceId= spanId= o.s.o.j.LocalContainerEntityManagerFactoryBean : Closing JPA EntityManagerFactory for persistence unit 'default'
2026-10-01 11:53:56 INFO  [main] traceId= spanId= com.zaxxer.hikari.HikariDataSource : HikariPool-1 - Shutdown initiated...
2026-10-01 11:53:56 INFO  [main] traceId= spanId= com.zaxxer.hikari.HikariDataSource : HikariPool-1 - Shutdown completed.
2026-10-01 11:53:56 INFO  [main] traceId= spanId= c.netflix.discovery.DiscoveryClient : Shutting down DiscoveryClient ...
2026-10-01 11:53:59 INFO  [main] traceId= spanId= c.netflix.discovery.DiscoveryClient : Unregistering ...
2026-10-01 11:53:59 INFO  [main] traceId= spanId= c.netflix.discovery.DiscoveryClient : DiscoveryClient_PRODUCT-SERVICE/LAPTOP-UJ0KBI4K.mshome.net:PRODUCT-SERVICE:8081 - deregister  status: 200
2026-10-01 11:53:59 INFO  [main] traceId= spanId= c.netflix.discovery.DiscoveryClient : Completed shut down of DiscoveryClient
2026-10-01 11:58:08 INFO  [main] traceId= spanId= c.s.e.p.ProductsServiceApplication : Starting ProductsServiceApplication using Java 25.0.1 with PID 33072 (D:\Live Batches\micro_devops\easy_busy\products-service\products-service\target\classes started by DurgeshLap in D:\Live Batches\micro_devops\easy_busy)
2026-10-01 11:58:08 INFO  [main] traceId= spanId= c.s.e.p.ProductsServiceApplication : The following 1 profile is active: "dev"
2026-10-01 11:58:08 INFO  [main] traceId= spanId= o.s.c.c.c.ConfigServerConfigDataLoader : Fetching config from server at : http://localhost:8079
2026-10-01 11:58:08 INFO  [main] traceId= spanId= o.s.c.c.c.ConfigServerConfigDataLoader : Located environment: name=PRODUCT-SERVICE, profiles=[default], label=null, version=ceb379716546669fd1cb56d1a0a40d6637a384d9, state=
2026-10-01 11:58:08 INFO  [main] traceId= spanId= o.s.c.c.c.ConfigServerConfigDataLoader : Fetching config from server at : http://localhost:8079
2026-10-01 11:58:08 INFO  [main] traceId= spanId= o.s.c.c.c.ConfigServerConfigDataLoader : Located environment: name=PRODUCT-SERVICE, profiles=[dev], label=null, version=ceb379716546669fd1cb56d1a0a40d6637a384d9, state=
2026-10-01 11:58:09 INFO  [main] traceId= spanId= o.s.d.r.c.RepositoryConfigurationDelegate : Bootstrapping Spring Data JPA repositories in DEFAULT mode.
2026-10-01 11:58:09 INFO  [main] traceId= spanId= o.s.d.r.c.RepositoryConfigurationDelegate : Finished Spring Data repository scanning in 226 ms. Found 3 JPA repository interfaces.
2026-10-01 11:58:09 INFO  [main] traceId= spanId= o.s.cloud.context.scope.GenericScope : BeanFactory id=188c6a25-ca75-363b-ac0a-f08d12b40ccc
2026-10-01 11:58:10 INFO  [main] traceId= spanId= o.s.boot.tomcat.TomcatWebServer : Tomcat initialized with port 8081 (http)
2026-10-01 11:58:10 INFO  [main] traceId= spanId= o.a.catalina.core.StandardService : Starting service [Tomcat]
2026-10-01 11:58:10 INFO  [main] traceId= spanId= o.a.catalina.core.StandardEngine : Starting Servlet engine: [Apache Tomcat/11.0.21]
2026-10-01 11:58:10 INFO  [main] traceId= spanId= o.s.b.w.c.s.WebApplicationContextInitializer : Root WebApplicationContext: initialization completed in 2078 ms
2026-10-01 11:58:10 INFO  [main] traceId= spanId= org.hibernate.orm.jpa : HHH008540: Processing PersistenceUnitInfo [name: default]
2026-10-01 11:58:10 INFO  [main] traceId= spanId= org.hibernate.orm.core : HHH000001: Hibernate ORM core version 7.2.12.Final
2026-10-01 11:58:11 INFO  [main] traceId= spanId= o.s.o.j.p.SpringPersistenceUnitInfo : No LoadTimeWeaver setup: ignoring JPA class transformer
2026-10-01 11:58:11 INFO  [main] traceId= spanId= com.zaxxer.hikari.HikariDataSource : HikariPool-1 - Starting...
2026-10-01 11:58:11 INFO  [main] traceId= spanId= com.zaxxer.hikari.pool.HikariPool : HikariPool-1 - Added connection org.postgresql.jdbc.PgConnection@51971d32
2026-10-01 11:58:11 INFO  [main] traceId= spanId= com.zaxxer.hikari.HikariDataSource : HikariPool-1 - Start completed.
2026-10-01 11:58:11 WARN  [main] traceId= spanId= org.hibernate.orm.deprecation : HHH90000025: PostgreSQLDialect does not need to be specified explicitly using 'hibernate.dialect' (remove the property setting and it will be selected by default)
2026-10-01 11:58:11 INFO  [main] traceId= spanId= o.hibernate.orm.connections.pooling : HHH10001005: Database info:
	Database JDBC URL [jdbc:postgresql://localhost:5432/productdb?currentSchema=public]
	Database driver: PostgreSQL JDBC Driver
	Database dialect: PostgreSQLDialect
	Database version: 18.4
	Default catalog/schema: productdb/public
	Autocommit mode: undefined/unknown
	Isolation level: READ_COMMITTED [default READ_COMMITTED]
	JDBC fetch size: none
	Pool: DataSourceConnectionProvider
	Minimum pool size: undefined/unknown
	Maximum pool size: undefined/unknown
2026-10-01 11:58:13 INFO  [main] traceId= spanId= org.hibernate.orm.core : HHH000489: No JTA platform available (set 'hibernate.transaction.jta.platform' to enable JTA platform integration)
2026-10-01 11:58:13 INFO  [main] traceId= spanId= o.s.o.j.LocalContainerEntityManagerFactoryBean : Initialized JPA EntityManagerFactory for persistence unit 'default'
2026-10-01 11:58:13 INFO  [main] traceId= spanId= o.s.d.j.r.q.QueryEnhancerFactories : Hibernate is in classpath; If applicable, HQL parser will be used.
2026-10-01 11:58:14 WARN  [main] traceId= spanId= o.s.b.j.a.JpaBaseConfiguration$JpaWebConfiguration : spring.jpa.open-in-view is enabled by default. Therefore, database queries may be performed during view rendering. Explicitly configure spring.jpa.open-in-view to disable this warning
2026-10-01 11:58:15 INFO  [main] traceId= spanId= o.s.c.n.e.c.DiscoveryClientOptionalArgsConfiguration : Eureka HTTP Client uses RestClient.
2026-10-01 11:58:15 WARN  [main] traceId= spanId= o.s.c.l.c.LoadBalancerCacheAutoConfiguration$LoadBalancerCaffeineWarnLogger : Spring Cloud LoadBalancer is currently working with the default cache. While this cache implementation is useful for development and tests, it's recommended to use Caffeine cache in production.You can switch to using Caffeine cache, by adding it and org.springframework.cache.caffeine.CaffeineCacheManager to the classpath.
2026-10-01 11:58:15 INFO  [main] traceId= spanId= o.s.b.a.e.web.EndpointLinksResolver : Exposing 17 endpoints beneath base path '/actuator'
2026-10-01 11:58:15 INFO  [main] traceId= spanId= o.s.c.n.eureka.InstanceInfoFactory : Setting initial instance status as: STARTING
2026-10-01 11:58:15 INFO  [main] traceId= spanId= c.netflix.discovery.DiscoveryClient : Initializing Eureka in region us-east-1
2026-10-01 11:58:15 INFO  [main] traceId= spanId= c.n.d.s.r.aws.ConfigClusterResolver : Resolving eureka endpoints via configuration
2026-10-01 11:58:15 INFO  [main] traceId= spanId= c.netflix.discovery.DiscoveryClient : Disable delta property : false
2026-10-01 11:58:15 INFO  [main] traceId= spanId= c.netflix.discovery.DiscoveryClient : Single vip registry refresh property : null
2026-10-01 11:58:15 INFO  [main] traceId= spanId= c.netflix.discovery.DiscoveryClient : Force full registry fetch : false
2026-10-01 11:58:15 INFO  [main] traceId= spanId= c.netflix.discovery.DiscoveryClient : Application is null : false
2026-10-01 11:58:15 INFO  [main] traceId= spanId= c.netflix.discovery.DiscoveryClient : Registered Applications size is zero : true
2026-10-01 11:58:15 INFO  [main] traceId= spanId= c.netflix.discovery.DiscoveryClient : Application version is -1: true
2026-10-01 11:58:15 INFO  [main] traceId= spanId= c.netflix.discovery.DiscoveryClient : Getting all instance registry info from the eureka server
2026-10-01 11:58:16 INFO  [main] traceId= spanId= c.netflix.discovery.DiscoveryClient : The response status is 200
2026-10-01 11:58:16 INFO  [main] traceId= spanId= c.netflix.discovery.DiscoveryClient : Starting heartbeat executor: renew interval is: 30
2026-10-01 11:58:16 INFO  [main] traceId= spanId= c.n.discovery.InstanceInfoReplicator : InstanceInfoReplicator onDemand update allowed rate per min is 4
2026-10-01 11:58:16 INFO  [main] traceId= spanId= c.netflix.discovery.DiscoveryClient : Discovery Client initialized at timestamp 1790855896607 with initial instances count: 3
2026-10-01 11:58:16 INFO  [main] traceId= spanId= o.s.c.n.e.s.EurekaServiceRegistry : Registering application PRODUCT-SERVICE with eureka with status UP
2026-10-01 11:58:16 INFO  [main] traceId= spanId= c.netflix.discovery.DiscoveryClient : Saw local status change event StatusChangeEvent [timestamp=1790855896614, current=UP, previous=STARTING]
2026-10-01 11:58:16 INFO  [DiscoveryClient-InstanceInfoReplicator-%d] traceId= spanId= c.netflix.discovery.DiscoveryClient : DiscoveryClient_PRODUCT-SERVICE/LAPTOP-UJ0KBI4K.mshome.net:PRODUCT-SERVICE:8081: registering service...
2026-10-01 11:58:16 INFO  [main] traceId= spanId= o.s.boot.tomcat.TomcatWebServer : Tomcat started on port 8081 (http) with context path '/'
2026-10-01 11:58:16 INFO  [main] traceId= spanId= o.s.c.n.e.s.EurekaAutoServiceRegistration : Updating port to 8081
2026-10-01 11:58:16 INFO  [DiscoveryClient-InstanceInfoReplicator-%d] traceId= spanId= c.netflix.discovery.DiscoveryClient : DiscoveryClient_PRODUCT-SERVICE/LAPTOP-UJ0KBI4K.mshome.net:PRODUCT-SERVICE:8081 - registration status: 204
2026-10-01 11:58:16 INFO  [main] traceId= spanId= c.s.e.p.ProductsServiceApplication : Started ProductsServiceApplication in 11.661 seconds (process running for 15.704)
2026-10-01 11:58:17 INFO  [main] traceId= spanId= o.s.b.a.l.ConditionEvaluationReportLogger : 

Error starting ApplicationContext. To display the condition evaluation report re-run your application with 'debug' enabled.
2026-10-01 11:58:17 ERROR [main] traceId= spanId= o.s.boot.SpringApplication : Application run failed
jakarta.persistence.EntityExistsException: Detached entity passed to persist: com.substring.easybuy.products.entity.Product
	at org.hibernate.internal.ExceptionConverterImpl.convert(ExceptionConverterImpl.java:112)
	at org.hibernate.internal.ExceptionConverterImpl.convert(ExceptionConverterImpl.java:168)
	at org.hibernate.internal.ExceptionConverterImpl.convert(ExceptionConverterImpl.java:174)
	at org.hibernate.internal.SessionImpl.firePersist(SessionImpl.java:699)
	at org.hibernate.internal.SessionImpl.persist(SessionImpl.java:675)
	at java.base/jdk.internal.reflect.DirectMethodHandleAccessor.invoke(DirectMethodHandleAccessor.java:104)
	at java.base/java.lang.reflect.Method.invoke(Method.java:565)
	at org.springframework.orm.jpa.SharedEntityManagerCreator$SharedEntityHandlerInvocationHandler.invokeMethod(SharedEntityManagerCreator.java:240)
	at org.springframework.orm.jpa.SharedEntityManagerCreator$SharedEntityManagerInvocationHandler.invoke(SharedEntityManagerCreator.java:386)
	at jdk.proxy3/jdk.proxy3.$Proxy209.persist(Unknown Source)
	at com.substring.easybuy.products.config.DbInitializer.run(DbInitializer.java:70)
	at java.base/jdk.internal.reflect.DirectMethodHandleAccessor.invoke(DirectMethodHandleAccessor.java:104)
	at java.base/java.lang.reflect.Method.invoke(Method.java:565)
	at org.springframework.aop.support.AopUtils.invokeJoinpointUsingReflection(AopUtils.java:359)
	at org.springframework.aop.framework.ReflectiveMethodInvocation.invokeJoinpoint(ReflectiveMethodInvocation.java:190)
	at org.springframework.aop.framework.ReflectiveMethodInvocation.proceed(ReflectiveMethodInvocation.java:158)
	at org.springframework.transaction.interceptor.TransactionInterceptor$1.proceedWithInvocation(TransactionInterceptor.java:133)
	at org.springframework.transaction.interceptor.TransactionAspectSupport.invokeWithinTransaction(TransactionAspectSupport.java:371)
	at org.springframework.transaction.interceptor.TransactionInterceptor.invoke(TransactionInterceptor.java:130)
	at org.springframework.aop.framework.ReflectiveMethodInvocation.proceed(ReflectiveMethodInvocation.java:179)
	at org.springframework.aop.framework.CglibAopProxy$DynamicAdvisedInterceptor.intercept(CglibAopProxy.java:719)
	at com.substring.easybuy.products.config.DbInitializer$$SpringCGLIB$$0.run(<generated>)
	at org.springframework.boot.SpringApplication.lambda$callRunner$1(SpringApplication.java:792)
	at org.springframework.util.function.ThrowingConsumer$1.acceptWithException(ThrowingConsumer.java:82)
	at org.springframework.util.function.ThrowingConsumer.accept(ThrowingConsumer.java:60)
	at org.springframework.util.function.ThrowingConsumer$1.accept(ThrowingConsumer.java:86)
	at org.springframework.boot.SpringApplication.callRunner(SpringApplication.java:800)
	at org.springframework.boot.SpringApplication.callRunner(SpringApplication.java:791)
	at org.springframework.boot.SpringApplication.lambda$callRunners$0(SpringApplication.java:776)
	at java.base/java.util.stream.ForEachOps$ForEachOp$OfRef.accept(ForEachOps.java:186)
	at java.base/java.util.stream.SortedOps$SizedRefSortingSink.end(SortedOps.java:357)
	at java.base/java.util.stream.AbstractPipeline.copyInto(AbstractPipeline.java:571)
	at java.base/java.util.stream.AbstractPipeline.wrapAndCopyInto(AbstractPipeline.java:560)
	at java.base/java.util.stream.ForEachOps$ForEachOp.evaluateSequential(ForEachOps.java:153)
	at java.base/java.util.stream.ForEachOps$ForEachOp$OfRef.evaluateSequential(ForEachOps.java:176)
	at java.base/java.util.stream.AbstractPipeline.evaluate(AbstractPipeline.java:265)
	at java.base/java.util.stream.ReferencePipeline.forEach(ReferencePipeline.java:632)
	at org.springframework.boot.SpringApplication.callRunners(SpringApplication.java:776)
	at org.springframework.boot.SpringApplication.run(SpringApplication.java:328)
	at org.springframework.boot.SpringApplication.run(SpringApplication.java:1365)
	at org.springframework.boot.SpringApplication.run(SpringApplication.java:1354)
	at com.substring.easybuy.products.ProductsServiceApplication.main(ProductsServiceApplication.java:23)
Caused by: org.hibernate.PersistentObjectException: Detached entity passed to persist: com.substring.easybuy.products.entity.Product
	at org.hibernate.event.internal.DefaultPersistEventListener.persist(DefaultPersistEventListener.java:85)
	at org.hibernate.event.internal.DefaultPersistEventListener.onPersist(DefaultPersistEventListener.java:74)
	at org.hibernate.event.internal.DefaultPersistEventListener.onPersist(DefaultPersistEventListener.java:50)
	at org.hibernate.event.service.internal.EventListenerGroupImpl.fireEventOnEachListener(EventListenerGroupImpl.java:138)
	at org.hibernate.internal.SessionImpl.firePersist(SessionImpl.java:692)
	... 38 common frames omitted
2026-10-01 11:58:17 INFO  [main] traceId= spanId= o.s.c.n.e.s.EurekaServiceRegistry : Unregistering application PRODUCT-SERVICE with eureka with status DOWN
2026-10-01 11:58:17 INFO  [main] traceId= spanId= c.netflix.discovery.DiscoveryClient : Saw local status change event StatusChangeEvent [timestamp=1790855897106, current=DOWN, previous=UP]
2026-10-01 11:58:17 INFO  [DiscoveryClient-InstanceInfoReplicator-%d] traceId= spanId= c.netflix.discovery.DiscoveryClient : DiscoveryClient_PRODUCT-SERVICE/LAPTOP-UJ0KBI4K.mshome.net:PRODUCT-SERVICE:8081: registering service...
2026-10-01 11:58:17 INFO  [DiscoveryClient-InstanceInfoReplicator-%d] traceId= spanId= c.netflix.discovery.DiscoveryClient : DiscoveryClient_PRODUCT-SERVICE/LAPTOP-UJ0KBI4K.mshome.net:PRODUCT-SERVICE:8081 - registration status: 204
2026-10-01 11:58:17 INFO  [main] traceId= spanId= o.s.boot.tomcat.GracefulShutdown : Commencing graceful shutdown. Waiting for active requests to complete
2026-10-01 11:58:17 INFO  [tomcat-shutdown] traceId= spanId= o.s.boot.tomcat.GracefulShutdown : Graceful shutdown complete
2026-10-01 11:58:17 INFO  [main] traceId= spanId= o.s.o.j.LocalContainerEntityManagerFactoryBean : Closing JPA EntityManagerFactory for persistence unit 'default'
2026-10-01 11:58:17 INFO  [main] traceId= spanId= com.zaxxer.hikari.HikariDataSource : HikariPool-1 - Shutdown initiated...
2026-10-01 11:58:17 INFO  [main] traceId= spanId= com.zaxxer.hikari.HikariDataSource : HikariPool-1 - Shutdown completed.
2026-10-01 11:58:17 INFO  [main] traceId= spanId= c.netflix.discovery.DiscoveryClient : Shutting down DiscoveryClient ...
2026-10-01 11:58:20 INFO  [main] traceId= spanId= c.netflix.discovery.DiscoveryClient : Unregistering ...
2026-10-01 11:58:20 INFO  [main] traceId= spanId= c.netflix.discovery.DiscoveryClient : DiscoveryClient_PRODUCT-SERVICE/LAPTOP-UJ0KBI4K.mshome.net:PRODUCT-SERVICE:8081 - deregister  status: 200
2026-10-01 11:58:20 INFO  [main] traceId= spanId= c.netflix.discovery.DiscoveryClient : Completed shut down of DiscoveryClient
2026-10-01 11:58:47 INFO  [main] traceId= spanId= c.s.e.p.ProductsServiceApplication : Starting ProductsServiceApplication using Java 25.0.1 with PID 16824 (D:\Live Batches\micro_devops\easy_busy\products-service\products-service\target\classes started by DurgeshLap in D:\Live Batches\micro_devops\easy_busy)
2026-10-01 11:58:47 INFO  [main] traceId= spanId= c.s.e.p.ProductsServiceApplication : The following 1 profile is active: "dev"
2026-10-01 11:58:47 INFO  [main] traceId= spanId= o.s.c.c.c.ConfigServerConfigDataLoader : Fetching config from server at : http://localhost:8079
2026-10-01 11:58:47 INFO  [main] traceId= spanId= o.s.c.c.c.ConfigServerConfigDataLoader : Located environment: name=PRODUCT-SERVICE, profiles=[default], label=null, version=ceb379716546669fd1cb56d1a0a40d6637a384d9, state=
2026-10-01 11:58:47 INFO  [main] traceId= spanId= o.s.c.c.c.ConfigServerConfigDataLoader : Fetching config from server at : http://localhost:8079
2026-10-01 11:58:47 INFO  [main] traceId= spanId= o.s.c.c.c.ConfigServerConfigDataLoader : Located environment: name=PRODUCT-SERVICE, profiles=[dev], label=null, version=ceb379716546669fd1cb56d1a0a40d6637a384d9, state=
2026-10-01 11:58:48 INFO  [main] traceId= spanId= o.s.d.r.c.RepositoryConfigurationDelegate : Bootstrapping Spring Data JPA repositories in DEFAULT mode.
2026-10-01 11:58:48 INFO  [main] traceId= spanId= o.s.d.r.c.RepositoryConfigurationDelegate : Finished Spring Data repository scanning in 170 ms. Found 3 JPA repository interfaces.
2026-10-01 11:58:48 INFO  [main] traceId= spanId= o.s.cloud.context.scope.GenericScope : BeanFactory id=188c6a25-ca75-363b-ac0a-f08d12b40ccc
2026-10-01 11:58:49 INFO  [main] traceId= spanId= o.s.boot.tomcat.TomcatWebServer : Tomcat initialized with port 8081 (http)
2026-10-01 11:58:49 INFO  [main] traceId= spanId= o.a.catalina.core.StandardService : Starting service [Tomcat]
2026-10-01 11:58:49 INFO  [main] traceId= spanId= o.a.catalina.core.StandardEngine : Starting Servlet engine: [Apache Tomcat/11.0.21]
2026-10-01 11:58:49 INFO  [main] traceId= spanId= o.s.b.w.c.s.WebApplicationContextInitializer : Root WebApplicationContext: initialization completed in 1850 ms
2026-10-01 11:58:49 INFO  [main] traceId= spanId= org.hibernate.orm.jpa : HHH008540: Processing PersistenceUnitInfo [name: default]
2026-10-01 11:58:49 INFO  [main] traceId= spanId= org.hibernate.orm.core : HHH000001: Hibernate ORM core version 7.2.12.Final
2026-10-01 11:58:50 INFO  [main] traceId= spanId= o.s.o.j.p.SpringPersistenceUnitInfo : No LoadTimeWeaver setup: ignoring JPA class transformer
2026-10-01 11:58:50 INFO  [main] traceId= spanId= com.zaxxer.hikari.HikariDataSource : HikariPool-1 - Starting...
2026-10-01 11:58:50 INFO  [main] traceId= spanId= com.zaxxer.hikari.pool.HikariPool : HikariPool-1 - Added connection org.postgresql.jdbc.PgConnection@2f98c012
2026-10-01 11:58:50 INFO  [main] traceId= spanId= com.zaxxer.hikari.HikariDataSource : HikariPool-1 - Start completed.
2026-10-01 11:58:50 WARN  [main] traceId= spanId= org.hibernate.orm.deprecation : HHH90000025: PostgreSQLDialect does not need to be specified explicitly using 'hibernate.dialect' (remove the property setting and it will be selected by default)
2026-10-01 11:58:50 INFO  [main] traceId= spanId= o.hibernate.orm.connections.pooling : HHH10001005: Database info:
	Database JDBC URL [jdbc:postgresql://localhost:5432/productdb?currentSchema=public]
	Database driver: PostgreSQL JDBC Driver
	Database dialect: PostgreSQLDialect
	Database version: 18.4
	Default catalog/schema: productdb/public
	Autocommit mode: undefined/unknown
	Isolation level: READ_COMMITTED [default READ_COMMITTED]
	JDBC fetch size: none
	Pool: DataSourceConnectionProvider
	Minimum pool size: undefined/unknown
	Maximum pool size: undefined/unknown
2026-10-01 11:58:51 INFO  [main] traceId= spanId= org.hibernate.orm.core : HHH000489: No JTA platform available (set 'hibernate.transaction.jta.platform' to enable JTA platform integration)
2026-10-01 11:58:52 INFO  [main] traceId= spanId= o.s.o.j.LocalContainerEntityManagerFactoryBean : Initialized JPA EntityManagerFactory for persistence unit 'default'
2026-10-01 11:58:52 INFO  [main] traceId= spanId= o.s.d.j.r.q.QueryEnhancerFactories : Hibernate is in classpath; If applicable, HQL parser will be used.
2026-10-01 11:58:53 WARN  [main] traceId= spanId= o.s.b.j.a.JpaBaseConfiguration$JpaWebConfiguration : spring.jpa.open-in-view is enabled by default. Therefore, database queries may be performed during view rendering. Explicitly configure spring.jpa.open-in-view to disable this warning
2026-10-01 11:58:54 INFO  [main] traceId= spanId= o.s.c.n.e.c.DiscoveryClientOptionalArgsConfiguration : Eureka HTTP Client uses RestClient.
2026-10-01 11:58:54 WARN  [main] traceId= spanId= o.s.c.l.c.LoadBalancerCacheAutoConfiguration$LoadBalancerCaffeineWarnLogger : Spring Cloud LoadBalancer is currently working with the default cache. While this cache implementation is useful for development and tests, it's recommended to use Caffeine cache in production.You can switch to using Caffeine cache, by adding it and org.springframework.cache.caffeine.CaffeineCacheManager to the classpath.
2026-10-01 11:58:54 INFO  [main] traceId= spanId= o.s.b.a.e.web.EndpointLinksResolver : Exposing 17 endpoints beneath base path '/actuator'
2026-10-01 11:58:54 INFO  [main] traceId= spanId= o.s.c.n.eureka.InstanceInfoFactory : Setting initial instance status as: STARTING
2026-10-01 11:58:54 INFO  [main] traceId= spanId= c.netflix.discovery.DiscoveryClient : Initializing Eureka in region us-east-1
2026-10-01 11:58:54 INFO  [main] traceId= spanId= c.n.d.s.r.aws.ConfigClusterResolver : Resolving eureka endpoints via configuration
2026-10-01 11:58:54 INFO  [main] traceId= spanId= c.netflix.discovery.DiscoveryClient : Disable delta property : false
2026-10-01 11:58:54 INFO  [main] traceId= spanId= c.netflix.discovery.DiscoveryClient : Single vip registry refresh property : null
2026-10-01 11:58:54 INFO  [main] traceId= spanId= c.netflix.discovery.DiscoveryClient : Force full registry fetch : false
2026-10-01 11:58:54 INFO  [main] traceId= spanId= c.netflix.discovery.DiscoveryClient : Application is null : false
2026-10-01 11:58:54 INFO  [main] traceId= spanId= c.netflix.discovery.DiscoveryClient : Registered Applications size is zero : true
2026-10-01 11:58:54 INFO  [main] traceId= spanId= c.netflix.discovery.DiscoveryClient : Application version is -1: true
2026-10-01 11:58:54 INFO  [main] traceId= spanId= c.netflix.discovery.DiscoveryClient : Getting all instance registry info from the eureka server
2026-10-01 11:58:54 INFO  [main] traceId= spanId= c.netflix.discovery.DiscoveryClient : The response status is 200
2026-10-01 11:58:54 INFO  [main] traceId= spanId= c.netflix.discovery.DiscoveryClient : Starting heartbeat executor: renew interval is: 30
2026-10-01 11:58:54 INFO  [main] traceId= spanId= c.n.discovery.InstanceInfoReplicator : InstanceInfoReplicator onDemand update allowed rate per min is 4
2026-10-01 11:58:54 INFO  [main] traceId= spanId= c.netflix.discovery.DiscoveryClient : Discovery Client initialized at timestamp 1790855934724 with initial instances count: 3
2026-10-01 11:58:54 INFO  [main] traceId= spanId= o.s.c.n.e.s.EurekaServiceRegistry : Registering application PRODUCT-SERVICE with eureka with status UP
2026-10-01 11:58:54 INFO  [main] traceId= spanId= c.netflix.discovery.DiscoveryClient : Saw local status change event StatusChangeEvent [timestamp=1790855934728, current=UP, previous=STARTING]
2026-10-01 11:58:54 INFO  [DiscoveryClient-InstanceInfoReplicator-%d] traceId= spanId= c.netflix.discovery.DiscoveryClient : DiscoveryClient_PRODUCT-SERVICE/LAPTOP-UJ0KBI4K.mshome.net:PRODUCT-SERVICE:8081: registering service...
2026-10-01 11:58:54 INFO  [DiscoveryClient-InstanceInfoReplicator-%d] traceId= spanId= c.netflix.discovery.DiscoveryClient : DiscoveryClient_PRODUCT-SERVICE/LAPTOP-UJ0KBI4K.mshome.net:PRODUCT-SERVICE:8081 - registration status: 204
2026-10-01 11:58:54 INFO  [main] traceId= spanId= o.s.boot.tomcat.TomcatWebServer : Tomcat started on port 8081 (http) with context path '/'
2026-10-01 11:58:54 INFO  [main] traceId= spanId= o.s.c.n.e.s.EurekaAutoServiceRegistration : Updating port to 8081
2026-10-01 11:58:54 INFO  [main] traceId= spanId= c.s.e.p.ProductsServiceApplication : Started ProductsServiceApplication in 10.1 seconds (process running for 13.947)
2026-10-01 11:58:54 INFO  [main] traceId= spanId= o.s.b.a.l.ConditionEvaluationReportLogger : 

Error starting ApplicationContext. To display the condition evaluation report re-run your application with 'debug' enabled.
2026-10-01 11:58:54 ERROR [main] traceId= spanId= o.s.boot.SpringApplication : Application run failed
jakarta.persistence.EntityExistsException: Detached entity passed to persist: com.substring.easybuy.products.entity.Product
	at org.hibernate.internal.ExceptionConverterImpl.convert(ExceptionConverterImpl.java:112)
	at org.hibernate.internal.ExceptionConverterImpl.convert(ExceptionConverterImpl.java:168)
	at org.hibernate.internal.ExceptionConverterImpl.convert(ExceptionConverterImpl.java:174)
	at org.hibernate.internal.SessionImpl.firePersist(SessionImpl.java:699)
	at org.hibernate.internal.SessionImpl.persist(SessionImpl.java:675)
	at java.base/jdk.internal.reflect.DirectMethodHandleAccessor.invoke(DirectMethodHandleAccessor.java:104)
	at java.base/java.lang.reflect.Method.invoke(Method.java:565)
	at org.springframework.orm.jpa.SharedEntityManagerCreator$SharedEntityHandlerInvocationHandler.invokeMethod(SharedEntityManagerCreator.java:240)
	at org.springframework.orm.jpa.SharedEntityManagerCreator$SharedEntityManagerInvocationHandler.invoke(SharedEntityManagerCreator.java:386)
	at jdk.proxy3/jdk.proxy3.$Proxy209.persist(Unknown Source)
	at com.substring.easybuy.products.config.DbInitializer.run(DbInitializer.java:70)
	at java.base/jdk.internal.reflect.DirectMethodHandleAccessor.invoke(DirectMethodHandleAccessor.java:104)
	at java.base/java.lang.reflect.Method.invoke(Method.java:565)
	at org.springframework.aop.support.AopUtils.invokeJoinpointUsingReflection(AopUtils.java:359)
	at org.springframework.aop.framework.ReflectiveMethodInvocation.invokeJoinpoint(ReflectiveMethodInvocation.java:190)
	at org.springframework.aop.framework.ReflectiveMethodInvocation.proceed(ReflectiveMethodInvocation.java:158)
	at org.springframework.transaction.interceptor.TransactionInterceptor$1.proceedWithInvocation(TransactionInterceptor.java:133)
	at org.springframework.transaction.interceptor.TransactionAspectSupport.invokeWithinTransaction(TransactionAspectSupport.java:371)
	at org.springframework.transaction.interceptor.TransactionInterceptor.invoke(TransactionInterceptor.java:130)
	at org.springframework.aop.framework.ReflectiveMethodInvocation.proceed(ReflectiveMethodInvocation.java:179)
	at org.springframework.aop.framework.CglibAopProxy$DynamicAdvisedInterceptor.intercept(CglibAopProxy.java:719)
	at com.substring.easybuy.products.config.DbInitializer$$SpringCGLIB$$0.run(<generated>)
	at org.springframework.boot.SpringApplication.lambda$callRunner$1(SpringApplication.java:792)
	at org.springframework.util.function.ThrowingConsumer$1.acceptWithException(ThrowingConsumer.java:82)
	at org.springframework.util.function.ThrowingConsumer.accept(ThrowingConsumer.java:60)
	at org.springframework.util.function.ThrowingConsumer$1.accept(ThrowingConsumer.java:86)
	at org.springframework.boot.SpringApplication.callRunner(SpringApplication.java:800)
	at org.springframework.boot.SpringApplication.callRunner(SpringApplication.java:791)
	at org.springframework.boot.SpringApplication.lambda$callRunners$0(SpringApplication.java:776)
	at java.base/java.util.stream.ForEachOps$ForEachOp$OfRef.accept(ForEachOps.java:186)
	at java.base/java.util.stream.SortedOps$SizedRefSortingSink.end(SortedOps.java:357)
	at java.base/java.util.stream.AbstractPipeline.copyInto(AbstractPipeline.java:571)
	at java.base/java.util.stream.AbstractPipeline.wrapAndCopyInto(AbstractPipeline.java:560)
	at java.base/java.util.stream.ForEachOps$ForEachOp.evaluateSequential(ForEachOps.java:153)
	at java.base/java.util.stream.ForEachOps$ForEachOp$OfRef.evaluateSequential(ForEachOps.java:176)
	at java.base/java.util.stream.AbstractPipeline.evaluate(AbstractPipeline.java:265)
	at java.base/java.util.stream.ReferencePipeline.forEach(ReferencePipeline.java:632)
	at org.springframework.boot.SpringApplication.callRunners(SpringApplication.java:776)
	at org.springframework.boot.SpringApplication.run(SpringApplication.java:328)
	at org.springframework.boot.SpringApplication.run(SpringApplication.java:1365)
	at org.springframework.boot.SpringApplication.run(SpringApplication.java:1354)
	at com.substring.easybuy.products.ProductsServiceApplication.main(ProductsServiceApplication.java:23)
Caused by: org.hibernate.PersistentObjectException: Detached entity passed to persist: com.substring.easybuy.products.entity.Product
	at org.hibernate.event.internal.DefaultPersistEventListener.persist(DefaultPersistEventListener.java:85)
	at org.hibernate.event.internal.DefaultPersistEventListener.onPersist(DefaultPersistEventListener.java:74)
	at org.hibernate.event.internal.DefaultPersistEventListener.onPersist(DefaultPersistEventListener.java:50)
	at org.hibernate.event.service.internal.EventListenerGroupImpl.fireEventOnEachListener(EventListenerGroupImpl.java:138)
	at org.hibernate.internal.SessionImpl.firePersist(SessionImpl.java:692)
	... 38 common frames omitted
2026-10-01 11:58:54 INFO  [main] traceId= spanId= o.s.c.n.e.s.EurekaServiceRegistry : Unregistering application PRODUCT-SERVICE with eureka with status DOWN
2026-10-01 11:58:54 INFO  [main] traceId= spanId= c.netflix.discovery.DiscoveryClient : Saw local status change event StatusChangeEvent [timestamp=1790855934965, current=DOWN, previous=UP]
2026-10-01 11:58:54 INFO  [DiscoveryClient-InstanceInfoReplicator-%d] traceId= spanId= c.netflix.discovery.DiscoveryClient : DiscoveryClient_PRODUCT-SERVICE/LAPTOP-UJ0KBI4K.mshome.net:PRODUCT-SERVICE:8081: registering service...
2026-10-01 11:58:54 INFO  [main] traceId= spanId= o.s.boot.tomcat.GracefulShutdown : Commencing graceful shutdown. Waiting for active requests to complete
2026-10-01 11:58:54 INFO  [tomcat-shutdown] traceId= spanId= o.s.boot.tomcat.GracefulShutdown : Graceful shutdown complete
2026-10-01 11:58:54 INFO  [main] traceId= spanId= o.s.o.j.LocalContainerEntityManagerFactoryBean : Closing JPA EntityManagerFactory for persistence unit 'default'
2026-10-01 11:58:54 INFO  [main] traceId= spanId= com.zaxxer.hikari.HikariDataSource : HikariPool-1 - Shutdown initiated...
2026-10-01 11:58:54 INFO  [main] traceId= spanId= com.zaxxer.hikari.HikariDataSource : HikariPool-1 - Shutdown completed.
2026-10-01 11:58:54 INFO  [main] traceId= spanId= c.netflix.discovery.DiscoveryClient : Shutting down DiscoveryClient ...
2026-10-01 11:58:55 INFO  [DiscoveryClient-InstanceInfoReplicator-%d] traceId= spanId= c.netflix.discovery.DiscoveryClient : DiscoveryClient_PRODUCT-SERVICE/LAPTOP-UJ0KBI4K.mshome.net:PRODUCT-SERVICE:8081 - registration status: 204
2026-10-01 11:58:55 INFO  [main] traceId= spanId= c.netflix.discovery.DiscoveryClient : Unregistering ...
2026-10-01 11:58:55 INFO  [main] traceId= spanId= c.netflix.discovery.DiscoveryClient : DiscoveryClient_PRODUCT-SERVICE/LAPTOP-UJ0KBI4K.mshome.net:PRODUCT-SERVICE:8081 - deregister  status: 200
2026-10-01 11:58:55 INFO  [main] traceId= spanId= c.netflix.discovery.DiscoveryClient : Completed shut down of DiscoveryClient
2026-10-01 12:01:32 INFO  [main] traceId= spanId= c.s.e.p.ProductsServiceApplication : Starting ProductsServiceApplication using Java 25.0.1 with PID 42860 (D:\Live Batches\micro_devops\easy_busy\products-service\products-service\target\classes started by DurgeshLap in D:\Live Batches\micro_devops\easy_busy)
2026-10-01 12:01:32 INFO  [main] traceId= spanId= c.s.e.p.ProductsServiceApplication : The following 1 profile is active: "dev"
2026-10-01 12:01:32 INFO  [main] traceId= spanId= o.s.c.c.c.ConfigServerConfigDataLoader : Fetching config from server at : http://localhost:8079
2026-10-01 12:01:32 INFO  [main] traceId= spanId= o.s.c.c.c.ConfigServerConfigDataLoader : Located environment: name=PRODUCT-SERVICE, profiles=[default], label=null, version=ceb379716546669fd1cb56d1a0a40d6637a384d9, state=
2026-10-01 12:01:32 INFO  [main] traceId= spanId= o.s.c.c.c.ConfigServerConfigDataLoader : Fetching config from server at : http://localhost:8079
2026-10-01 12:01:32 INFO  [main] traceId= spanId= o.s.c.c.c.ConfigServerConfigDataLoader : Located environment: name=PRODUCT-SERVICE, profiles=[dev], label=null, version=ceb379716546669fd1cb56d1a0a40d6637a384d9, state=
2026-10-01 12:01:33 INFO  [main] traceId= spanId= o.s.d.r.c.RepositoryConfigurationDelegate : Bootstrapping Spring Data JPA repositories in DEFAULT mode.
2026-10-01 12:01:34 INFO  [main] traceId= spanId= o.s.d.r.c.RepositoryConfigurationDelegate : Finished Spring Data repository scanning in 220 ms. Found 3 JPA repository interfaces.
2026-10-01 12:01:34 INFO  [main] traceId= spanId= o.s.cloud.context.scope.GenericScope : BeanFactory id=188c6a25-ca75-363b-ac0a-f08d12b40ccc
2026-10-01 12:01:34 INFO  [main] traceId= spanId= o.s.boot.tomcat.TomcatWebServer : Tomcat initialized with port 8081 (http)
2026-10-01 12:01:35 INFO  [main] traceId= spanId= o.a.catalina.core.StandardService : Starting service [Tomcat]
2026-10-01 12:01:35 INFO  [main] traceId= spanId= o.a.catalina.core.StandardEngine : Starting Servlet engine: [Apache Tomcat/11.0.21]
2026-10-01 12:01:35 INFO  [main] traceId= spanId= o.s.b.w.c.s.WebApplicationContextInitializer : Root WebApplicationContext: initialization completed in 2499 ms
2026-10-01 12:01:35 INFO  [main] traceId= spanId= org.hibernate.orm.jpa : HHH008540: Processing PersistenceUnitInfo [name: default]
2026-10-01 12:01:35 INFO  [main] traceId= spanId= org.hibernate.orm.core : HHH000001: Hibernate ORM core version 7.2.12.Final
2026-10-01 12:01:36 INFO  [main] traceId= spanId= o.s.o.j.p.SpringPersistenceUnitInfo : No LoadTimeWeaver setup: ignoring JPA class transformer
2026-10-01 12:01:36 INFO  [main] traceId= spanId= com.zaxxer.hikari.HikariDataSource : HikariPool-1 - Starting...
2026-10-01 12:01:36 INFO  [main] traceId= spanId= com.zaxxer.hikari.pool.HikariPool : HikariPool-1 - Added connection org.postgresql.jdbc.PgConnection@9bd43b7
2026-10-01 12:01:36 INFO  [main] traceId= spanId= com.zaxxer.hikari.HikariDataSource : HikariPool-1 - Start completed.
2026-10-01 12:01:36 WARN  [main] traceId= spanId= org.hibernate.orm.deprecation : HHH90000025: PostgreSQLDialect does not need to be specified explicitly using 'hibernate.dialect' (remove the property setting and it will be selected by default)
2026-10-01 12:01:36 INFO  [main] traceId= spanId= o.hibernate.orm.connections.pooling : HHH10001005: Database info:
	Database JDBC URL [jdbc:postgresql://localhost:5432/productdb?currentSchema=public]
	Database driver: PostgreSQL JDBC Driver
	Database dialect: PostgreSQLDialect
	Database version: 18.4
	Default catalog/schema: productdb/public
	Autocommit mode: undefined/unknown
	Isolation level: READ_COMMITTED [default READ_COMMITTED]
	JDBC fetch size: none
	Pool: DataSourceConnectionProvider
	Minimum pool size: undefined/unknown
	Maximum pool size: undefined/unknown
2026-10-01 12:01:38 INFO  [main] traceId= spanId= org.hibernate.orm.core : HHH000489: No JTA platform available (set 'hibernate.transaction.jta.platform' to enable JTA platform integration)
2026-10-01 12:01:38 INFO  [main] traceId= spanId= o.s.o.j.LocalContainerEntityManagerFactoryBean : Initialized JPA EntityManagerFactory for persistence unit 'default'
2026-10-01 12:01:38 INFO  [main] traceId= spanId= o.s.d.j.r.q.QueryEnhancerFactories : Hibernate is in classpath; If applicable, HQL parser will be used.
2026-10-01 12:01:40 WARN  [main] traceId= spanId= o.s.b.j.a.JpaBaseConfiguration$JpaWebConfiguration : spring.jpa.open-in-view is enabled by default. Therefore, database queries may be performed during view rendering. Explicitly configure spring.jpa.open-in-view to disable this warning
2026-10-01 12:01:41 INFO  [main] traceId= spanId= o.s.c.n.e.c.DiscoveryClientOptionalArgsConfiguration : Eureka HTTP Client uses RestClient.
2026-10-01 12:01:41 WARN  [main] traceId= spanId= o.s.c.l.c.LoadBalancerCacheAutoConfiguration$LoadBalancerCaffeineWarnLogger : Spring Cloud LoadBalancer is currently working with the default cache. While this cache implementation is useful for development and tests, it's recommended to use Caffeine cache in production.You can switch to using Caffeine cache, by adding it and org.springframework.cache.caffeine.CaffeineCacheManager to the classpath.
2026-10-01 12:01:41 INFO  [main] traceId= spanId= o.s.b.a.e.web.EndpointLinksResolver : Exposing 17 endpoints beneath base path '/actuator'
2026-10-01 12:01:41 INFO  [main] traceId= spanId= o.s.c.n.eureka.InstanceInfoFactory : Setting initial instance status as: STARTING
2026-10-01 12:01:41 INFO  [main] traceId= spanId= c.netflix.discovery.DiscoveryClient : Initializing Eureka in region us-east-1
2026-10-01 12:01:41 INFO  [main] traceId= spanId= c.n.d.s.r.aws.ConfigClusterResolver : Resolving eureka endpoints via configuration
2026-10-01 12:01:41 INFO  [main] traceId= spanId= c.netflix.discovery.DiscoveryClient : Disable delta property : false
2026-10-01 12:01:41 INFO  [main] traceId= spanId= c.netflix.discovery.DiscoveryClient : Single vip registry refresh property : null
2026-10-01 12:01:41 INFO  [main] traceId= spanId= c.netflix.discovery.DiscoveryClient : Force full registry fetch : false
2026-10-01 12:01:41 INFO  [main] traceId= spanId= c.netflix.discovery.DiscoveryClient : Application is null : false
2026-10-01 12:01:41 INFO  [main] traceId= spanId= c.netflix.discovery.DiscoveryClient : Registered Applications size is zero : true
2026-10-01 12:01:41 INFO  [main] traceId= spanId= c.netflix.discovery.DiscoveryClient : Application version is -1: true
2026-10-01 12:01:41 INFO  [main] traceId= spanId= c.netflix.discovery.DiscoveryClient : Getting all instance registry info from the eureka server
2026-10-01 12:01:42 INFO  [main] traceId= spanId= c.netflix.discovery.DiscoveryClient : The response status is 200
2026-10-01 12:01:42 INFO  [main] traceId= spanId= c.netflix.discovery.DiscoveryClient : Starting heartbeat executor: renew interval is: 30
2026-10-01 12:01:42 INFO  [main] traceId= spanId= c.n.discovery.InstanceInfoReplicator : InstanceInfoReplicator onDemand update allowed rate per min is 4
2026-10-01 12:01:42 INFO  [main] traceId= spanId= c.netflix.discovery.DiscoveryClient : Discovery Client initialized at timestamp 1790856102101 with initial instances count: 3
2026-10-01 12:01:42 INFO  [main] traceId= spanId= o.s.c.n.e.s.EurekaServiceRegistry : Registering application PRODUCT-SERVICE with eureka with status UP
2026-10-01 12:01:42 INFO  [main] traceId= spanId= c.netflix.discovery.DiscoveryClient : Saw local status change event StatusChangeEvent [timestamp=1790856102106, current=UP, previous=STARTING]
2026-10-01 12:01:42 INFO  [DiscoveryClient-InstanceInfoReplicator-%d] traceId= spanId= c.netflix.discovery.DiscoveryClient : DiscoveryClient_PRODUCT-SERVICE/LAPTOP-UJ0KBI4K.mshome.net:PRODUCT-SERVICE:8081: registering service...
2026-10-01 12:01:42 INFO  [DiscoveryClient-InstanceInfoReplicator-%d] traceId= spanId= c.netflix.discovery.DiscoveryClient : DiscoveryClient_PRODUCT-SERVICE/LAPTOP-UJ0KBI4K.mshome.net:PRODUCT-SERVICE:8081 - registration status: 204
2026-10-01 12:01:42 INFO  [main] traceId= spanId= o.s.boot.tomcat.TomcatWebServer : Tomcat started on port 8081 (http) with context path '/'
2026-10-01 12:01:42 INFO  [main] traceId= spanId= o.s.c.n.e.s.EurekaAutoServiceRegistration : Updating port to 8081
2026-10-01 12:01:42 INFO  [main] traceId= spanId= c.s.e.p.ProductsServiceApplication : Started ProductsServiceApplication in 13.241 seconds (process running for 17.845)
2026-10-01 12:01:42 INFO  [main] traceId= spanId= o.s.b.a.l.ConditionEvaluationReportLogger : 

Error starting ApplicationContext. To display the condition evaluation report re-run your application with 'debug' enabled.
2026-10-01 12:01:42 ERROR [main] traceId= spanId= o.s.boot.SpringApplication : Application run failed
java.lang.UnsupportedOperationException
	at java.base/java.util.AbstractList.remove(AbstractList.java:169)
	at java.base/java.util.AbstractList$Itr.remove(AbstractList.java:389)
	at java.base/java.util.AbstractList.removeRange(AbstractList.java:600)
	at java.base/java.util.AbstractList.clear(AbstractList.java:245)
	at org.hibernate.type.CollectionType.replaceElements(CollectionType.java:480)
	at org.hibernate.type.CollectionType.replaceOriginal(CollectionType.java:675)
	at org.hibernate.type.CollectionType.replace(CollectionType.java:638)
	at org.hibernate.type.TypeHelper.replace(TypeHelper.java:113)
	at org.hibernate.event.internal.DefaultMergeEventListener.entityIsPersistent(DefaultMergeEventListener.java:268)
	at org.hibernate.event.internal.DefaultMergeEventListener.merge(DefaultMergeEventListener.java:198)
	at org.hibernate.event.internal.DefaultMergeEventListener.doMerge(DefaultMergeEventListener.java:136)
	at org.hibernate.event.internal.DefaultMergeEventListener.onMerge(DefaultMergeEventListener.java:120)
	at org.hibernate.event.internal.DefaultMergeEventListener.onMerge(DefaultMergeEventListener.java:77)
	at org.hibernate.event.service.internal.EventListenerGroupImpl.fireEventOnEachListener(EventListenerGroupImpl.java:138)
	at org.hibernate.internal.SessionImpl.fireMerge(SessionImpl.java:800)
	at org.hibernate.internal.SessionImpl.merge(SessionImpl.java:785)
	at java.base/jdk.internal.reflect.DirectMethodHandleAccessor.invoke(DirectMethodHandleAccessor.java:104)
	at java.base/java.lang.reflect.Method.invoke(Method.java:565)
	at org.springframework.orm.jpa.SharedEntityManagerCreator$SharedEntityHandlerInvocationHandler.invokeMethod(SharedEntityManagerCreator.java:240)
	at org.springframework.orm.jpa.SharedEntityManagerCreator$SharedEntityManagerInvocationHandler.invoke(SharedEntityManagerCreator.java:386)
	at jdk.proxy3/jdk.proxy3.$Proxy209.merge(Unknown Source)
	at org.springframework.data.jpa.repository.support.SimpleJpaRepository.save(SimpleJpaRepository.java:667)
	at org.springframework.data.jpa.repository.support.SimpleJpaRepository.saveAll(SimpleJpaRepository.java:690)
	at java.base/jdk.internal.reflect.DirectMethodHandleAccessor.invoke(DirectMethodHandleAccessor.java:104)
	at java.base/java.lang.reflect.Method.invoke(Method.java:565)
	at org.springframework.aop.support.AopUtils.invokeJoinpointUsingReflection(AopUtils.java:359)
	at org.springframework.data.repository.core.support.RepositoryMethodInvoker$RepositoryFragmentMethodInvoker.lambda$new$0(RepositoryMethodInvoker.java:278)
	at org.springframework.data.repository.core.support.RepositoryMethodInvoker.doInvoke(RepositoryMethodInvoker.java:169)
	at org.springframework.data.repository.core.support.RepositoryMethodInvoker.invoke(RepositoryMethodInvoker.java:158)
	at org.springframework.data.repository.core.support.RepositoryComposition$RepositoryFragments.invoke(RepositoryComposition.java:545)
	at org.springframework.data.repository.core.support.RepositoryComposition.invoke(RepositoryComposition.java:290)
	at org.springframework.data.repository.core.support.RepositoryFactorySupport$ImplementationMethodExecutionInterceptor.invoke(RepositoryFactorySupport.java:690)
	at org.springframework.aop.framework.ReflectiveMethodInvocation.proceed(ReflectiveMethodInvocation.java:179)
	at org.springframework.data.repository.core.support.QueryExecutorMethodInterceptor.doInvoke(QueryExecutorMethodInterceptor.java:171)
	at org.springframework.data.repository.core.support.QueryExecutorMethodInterceptor.invoke(QueryExecutorMethodInterceptor.java:146)
	at org.springframework.aop.framework.ReflectiveMethodInvocation.proceed(ReflectiveMethodInvocation.java:179)
	at org.springframework.data.projection.DefaultMethodInvokingMethodInterceptor.invoke(DefaultMethodInvokingMethodInterceptor.java:69)
	at org.springframework.aop.framework.ReflectiveMethodInvocation.proceed(ReflectiveMethodInvocation.java:179)
	at org.springframework.transaction.interceptor.TransactionInterceptor$1.proceedWithInvocation(TransactionInterceptor.java:133)
	at org.springframework.transaction.interceptor.TransactionAspectSupport.invokeWithinTransaction(TransactionAspectSupport.java:371)
	at org.springframework.transaction.interceptor.TransactionInterceptor.invoke(TransactionInterceptor.java:130)
	at org.springframework.aop.framework.ReflectiveMethodInvocation.proceed(ReflectiveMethodInvocation.java:179)
	at org.springframework.dao.support.PersistenceExceptionTranslationInterceptor.invoke(PersistenceExceptionTranslationInterceptor.java:135)
	at org.springframework.aop.framework.ReflectiveMethodInvocation.proceed(ReflectiveMethodInvocation.java:179)
	at org.springframework.data.jpa.repository.support.CrudMethodMetadataPostProcessor$CrudMethodMetadataPopulatingMethodInterceptor.invoke(CrudMethodMetadataPostProcessor.java:166)
	at org.springframework.aop.framework.ReflectiveMethodInvocation.proceed(ReflectiveMethodInvocation.java:179)
	at io.opentelemetry.javaagent.instrumentation.spring.data.v1_8.SpringDataInstrumentationModule$RepositoryInterceptor.invoke(SpringDataInstrumentationModule.java:128)
	at org.springframework.aop.framework.ReflectiveMethodInvocation.proceed(ReflectiveMethodInvocation.java:179)
	at org.springframework.aop.framework.JdkDynamicAopProxy.invoke(JdkDynamicAopProxy.java:222)
	at jdk.proxy3/jdk.proxy3.$Proxy215.saveAll(Unknown Source)
	at com.substring.easybuy.products.config.DbInitializer.run(DbInitializer.java:69)
	at java.base/jdk.internal.reflect.DirectMethodHandleAccessor.invoke(DirectMethodHandleAccessor.java:104)
	at java.base/java.lang.reflect.Method.invoke(Method.java:565)
	at org.springframework.aop.support.AopUtils.invokeJoinpointUsingReflection(AopUtils.java:359)
	at org.springframework.aop.framework.ReflectiveMethodInvocation.invokeJoinpoint(ReflectiveMethodInvocation.java:190)
	at org.springframework.aop.framework.ReflectiveMethodInvocation.proceed(ReflectiveMethodInvocation.java:158)
	at org.springframework.transaction.interceptor.TransactionInterceptor$1.proceedWithInvocation(TransactionInterceptor.java:133)
	at org.springframework.transaction.interceptor.TransactionAspectSupport.invokeWithinTransaction(TransactionAspectSupport.java:371)
	at org.springframework.transaction.interceptor.TransactionInterceptor.invoke(TransactionInterceptor.java:130)
	at org.springframework.aop.framework.ReflectiveMethodInvocation.proceed(ReflectiveMethodInvocation.java:179)
	at org.springframework.aop.framework.CglibAopProxy$DynamicAdvisedInterceptor.intercept(CglibAopProxy.java:719)
	at com.substring.easybuy.products.config.DbInitializer$$SpringCGLIB$$0.run(<generated>)
	at org.springframework.boot.SpringApplication.lambda$callRunner$1(SpringApplication.java:792)
	at org.springframework.util.function.ThrowingConsumer$1.acceptWithException(ThrowingConsumer.java:82)
	at org.springframework.util.function.ThrowingConsumer.accept(ThrowingConsumer.java:60)
	at org.springframework.util.function.ThrowingConsumer$1.accept(ThrowingConsumer.java:86)
	at org.springframework.boot.SpringApplication.callRunner(SpringApplication.java:800)
	at org.springframework.boot.SpringApplication.callRunner(SpringApplication.java:791)
	at org.springframework.boot.SpringApplication.lambda$callRunners$0(SpringApplication.java:776)
	at java.base/java.util.stream.ForEachOps$ForEachOp$OfRef.accept(ForEachOps.java:186)
	at java.base/java.util.stream.SortedOps$SizedRefSortingSink.end(SortedOps.java:357)
	at java.base/java.util.stream.AbstractPipeline.copyInto(AbstractPipeline.java:571)
	at java.base/java.util.stream.AbstractPipeline.wrapAndCopyInto(AbstractPipeline.java:560)
	at java.base/java.util.stream.ForEachOps$ForEachOp.evaluateSequential(ForEachOps.java:153)
	at java.base/java.util.stream.ForEachOps$ForEachOp$OfRef.evaluateSequential(ForEachOps.java:176)
	at java.base/java.util.stream.AbstractPipeline.evaluate(AbstractPipeline.java:265)
	at java.base/java.util.stream.ReferencePipeline.forEach(ReferencePipeline.java:632)
	at org.springframework.boot.SpringApplication.callRunners(SpringApplication.java:776)
	at org.springframework.boot.SpringApplication.run(SpringApplication.java:328)
	at org.springframework.boot.SpringApplication.run(SpringApplication.java:1365)
	at org.springframework.boot.SpringApplication.run(SpringApplication.java:1354)
	at com.substring.easybuy.products.ProductsServiceApplication.main(ProductsServiceApplication.java:23)
2026-10-01 12:01:42 INFO  [main] traceId= spanId= o.s.c.n.e.s.EurekaServiceRegistry : Unregistering application PRODUCT-SERVICE with eureka with status DOWN
2026-10-01 12:01:42 INFO  [main] traceId= spanId= c.netflix.discovery.DiscoveryClient : Saw local status change event StatusChangeEvent [timestamp=1790856102628, current=DOWN, previous=UP]
2026-10-01 12:01:42 INFO  [DiscoveryClient-InstanceInfoReplicator-%d] traceId= spanId= c.netflix.discovery.DiscoveryClient : DiscoveryClient_PRODUCT-SERVICE/LAPTOP-UJ0KBI4K.mshome.net:PRODUCT-SERVICE:8081: registering service...
2026-10-01 12:01:42 INFO  [DiscoveryClient-InstanceInfoReplicator-%d] traceId= spanId= c.netflix.discovery.DiscoveryClient : DiscoveryClient_PRODUCT-SERVICE/LAPTOP-UJ0KBI4K.mshome.net:PRODUCT-SERVICE:8081 - registration status: 204
2026-10-01 12:01:42 INFO  [main] traceId= spanId= o.s.boot.tomcat.GracefulShutdown : Commencing graceful shutdown. Waiting for active requests to complete
2026-10-01 12:01:42 INFO  [tomcat-shutdown] traceId= spanId= o.s.boot.tomcat.GracefulShutdown : Graceful shutdown complete
2026-10-01 12:01:42 INFO  [main] traceId= spanId= o.s.o.j.LocalContainerEntityManagerFactoryBean : Closing JPA EntityManagerFactory for persistence unit 'default'
2026-10-01 12:01:42 INFO  [main] traceId= spanId= com.zaxxer.hikari.HikariDataSource : HikariPool-1 - Shutdown initiated...
2026-10-01 12:01:42 INFO  [main] traceId= spanId= com.zaxxer.hikari.HikariDataSource : HikariPool-1 - Shutdown completed.
2026-10-01 12:01:42 INFO  [main] traceId= spanId= c.netflix.discovery.DiscoveryClient : Shutting down DiscoveryClient ...
2026-10-01 12:01:45 INFO  [main] traceId= spanId= c.netflix.discovery.DiscoveryClient : Unregistering ...
2026-10-01 12:01:45 INFO  [main] traceId= spanId= c.netflix.discovery.DiscoveryClient : DiscoveryClient_PRODUCT-SERVICE/LAPTOP-UJ0KBI4K.mshome.net:PRODUCT-SERVICE:8081 - deregister  status: 200
2026-10-01 12:01:45 INFO  [main] traceId= spanId= c.netflix.discovery.DiscoveryClient : Completed shut down of DiscoveryClient
2026-10-01 12:02:09 INFO  [main] traceId= spanId= c.s.e.p.ProductsServiceApplication : Starting ProductsServiceApplication using Java 25.0.1 with PID 14712 (D:\Live Batches\micro_devops\easy_busy\products-service\products-service\target\classes started by DurgeshLap in D:\Live Batches\micro_devops\easy_busy)
2026-10-01 12:02:09 INFO  [main] traceId= spanId= c.s.e.p.ProductsServiceApplication : The following 1 profile is active: "dev"
2026-10-01 12:02:09 INFO  [main] traceId= spanId= o.s.c.c.c.ConfigServerConfigDataLoader : Fetching config from server at : http://localhost:8079
2026-10-01 12:02:09 INFO  [main] traceId= spanId= o.s.c.c.c.ConfigServerConfigDataLoader : Located environment: name=PRODUCT-SERVICE, profiles=[default], label=null, version=ceb379716546669fd1cb56d1a0a40d6637a384d9, state=
2026-10-01 12:02:09 INFO  [main] traceId= spanId= o.s.c.c.c.ConfigServerConfigDataLoader : Fetching config from server at : http://localhost:8079
2026-10-01 12:02:09 INFO  [main] traceId= spanId= o.s.c.c.c.ConfigServerConfigDataLoader : Located environment: name=PRODUCT-SERVICE, profiles=[dev], label=null, version=ceb379716546669fd1cb56d1a0a40d6637a384d9, state=
2026-10-01 12:02:10 INFO  [main] traceId= spanId= o.s.d.r.c.RepositoryConfigurationDelegate : Bootstrapping Spring Data JPA repositories in DEFAULT mode.
2026-10-01 12:02:11 INFO  [main] traceId= spanId= o.s.d.r.c.RepositoryConfigurationDelegate : Finished Spring Data repository scanning in 309 ms. Found 3 JPA repository interfaces.
2026-10-01 12:02:11 INFO  [main] traceId= spanId= o.s.cloud.context.scope.GenericScope : BeanFactory id=188c6a25-ca75-363b-ac0a-f08d12b40ccc
2026-10-01 12:02:12 INFO  [main] traceId= spanId= o.s.boot.tomcat.TomcatWebServer : Tomcat initialized with port 8081 (http)
2026-10-01 12:02:12 INFO  [main] traceId= spanId= o.a.catalina.core.StandardService : Starting service [Tomcat]
2026-10-01 12:02:12 INFO  [main] traceId= spanId= o.a.catalina.core.StandardEngine : Starting Servlet engine: [Apache Tomcat/11.0.21]
2026-10-01 12:02:12 INFO  [main] traceId= spanId= o.s.b.w.c.s.WebApplicationContextInitializer : Root WebApplicationContext: initialization completed in 2777 ms
2026-10-01 12:02:12 INFO  [main] traceId= spanId= org.hibernate.orm.jpa : HHH008540: Processing PersistenceUnitInfo [name: default]
2026-10-01 12:02:12 INFO  [main] traceId= spanId= org.hibernate.orm.core : HHH000001: Hibernate ORM core version 7.2.12.Final
2026-10-01 12:02:13 INFO  [main] traceId= spanId= o.s.o.j.p.SpringPersistenceUnitInfo : No LoadTimeWeaver setup: ignoring JPA class transformer
2026-10-01 12:02:13 INFO  [main] traceId= spanId= com.zaxxer.hikari.HikariDataSource : HikariPool-1 - Starting...
2026-10-01 12:02:13 INFO  [main] traceId= spanId= com.zaxxer.hikari.pool.HikariPool : HikariPool-1 - Added connection org.postgresql.jdbc.PgConnection@21f9c71e
2026-10-01 12:02:13 INFO  [main] traceId= spanId= com.zaxxer.hikari.HikariDataSource : HikariPool-1 - Start completed.
2026-10-01 12:02:13 WARN  [main] traceId= spanId= org.hibernate.orm.deprecation : HHH90000025: PostgreSQLDialect does not need to be specified explicitly using 'hibernate.dialect' (remove the property setting and it will be selected by default)
2026-10-01 12:02:13 INFO  [main] traceId= spanId= o.hibernate.orm.connections.pooling : HHH10001005: Database info:
	Database JDBC URL [jdbc:postgresql://localhost:5432/productdb?currentSchema=public]
	Database driver: PostgreSQL JDBC Driver
	Database dialect: PostgreSQLDialect
	Database version: 18.4
	Default catalog/schema: productdb/public
	Autocommit mode: undefined/unknown
	Isolation level: READ_COMMITTED [default READ_COMMITTED]
	JDBC fetch size: none
	Pool: DataSourceConnectionProvider
	Minimum pool size: undefined/unknown
	Maximum pool size: undefined/unknown
2026-10-01 12:02:14 INFO  [main] traceId= spanId= org.hibernate.orm.core : HHH000489: No JTA platform available (set 'hibernate.transaction.jta.platform' to enable JTA platform integration)
2026-10-01 12:02:15 INFO  [main] traceId= spanId= o.s.o.j.LocalContainerEntityManagerFactoryBean : Initialized JPA EntityManagerFactory for persistence unit 'default'
2026-10-01 12:02:15 INFO  [main] traceId= spanId= o.s.d.j.r.q.QueryEnhancerFactories : Hibernate is in classpath; If applicable, HQL parser will be used.
2026-10-01 12:02:16 WARN  [main] traceId= spanId= o.s.b.j.a.JpaBaseConfiguration$JpaWebConfiguration : spring.jpa.open-in-view is enabled by default. Therefore, database queries may be performed during view rendering. Explicitly configure spring.jpa.open-in-view to disable this warning
2026-10-01 12:02:17 INFO  [main] traceId= spanId= o.s.c.n.e.c.DiscoveryClientOptionalArgsConfiguration : Eureka HTTP Client uses RestClient.
2026-10-01 12:02:17 WARN  [main] traceId= spanId= o.s.c.l.c.LoadBalancerCacheAutoConfiguration$LoadBalancerCaffeineWarnLogger : Spring Cloud LoadBalancer is currently working with the default cache. While this cache implementation is useful for development and tests, it's recommended to use Caffeine cache in production.You can switch to using Caffeine cache, by adding it and org.springframework.cache.caffeine.CaffeineCacheManager to the classpath.
2026-10-01 12:02:17 INFO  [main] traceId= spanId= o.s.b.a.e.web.EndpointLinksResolver : Exposing 17 endpoints beneath base path '/actuator'
2026-10-01 12:02:17 INFO  [main] traceId= spanId= o.s.c.n.eureka.InstanceInfoFactory : Setting initial instance status as: STARTING
2026-10-01 12:02:17 INFO  [main] traceId= spanId= c.netflix.discovery.DiscoveryClient : Initializing Eureka in region us-east-1
2026-10-01 12:02:17 INFO  [main] traceId= spanId= c.n.d.s.r.aws.ConfigClusterResolver : Resolving eureka endpoints via configuration
2026-10-01 12:02:17 INFO  [main] traceId= spanId= c.netflix.discovery.DiscoveryClient : Disable delta property : false
2026-10-01 12:02:17 INFO  [main] traceId= spanId= c.netflix.discovery.DiscoveryClient : Single vip registry refresh property : null
2026-10-01 12:02:17 INFO  [main] traceId= spanId= c.netflix.discovery.DiscoveryClient : Force full registry fetch : false
2026-10-01 12:02:17 INFO  [main] traceId= spanId= c.netflix.discovery.DiscoveryClient : Application is null : false
2026-10-01 12:02:17 INFO  [main] traceId= spanId= c.netflix.discovery.DiscoveryClient : Registered Applications size is zero : true
2026-10-01 12:02:17 INFO  [main] traceId= spanId= c.netflix.discovery.DiscoveryClient : Application version is -1: true
2026-10-01 12:02:17 INFO  [main] traceId= spanId= c.netflix.discovery.DiscoveryClient : Getting all instance registry info from the eureka server
2026-10-01 12:02:18 INFO  [main] traceId= spanId= c.netflix.discovery.DiscoveryClient : The response status is 200
2026-10-01 12:02:18 INFO  [main] traceId= spanId= c.netflix.discovery.DiscoveryClient : Starting heartbeat executor: renew interval is: 30
2026-10-01 12:02:18 INFO  [main] traceId= spanId= c.n.discovery.InstanceInfoReplicator : InstanceInfoReplicator onDemand update allowed rate per min is 4
2026-10-01 12:02:18 INFO  [main] traceId= spanId= c.netflix.discovery.DiscoveryClient : Discovery Client initialized at timestamp 1790856138090 with initial instances count: 3
2026-10-01 12:02:18 INFO  [main] traceId= spanId= o.s.c.n.e.s.EurekaServiceRegistry : Registering application PRODUCT-SERVICE with eureka with status UP
2026-10-01 12:02:18 INFO  [main] traceId= spanId= c.netflix.discovery.DiscoveryClient : Saw local status change event StatusChangeEvent [timestamp=1790856138094, current=UP, previous=STARTING]
2026-10-01 12:02:18 INFO  [DiscoveryClient-InstanceInfoReplicator-%d] traceId= spanId= c.netflix.discovery.DiscoveryClient : DiscoveryClient_PRODUCT-SERVICE/LAPTOP-UJ0KBI4K.mshome.net:PRODUCT-SERVICE:8081: registering service...
2026-10-01 12:02:18 INFO  [DiscoveryClient-InstanceInfoReplicator-%d] traceId= spanId= c.netflix.discovery.DiscoveryClient : DiscoveryClient_PRODUCT-SERVICE/LAPTOP-UJ0KBI4K.mshome.net:PRODUCT-SERVICE:8081 - registration status: 204
2026-10-01 12:02:18 INFO  [main] traceId= spanId= o.s.boot.tomcat.TomcatWebServer : Tomcat started on port 8081 (http) with context path '/'
2026-10-01 12:02:18 INFO  [main] traceId= spanId= o.s.c.n.e.s.EurekaAutoServiceRegistration : Updating port to 8081
2026-10-01 12:02:18 INFO  [main] traceId= spanId= c.s.e.p.ProductsServiceApplication : Started ProductsServiceApplication in 12.274 seconds (process running for 16.199)
2026-10-01 12:02:18 INFO  [main] traceId= spanId= o.s.b.a.l.ConditionEvaluationReportLogger : 

Error starting ApplicationContext. To display the condition evaluation report re-run your application with 'debug' enabled.
2026-10-01 12:02:18 ERROR [main] traceId= spanId= o.s.boot.SpringApplication : Application run failed
java.lang.UnsupportedOperationException
	at java.base/java.util.AbstractList.remove(AbstractList.java:169)
	at java.base/java.util.AbstractList$Itr.remove(AbstractList.java:389)
	at java.base/java.util.AbstractList.removeRange(AbstractList.java:600)
	at java.base/java.util.AbstractList.clear(AbstractList.java:245)
	at org.hibernate.type.CollectionType.replaceElements(CollectionType.java:480)
	at org.hibernate.type.CollectionType.replaceOriginal(CollectionType.java:675)
	at org.hibernate.type.CollectionType.replace(CollectionType.java:638)
	at org.hibernate.type.TypeHelper.replace(TypeHelper.java:113)
	at org.hibernate.event.internal.DefaultMergeEventListener.entityIsPersistent(DefaultMergeEventListener.java:268)
	at org.hibernate.event.internal.DefaultMergeEventListener.merge(DefaultMergeEventListener.java:198)
	at org.hibernate.event.internal.DefaultMergeEventListener.doMerge(DefaultMergeEventListener.java:136)
	at org.hibernate.event.internal.DefaultMergeEventListener.onMerge(DefaultMergeEventListener.java:120)
	at org.hibernate.event.internal.DefaultMergeEventListener.onMerge(DefaultMergeEventListener.java:77)
	at org.hibernate.event.service.internal.EventListenerGroupImpl.fireEventOnEachListener(EventListenerGroupImpl.java:138)
	at org.hibernate.internal.SessionImpl.fireMerge(SessionImpl.java:800)
	at org.hibernate.internal.SessionImpl.merge(SessionImpl.java:785)
	at java.base/jdk.internal.reflect.DirectMethodHandleAccessor.invoke(DirectMethodHandleAccessor.java:104)
	at java.base/java.lang.reflect.Method.invoke(Method.java:565)
	at org.springframework.orm.jpa.SharedEntityManagerCreator$SharedEntityHandlerInvocationHandler.invokeMethod(SharedEntityManagerCreator.java:240)
	at org.springframework.orm.jpa.SharedEntityManagerCreator$SharedEntityManagerInvocationHandler.invoke(SharedEntityManagerCreator.java:386)
	at jdk.proxy3/jdk.proxy3.$Proxy209.merge(Unknown Source)
	at org.springframework.data.jpa.repository.support.SimpleJpaRepository.save(SimpleJpaRepository.java:667)
	at org.springframework.data.jpa.repository.support.SimpleJpaRepository.saveAll(SimpleJpaRepository.java:690)
	at java.base/jdk.internal.reflect.DirectMethodHandleAccessor.invoke(DirectMethodHandleAccessor.java:104)
	at java.base/java.lang.reflect.Method.invoke(Method.java:565)
	at org.springframework.aop.support.AopUtils.invokeJoinpointUsingReflection(AopUtils.java:359)
	at org.springframework.data.repository.core.support.RepositoryMethodInvoker$RepositoryFragmentMethodInvoker.lambda$new$0(RepositoryMethodInvoker.java:278)
	at org.springframework.data.repository.core.support.RepositoryMethodInvoker.doInvoke(RepositoryMethodInvoker.java:169)
	at org.springframework.data.repository.core.support.RepositoryMethodInvoker.invoke(RepositoryMethodInvoker.java:158)
	at org.springframework.data.repository.core.support.RepositoryComposition$RepositoryFragments.invoke(RepositoryComposition.java:545)
	at org.springframework.data.repository.core.support.RepositoryComposition.invoke(RepositoryComposition.java:290)
	at org.springframework.data.repository.core.support.RepositoryFactorySupport$ImplementationMethodExecutionInterceptor.invoke(RepositoryFactorySupport.java:690)
	at org.springframework.aop.framework.ReflectiveMethodInvocation.proceed(ReflectiveMethodInvocation.java:179)
	at org.springframework.data.repository.core.support.QueryExecutorMethodInterceptor.doInvoke(QueryExecutorMethodInterceptor.java:171)
	at org.springframework.data.repository.core.support.QueryExecutorMethodInterceptor.invoke(QueryExecutorMethodInterceptor.java:146)
	at org.springframework.aop.framework.ReflectiveMethodInvocation.proceed(ReflectiveMethodInvocation.java:179)
	at org.springframework.data.projection.DefaultMethodInvokingMethodInterceptor.invoke(DefaultMethodInvokingMethodInterceptor.java:69)
	at org.springframework.aop.framework.ReflectiveMethodInvocation.proceed(ReflectiveMethodInvocation.java:179)
	at org.springframework.transaction.interceptor.TransactionInterceptor$1.proceedWithInvocation(TransactionInterceptor.java:133)
	at org.springframework.transaction.interceptor.TransactionAspectSupport.invokeWithinTransaction(TransactionAspectSupport.java:371)
	at org.springframework.transaction.interceptor.TransactionInterceptor.invoke(TransactionInterceptor.java:130)
	at org.springframework.aop.framework.ReflectiveMethodInvocation.proceed(ReflectiveMethodInvocation.java:179)
	at org.springframework.dao.support.PersistenceExceptionTranslationInterceptor.invoke(PersistenceExceptionTranslationInterceptor.java:135)
	at org.springframework.aop.framework.ReflectiveMethodInvocation.proceed(ReflectiveMethodInvocation.java:179)
	at org.springframework.data.jpa.repository.support.CrudMethodMetadataPostProcessor$CrudMethodMetadataPopulatingMethodInterceptor.invoke(CrudMethodMetadataPostProcessor.java:166)
	at org.springframework.aop.framework.ReflectiveMethodInvocation.proceed(ReflectiveMethodInvocation.java:179)
	at io.opentelemetry.javaagent.instrumentation.spring.data.v1_8.SpringDataInstrumentationModule$RepositoryInterceptor.invoke(SpringDataInstrumentationModule.java:128)
	at org.springframework.aop.framework.ReflectiveMethodInvocation.proceed(ReflectiveMethodInvocation.java:179)
	at org.springframework.aop.framework.JdkDynamicAopProxy.invoke(JdkDynamicAopProxy.java:222)
	at jdk.proxy3/jdk.proxy3.$Proxy215.saveAll(Unknown Source)
	at com.substring.easybuy.products.config.DbInitializer.run(DbInitializer.java:69)
	at java.base/jdk.internal.reflect.DirectMethodHandleAccessor.invoke(DirectMethodHandleAccessor.java:104)
	at java.base/java.lang.reflect.Method.invoke(Method.java:565)
	at org.springframework.aop.support.AopUtils.invokeJoinpointUsingReflection(AopUtils.java:359)
	at org.springframework.aop.framework.ReflectiveMethodInvocation.invokeJoinpoint(ReflectiveMethodInvocation.java:190)
	at org.springframework.aop.framework.ReflectiveMethodInvocation.proceed(ReflectiveMethodInvocation.java:158)
	at org.springframework.transaction.interceptor.TransactionInterceptor$1.proceedWithInvocation(TransactionInterceptor.java:133)
	at org.springframework.transaction.interceptor.TransactionAspectSupport.invokeWithinTransaction(TransactionAspectSupport.java:371)
	at org.springframework.transaction.interceptor.TransactionInterceptor.invoke(TransactionInterceptor.java:130)
	at org.springframework.aop.framework.ReflectiveMethodInvocation.proceed(ReflectiveMethodInvocation.java:179)
	at org.springframework.aop.framework.CglibAopProxy$DynamicAdvisedInterceptor.intercept(CglibAopProxy.java:719)
	at com.substring.easybuy.products.config.DbInitializer$$SpringCGLIB$$0.run(<generated>)
	at org.springframework.boot.SpringApplication.lambda$callRunner$1(SpringApplication.java:792)
	at org.springframework.util.function.ThrowingConsumer$1.acceptWithException(ThrowingConsumer.java:82)
	at org.springframework.util.function.ThrowingConsumer.accept(ThrowingConsumer.java:60)
	at org.springframework.util.function.ThrowingConsumer$1.accept(ThrowingConsumer.java:86)
	at org.springframework.boot.SpringApplication.callRunner(SpringApplication.java:800)
	at org.springframework.boot.SpringApplication.callRunner(SpringApplication.java:791)
	at org.springframework.boot.SpringApplication.lambda$callRunners$0(SpringApplication.java:776)
	at java.base/java.util.stream.ForEachOps$ForEachOp$OfRef.accept(ForEachOps.java:186)
	at java.base/java.util.stream.SortedOps$SizedRefSortingSink.end(SortedOps.java:357)
	at java.base/java.util.stream.AbstractPipeline.copyInto(AbstractPipeline.java:571)
	at java.base/java.util.stream.AbstractPipeline.wrapAndCopyInto(AbstractPipeline.java:560)
	at java.base/java.util.stream.ForEachOps$ForEachOp.evaluateSequential(ForEachOps.java:153)
	at java.base/java.util.stream.ForEachOps$ForEachOp$OfRef.evaluateSequential(ForEachOps.java:176)
	at java.base/java.util.stream.AbstractPipeline.evaluate(AbstractPipeline.java:265)
	at java.base/java.util.stream.ReferencePipeline.forEach(ReferencePipeline.java:632)
	at org.springframework.boot.SpringApplication.callRunners(SpringApplication.java:776)
	at org.springframework.boot.SpringApplication.run(SpringApplication.java:328)
	at org.springframework.boot.SpringApplication.run(SpringApplication.java:1365)
	at org.springframework.boot.SpringApplication.run(SpringApplication.java:1354)
	at com.substring.easybuy.products.ProductsServiceApplication.main(ProductsServiceApplication.java:23)
2026-10-01 12:02:18 INFO  [main] traceId= spanId= o.s.c.n.e.s.EurekaServiceRegistry : Unregistering application PRODUCT-SERVICE with eureka with status DOWN
2026-10-01 12:02:18 INFO  [main] traceId= spanId= c.netflix.discovery.DiscoveryClient : Saw local status change event StatusChangeEvent [timestamp=1790856138459, current=DOWN, previous=UP]
2026-10-01 12:02:18 INFO  [DiscoveryClient-InstanceInfoReplicator-%d] traceId= spanId= c.netflix.discovery.DiscoveryClient : DiscoveryClient_PRODUCT-SERVICE/LAPTOP-UJ0KBI4K.mshome.net:PRODUCT-SERVICE:8081: registering service...
2026-10-01 12:02:18 INFO  [DiscoveryClient-InstanceInfoReplicator-%d] traceId= spanId= c.netflix.discovery.DiscoveryClient : DiscoveryClient_PRODUCT-SERVICE/LAPTOP-UJ0KBI4K.mshome.net:PRODUCT-SERVICE:8081 - registration status: 204
2026-10-01 12:02:18 INFO  [main] traceId= spanId= o.s.boot.tomcat.GracefulShutdown : Commencing graceful shutdown. Waiting for active requests to complete
2026-10-01 12:02:18 INFO  [tomcat-shutdown] traceId= spanId= o.s.boot.tomcat.GracefulShutdown : Graceful shutdown complete
2026-10-01 12:02:18 INFO  [main] traceId= spanId= o.s.o.j.LocalContainerEntityManagerFactoryBean : Closing JPA EntityManagerFactory for persistence unit 'default'
2026-10-01 12:02:18 INFO  [main] traceId= spanId= com.zaxxer.hikari.HikariDataSource : HikariPool-1 - Shutdown initiated...
2026-10-01 12:02:18 INFO  [main] traceId= spanId= com.zaxxer.hikari.HikariDataSource : HikariPool-1 - Shutdown completed.
2026-10-01 12:02:18 INFO  [main] traceId= spanId= c.netflix.discovery.DiscoveryClient : Shutting down DiscoveryClient ...
2026-10-01 12:02:21 INFO  [main] traceId= spanId= c.netflix.discovery.DiscoveryClient : Unregistering ...
2026-10-01 12:02:21 INFO  [main] traceId= spanId= c.netflix.discovery.DiscoveryClient : DiscoveryClient_PRODUCT-SERVICE/LAPTOP-UJ0KBI4K.mshome.net:PRODUCT-SERVICE:8081 - deregister  status: 200
2026-10-01 12:02:21 INFO  [main] traceId= spanId= c.netflix.discovery.DiscoveryClient : Completed shut down of DiscoveryClient
2026-10-01 12:03:14 INFO  [main] traceId= spanId= c.s.e.p.ProductsServiceApplication : Starting ProductsServiceApplication using Java 25.0.1 with PID 7788 (D:\Live Batches\micro_devops\easy_busy\products-service\products-service\target\classes started by DurgeshLap in D:\Live Batches\micro_devops\easy_busy)
2026-10-01 12:03:14 INFO  [main] traceId= spanId= c.s.e.p.ProductsServiceApplication : The following 1 profile is active: "dev"
2026-10-01 12:03:14 INFO  [main] traceId= spanId= o.s.c.c.c.ConfigServerConfigDataLoader : Fetching config from server at : http://localhost:8079
2026-10-01 12:03:14 INFO  [main] traceId= spanId= o.s.c.c.c.ConfigServerConfigDataLoader : Located environment: name=PRODUCT-SERVICE, profiles=[default], label=null, version=ceb379716546669fd1cb56d1a0a40d6637a384d9, state=
2026-10-01 12:03:14 INFO  [main] traceId= spanId= o.s.c.c.c.ConfigServerConfigDataLoader : Fetching config from server at : http://localhost:8079
2026-10-01 12:03:14 INFO  [main] traceId= spanId= o.s.c.c.c.ConfigServerConfigDataLoader : Located environment: name=PRODUCT-SERVICE, profiles=[dev], label=null, version=ceb379716546669fd1cb56d1a0a40d6637a384d9, state=
2026-10-01 12:03:15 INFO  [main] traceId= spanId= o.s.d.r.c.RepositoryConfigurationDelegate : Bootstrapping Spring Data JPA repositories in DEFAULT mode.
2026-10-01 12:03:15 INFO  [main] traceId= spanId= o.s.d.r.c.RepositoryConfigurationDelegate : Finished Spring Data repository scanning in 209 ms. Found 3 JPA repository interfaces.
2026-10-01 12:03:15 INFO  [main] traceId= spanId= o.s.cloud.context.scope.GenericScope : BeanFactory id=188c6a25-ca75-363b-ac0a-f08d12b40ccc
2026-10-01 12:03:16 INFO  [main] traceId= spanId= o.s.boot.tomcat.TomcatWebServer : Tomcat initialized with port 8081 (http)
2026-10-01 12:03:16 INFO  [main] traceId= spanId= o.a.catalina.core.StandardService : Starting service [Tomcat]
2026-10-01 12:03:16 INFO  [main] traceId= spanId= o.a.catalina.core.StandardEngine : Starting Servlet engine: [Apache Tomcat/11.0.21]
2026-10-01 12:03:16 INFO  [main] traceId= spanId= o.s.b.w.c.s.WebApplicationContextInitializer : Root WebApplicationContext: initialization completed in 2206 ms
2026-10-01 12:03:16 INFO  [main] traceId= spanId= org.hibernate.orm.jpa : HHH008540: Processing PersistenceUnitInfo [name: default]
2026-10-01 12:03:17 INFO  [main] traceId= spanId= org.hibernate.orm.core : HHH000001: Hibernate ORM core version 7.2.12.Final
2026-10-01 12:03:17 INFO  [main] traceId= spanId= o.s.o.j.p.SpringPersistenceUnitInfo : No LoadTimeWeaver setup: ignoring JPA class transformer
2026-10-01 12:03:17 INFO  [main] traceId= spanId= com.zaxxer.hikari.HikariDataSource : HikariPool-1 - Starting...
2026-10-01 12:03:17 INFO  [main] traceId= spanId= com.zaxxer.hikari.pool.HikariPool : HikariPool-1 - Added connection org.postgresql.jdbc.PgConnection@30749de8
2026-10-01 12:03:17 INFO  [main] traceId= spanId= com.zaxxer.hikari.HikariDataSource : HikariPool-1 - Start completed.
2026-10-01 12:03:17 WARN  [main] traceId= spanId= org.hibernate.orm.deprecation : HHH90000025: PostgreSQLDialect does not need to be specified explicitly using 'hibernate.dialect' (remove the property setting and it will be selected by default)
2026-10-01 12:03:17 INFO  [main] traceId= spanId= o.hibernate.orm.connections.pooling : HHH10001005: Database info:
	Database JDBC URL [jdbc:postgresql://localhost:5432/productdb?currentSchema=public]
	Database driver: PostgreSQL JDBC Driver
	Database dialect: PostgreSQLDialect
	Database version: 18.4
	Default catalog/schema: productdb/public
	Autocommit mode: undefined/unknown
	Isolation level: READ_COMMITTED [default READ_COMMITTED]
	JDBC fetch size: none
	Pool: DataSourceConnectionProvider
	Minimum pool size: undefined/unknown
	Maximum pool size: undefined/unknown
2026-10-01 12:03:19 INFO  [main] traceId= spanId= org.hibernate.orm.core : HHH000489: No JTA platform available (set 'hibernate.transaction.jta.platform' to enable JTA platform integration)
2026-10-01 12:03:19 INFO  [main] traceId= spanId= o.s.o.j.LocalContainerEntityManagerFactoryBean : Initialized JPA EntityManagerFactory for persistence unit 'default'
2026-10-01 12:03:19 INFO  [main] traceId= spanId= o.s.d.j.r.q.QueryEnhancerFactories : Hibernate is in classpath; If applicable, HQL parser will be used.
2026-10-01 12:03:20 WARN  [main] traceId= spanId= o.s.b.j.a.JpaBaseConfiguration$JpaWebConfiguration : spring.jpa.open-in-view is enabled by default. Therefore, database queries may be performed during view rendering. Explicitly configure spring.jpa.open-in-view to disable this warning
2026-10-01 12:03:21 INFO  [main] traceId= spanId= o.s.c.n.e.c.DiscoveryClientOptionalArgsConfiguration : Eureka HTTP Client uses RestClient.
2026-10-01 12:03:22 WARN  [main] traceId= spanId= o.s.c.l.c.LoadBalancerCacheAutoConfiguration$LoadBalancerCaffeineWarnLogger : Spring Cloud LoadBalancer is currently working with the default cache. While this cache implementation is useful for development and tests, it's recommended to use Caffeine cache in production.You can switch to using Caffeine cache, by adding it and org.springframework.cache.caffeine.CaffeineCacheManager to the classpath.
2026-10-01 12:03:22 INFO  [main] traceId= spanId= o.s.b.a.e.web.EndpointLinksResolver : Exposing 17 endpoints beneath base path '/actuator'
2026-10-01 12:03:22 INFO  [main] traceId= spanId= o.s.c.n.eureka.InstanceInfoFactory : Setting initial instance status as: STARTING
2026-10-01 12:03:22 INFO  [main] traceId= spanId= c.netflix.discovery.DiscoveryClient : Initializing Eureka in region us-east-1
2026-10-01 12:03:22 INFO  [main] traceId= spanId= c.n.d.s.r.aws.ConfigClusterResolver : Resolving eureka endpoints via configuration
2026-10-01 12:03:22 INFO  [main] traceId= spanId= c.netflix.discovery.DiscoveryClient : Disable delta property : false
2026-10-01 12:03:22 INFO  [main] traceId= spanId= c.netflix.discovery.DiscoveryClient : Single vip registry refresh property : null
2026-10-01 12:03:22 INFO  [main] traceId= spanId= c.netflix.discovery.DiscoveryClient : Force full registry fetch : false
2026-10-01 12:03:22 INFO  [main] traceId= spanId= c.netflix.discovery.DiscoveryClient : Application is null : false
2026-10-01 12:03:22 INFO  [main] traceId= spanId= c.netflix.discovery.DiscoveryClient : Registered Applications size is zero : true
2026-10-01 12:03:22 INFO  [main] traceId= spanId= c.netflix.discovery.DiscoveryClient : Application version is -1: true
2026-10-01 12:03:22 INFO  [main] traceId= spanId= c.netflix.discovery.DiscoveryClient : Getting all instance registry info from the eureka server
2026-10-01 12:03:22 INFO  [main] traceId= spanId= c.netflix.discovery.DiscoveryClient : The response status is 200
2026-10-01 12:03:22 INFO  [main] traceId= spanId= c.netflix.discovery.DiscoveryClient : Starting heartbeat executor: renew interval is: 30
2026-10-01 12:03:22 INFO  [main] traceId= spanId= c.n.discovery.InstanceInfoReplicator : InstanceInfoReplicator onDemand update allowed rate per min is 4
2026-10-01 12:03:22 INFO  [main] traceId= spanId= c.netflix.discovery.DiscoveryClient : Discovery Client initialized at timestamp 1790856202694 with initial instances count: 3
2026-10-01 12:03:22 INFO  [main] traceId= spanId= o.s.c.n.e.s.EurekaServiceRegistry : Registering application PRODUCT-SERVICE with eureka with status UP
2026-10-01 12:03:22 INFO  [main] traceId= spanId= c.netflix.discovery.DiscoveryClient : Saw local status change event StatusChangeEvent [timestamp=1790856202699, current=UP, previous=STARTING]
2026-10-01 12:03:22 INFO  [DiscoveryClient-InstanceInfoReplicator-%d] traceId= spanId= c.netflix.discovery.DiscoveryClient : DiscoveryClient_PRODUCT-SERVICE/LAPTOP-UJ0KBI4K.mshome.net:PRODUCT-SERVICE:8081: registering service...
2026-10-01 12:03:22 INFO  [DiscoveryClient-InstanceInfoReplicator-%d] traceId= spanId= c.netflix.discovery.DiscoveryClient : DiscoveryClient_PRODUCT-SERVICE/LAPTOP-UJ0KBI4K.mshome.net:PRODUCT-SERVICE:8081 - registration status: 204
2026-10-01 12:03:22 INFO  [main] traceId= spanId= o.s.boot.tomcat.TomcatWebServer : Tomcat started on port 8081 (http) with context path '/'
2026-10-01 12:03:22 INFO  [main] traceId= spanId= o.s.c.n.e.s.EurekaAutoServiceRegistration : Updating port to 8081
2026-10-01 12:03:22 INFO  [main] traceId= spanId= c.s.e.p.ProductsServiceApplication : Started ProductsServiceApplication in 11.877 seconds (process running for 15.543)
2026-10-01 12:03:23 INFO  [main] traceId= spanId= o.s.b.a.l.ConditionEvaluationReportLogger : 

Error starting ApplicationContext. To display the condition evaluation report re-run your application with 'debug' enabled.
2026-10-01 12:03:23 ERROR [main] traceId= spanId= o.s.boot.SpringApplication : Application run failed
java.lang.UnsupportedOperationException
	at java.base/java.util.AbstractList.remove(AbstractList.java:169)
	at java.base/java.util.AbstractList$Itr.remove(AbstractList.java:389)
	at java.base/java.util.AbstractList.removeRange(AbstractList.java:600)
	at java.base/java.util.AbstractList.clear(AbstractList.java:245)
	at org.hibernate.type.CollectionType.replaceElements(CollectionType.java:480)
	at org.hibernate.type.CollectionType.replaceOriginal(CollectionType.java:675)
	at org.hibernate.type.CollectionType.replace(CollectionType.java:638)
	at org.hibernate.type.TypeHelper.replace(TypeHelper.java:113)
	at org.hibernate.event.internal.DefaultMergeEventListener.entityIsPersistent(DefaultMergeEventListener.java:268)
	at org.hibernate.event.internal.DefaultMergeEventListener.merge(DefaultMergeEventListener.java:198)
	at org.hibernate.event.internal.DefaultMergeEventListener.doMerge(DefaultMergeEventListener.java:136)
	at org.hibernate.event.internal.DefaultMergeEventListener.onMerge(DefaultMergeEventListener.java:120)
	at org.hibernate.event.internal.DefaultMergeEventListener.onMerge(DefaultMergeEventListener.java:77)
	at org.hibernate.event.service.internal.EventListenerGroupImpl.fireEventOnEachListener(EventListenerGroupImpl.java:138)
	at org.hibernate.internal.SessionImpl.fireMerge(SessionImpl.java:800)
	at org.hibernate.internal.SessionImpl.merge(SessionImpl.java:785)
	at java.base/jdk.internal.reflect.DirectMethodHandleAccessor.invoke(DirectMethodHandleAccessor.java:104)
	at java.base/java.lang.reflect.Method.invoke(Method.java:565)
	at org.springframework.orm.jpa.SharedEntityManagerCreator$SharedEntityHandlerInvocationHandler.invokeMethod(SharedEntityManagerCreator.java:240)
	at org.springframework.orm.jpa.SharedEntityManagerCreator$SharedEntityManagerInvocationHandler.invoke(SharedEntityManagerCreator.java:386)
	at jdk.proxy3/jdk.proxy3.$Proxy209.merge(Unknown Source)
	at org.springframework.data.jpa.repository.support.SimpleJpaRepository.save(SimpleJpaRepository.java:667)
	at org.springframework.data.jpa.repository.support.SimpleJpaRepository.saveAll(SimpleJpaRepository.java:690)
	at java.base/jdk.internal.reflect.DirectMethodHandleAccessor.invoke(DirectMethodHandleAccessor.java:104)
	at java.base/java.lang.reflect.Method.invoke(Method.java:565)
	at org.springframework.aop.support.AopUtils.invokeJoinpointUsingReflection(AopUtils.java:359)
	at org.springframework.data.repository.core.support.RepositoryMethodInvoker$RepositoryFragmentMethodInvoker.lambda$new$0(RepositoryMethodInvoker.java:278)
	at org.springframework.data.repository.core.support.RepositoryMethodInvoker.doInvoke(RepositoryMethodInvoker.java:169)
	at org.springframework.data.repository.core.support.RepositoryMethodInvoker.invoke(RepositoryMethodInvoker.java:158)
	at org.springframework.data.repository.core.support.RepositoryComposition$RepositoryFragments.invoke(RepositoryComposition.java:545)
	at org.springframework.data.repository.core.support.RepositoryComposition.invoke(RepositoryComposition.java:290)
	at org.springframework.data.repository.core.support.RepositoryFactorySupport$ImplementationMethodExecutionInterceptor.invoke(RepositoryFactorySupport.java:690)
	at org.springframework.aop.framework.ReflectiveMethodInvocation.proceed(ReflectiveMethodInvocation.java:179)
	at org.springframework.data.repository.core.support.QueryExecutorMethodInterceptor.doInvoke(QueryExecutorMethodInterceptor.java:171)
	at org.springframework.data.repository.core.support.QueryExecutorMethodInterceptor.invoke(QueryExecutorMethodInterceptor.java:146)
	at org.springframework.aop.framework.ReflectiveMethodInvocation.proceed(ReflectiveMethodInvocation.java:179)
	at org.springframework.data.projection.DefaultMethodInvokingMethodInterceptor.invoke(DefaultMethodInvokingMethodInterceptor.java:69)
	at org.springframework.aop.framework.ReflectiveMethodInvocation.proceed(ReflectiveMethodInvocation.java:179)
	at org.springframework.transaction.interceptor.TransactionInterceptor$1.proceedWithInvocation(TransactionInterceptor.java:133)
	at org.springframework.transaction.interceptor.TransactionAspectSupport.invokeWithinTransaction(TransactionAspectSupport.java:371)
	at org.springframework.transaction.interceptor.TransactionInterceptor.invoke(TransactionInterceptor.java:130)
	at org.springframework.aop.framework.ReflectiveMethodInvocation.proceed(ReflectiveMethodInvocation.java:179)
	at org.springframework.dao.support.PersistenceExceptionTranslationInterceptor.invoke(PersistenceExceptionTranslationInterceptor.java:135)
	at org.springframework.aop.framework.ReflectiveMethodInvocation.proceed(ReflectiveMethodInvocation.java:179)
	at org.springframework.data.jpa.repository.support.CrudMethodMetadataPostProcessor$CrudMethodMetadataPopulatingMethodInterceptor.invoke(CrudMethodMetadataPostProcessor.java:166)
	at org.springframework.aop.framework.ReflectiveMethodInvocation.proceed(ReflectiveMethodInvocation.java:179)
	at io.opentelemetry.javaagent.instrumentation.spring.data.v1_8.SpringDataInstrumentationModule$RepositoryInterceptor.invoke(SpringDataInstrumentationModule.java:128)
	at org.springframework.aop.framework.ReflectiveMethodInvocation.proceed(ReflectiveMethodInvocation.java:179)
	at org.springframework.aop.framework.JdkDynamicAopProxy.invoke(JdkDynamicAopProxy.java:222)
	at jdk.proxy3/jdk.proxy3.$Proxy215.saveAll(Unknown Source)
	at com.substring.easybuy.products.config.DbInitializer.run(DbInitializer.java:69)
	at java.base/jdk.internal.reflect.DirectMethodHandleAccessor.invoke(DirectMethodHandleAccessor.java:104)
	at java.base/java.lang.reflect.Method.invoke(Method.java:565)
	at org.springframework.aop.support.AopUtils.invokeJoinpointUsingReflection(AopUtils.java:359)
	at org.springframework.aop.framework.ReflectiveMethodInvocation.invokeJoinpoint(ReflectiveMethodInvocation.java:190)
	at org.springframework.aop.framework.ReflectiveMethodInvocation.proceed(ReflectiveMethodInvocation.java:158)
	at org.springframework.transaction.interceptor.TransactionInterceptor$1.proceedWithInvocation(TransactionInterceptor.java:133)
	at org.springframework.transaction.interceptor.TransactionAspectSupport.invokeWithinTransaction(TransactionAspectSupport.java:371)
	at org.springframework.transaction.interceptor.TransactionInterceptor.invoke(TransactionInterceptor.java:130)
	at org.springframework.aop.framework.ReflectiveMethodInvocation.proceed(ReflectiveMethodInvocation.java:179)
	at org.springframework.aop.framework.CglibAopProxy$DynamicAdvisedInterceptor.intercept(CglibAopProxy.java:719)
	at com.substring.easybuy.products.config.DbInitializer$$SpringCGLIB$$0.run(<generated>)
	at org.springframework.boot.SpringApplication.lambda$callRunner$1(SpringApplication.java:792)
	at org.springframework.util.function.ThrowingConsumer$1.acceptWithException(ThrowingConsumer.java:82)
	at org.springframework.util.function.ThrowingConsumer.accept(ThrowingConsumer.java:60)
	at org.springframework.util.function.ThrowingConsumer$1.accept(ThrowingConsumer.java:86)
	at org.springframework.boot.SpringApplication.callRunner(SpringApplication.java:800)
	at org.springframework.boot.SpringApplication.callRunner(SpringApplication.java:791)
	at org.springframework.boot.SpringApplication.lambda$callRunners$0(SpringApplication.java:776)
	at java.base/java.util.stream.ForEachOps$ForEachOp$OfRef.accept(ForEachOps.java:186)
	at java.base/java.util.stream.SortedOps$SizedRefSortingSink.end(SortedOps.java:357)
	at java.base/java.util.stream.AbstractPipeline.copyInto(AbstractPipeline.java:571)
	at java.base/java.util.stream.AbstractPipeline.wrapAndCopyInto(AbstractPipeline.java:560)
	at java.base/java.util.stream.ForEachOps$ForEachOp.evaluateSequential(ForEachOps.java:153)
	at java.base/java.util.stream.ForEachOps$ForEachOp$OfRef.evaluateSequential(ForEachOps.java:176)
	at java.base/java.util.stream.AbstractPipeline.evaluate(AbstractPipeline.java:265)
	at java.base/java.util.stream.ReferencePipeline.forEach(ReferencePipeline.java:632)
	at org.springframework.boot.SpringApplication.callRunners(SpringApplication.java:776)
	at org.springframework.boot.SpringApplication.run(SpringApplication.java:328)
	at org.springframework.boot.SpringApplication.run(SpringApplication.java:1365)
	at org.springframework.boot.SpringApplication.run(SpringApplication.java:1354)
	at com.substring.easybuy.products.ProductsServiceApplication.main(ProductsServiceApplication.java:23)
2026-10-01 12:03:23 INFO  [main] traceId= spanId= o.s.c.n.e.s.EurekaServiceRegistry : Unregistering application PRODUCT-SERVICE with eureka with status DOWN
2026-10-01 12:03:23 INFO  [main] traceId= spanId= c.netflix.discovery.DiscoveryClient : Saw local status change event StatusChangeEvent [timestamp=1790856203213, current=DOWN, previous=UP]
2026-10-01 12:03:23 INFO  [DiscoveryClient-InstanceInfoReplicator-%d] traceId= spanId= c.netflix.discovery.DiscoveryClient : DiscoveryClient_PRODUCT-SERVICE/LAPTOP-UJ0KBI4K.mshome.net:PRODUCT-SERVICE:8081: registering service...
2026-10-01 12:03:23 INFO  [DiscoveryClient-InstanceInfoReplicator-%d] traceId= spanId= c.netflix.discovery.DiscoveryClient : DiscoveryClient_PRODUCT-SERVICE/LAPTOP-UJ0KBI4K.mshome.net:PRODUCT-SERVICE:8081 - registration status: 204
2026-10-01 12:03:23 INFO  [main] traceId= spanId= o.s.boot.tomcat.GracefulShutdown : Commencing graceful shutdown. Waiting for active requests to complete
2026-10-01 12:03:23 INFO  [tomcat-shutdown] traceId= spanId= o.s.boot.tomcat.GracefulShutdown : Graceful shutdown complete
2026-10-01 12:03:23 INFO  [main] traceId= spanId= o.s.o.j.LocalContainerEntityManagerFactoryBean : Closing JPA EntityManagerFactory for persistence unit 'default'
2026-10-01 12:03:23 INFO  [main] traceId= spanId= com.zaxxer.hikari.HikariDataSource : HikariPool-1 - Shutdown initiated...
2026-10-01 12:03:23 INFO  [main] traceId= spanId= com.zaxxer.hikari.HikariDataSource : HikariPool-1 - Shutdown completed.
2026-10-01 12:03:23 INFO  [main] traceId= spanId= c.netflix.discovery.DiscoveryClient : Shutting down DiscoveryClient ...
2026-10-01 12:03:26 INFO  [main] traceId= spanId= c.netflix.discovery.DiscoveryClient : Unregistering ...
2026-10-01 12:03:26 INFO  [main] traceId= spanId= c.netflix.discovery.DiscoveryClient : DiscoveryClient_PRODUCT-SERVICE/LAPTOP-UJ0KBI4K.mshome.net:PRODUCT-SERVICE:8081 - deregister  status: 200
2026-10-01 12:03:26 INFO  [main] traceId= spanId= c.netflix.discovery.DiscoveryClient : Completed shut down of DiscoveryClient
2026-10-01 12:06:35 INFO  [main] traceId= spanId= c.s.e.p.ProductsServiceApplication : Starting ProductsServiceApplication using Java 25.0.1 with PID 63532 (D:\Live Batches\micro_devops\easy_busy\products-service\products-service\target\classes started by DurgeshLap in D:\Live Batches\micro_devops\easy_busy)
2026-10-01 12:06:35 INFO  [main] traceId= spanId= c.s.e.p.ProductsServiceApplication : The following 1 profile is active: "dev"
2026-10-01 12:06:35 INFO  [main] traceId= spanId= o.s.c.c.c.ConfigServerConfigDataLoader : Fetching config from server at : http://localhost:8079
2026-10-01 12:06:35 INFO  [main] traceId= spanId= o.s.c.c.c.ConfigServerConfigDataLoader : Located environment: name=PRODUCT-SERVICE, profiles=[default], label=null, version=ceb379716546669fd1cb56d1a0a40d6637a384d9, state=
2026-10-01 12:06:35 INFO  [main] traceId= spanId= o.s.c.c.c.ConfigServerConfigDataLoader : Fetching config from server at : http://localhost:8079
2026-10-01 12:06:35 INFO  [main] traceId= spanId= o.s.c.c.c.ConfigServerConfigDataLoader : Located environment: name=PRODUCT-SERVICE, profiles=[dev], label=null, version=ceb379716546669fd1cb56d1a0a40d6637a384d9, state=
2026-10-01 12:06:38 INFO  [main] traceId= spanId= o.s.d.r.c.RepositoryConfigurationDelegate : Bootstrapping Spring Data JPA repositories in DEFAULT mode.
2026-10-01 12:06:38 INFO  [main] traceId= spanId= o.s.d.r.c.RepositoryConfigurationDelegate : Finished Spring Data repository scanning in 491 ms. Found 3 JPA repository interfaces.
2026-10-01 12:06:39 INFO  [main] traceId= spanId= o.s.cloud.context.scope.GenericScope : BeanFactory id=188c6a25-ca75-363b-ac0a-f08d12b40ccc
2026-10-01 12:06:40 INFO  [main] traceId= spanId= o.s.boot.tomcat.TomcatWebServer : Tomcat initialized with port 8081 (http)
2026-10-01 12:06:40 INFO  [main] traceId= spanId= o.a.catalina.core.StandardService : Starting service [Tomcat]
2026-10-01 12:06:40 INFO  [main] traceId= spanId= o.a.catalina.core.StandardEngine : Starting Servlet engine: [Apache Tomcat/11.0.21]
2026-10-01 12:06:40 INFO  [main] traceId= spanId= o.s.b.w.c.s.WebApplicationContextInitializer : Root WebApplicationContext: initialization completed in 5006 ms
2026-10-01 12:06:41 INFO  [main] traceId= spanId= org.hibernate.orm.jpa : HHH008540: Processing PersistenceUnitInfo [name: default]
2026-10-01 12:06:41 INFO  [main] traceId= spanId= org.hibernate.orm.core : HHH000001: Hibernate ORM core version 7.2.12.Final
2026-10-01 12:06:42 INFO  [main] traceId= spanId= o.s.o.j.p.SpringPersistenceUnitInfo : No LoadTimeWeaver setup: ignoring JPA class transformer
2026-10-01 12:06:42 INFO  [main] traceId= spanId= com.zaxxer.hikari.HikariDataSource : HikariPool-1 - Starting...
2026-10-01 12:06:43 INFO  [main] traceId= spanId= com.zaxxer.hikari.pool.HikariPool : HikariPool-1 - Added connection org.postgresql.jdbc.PgConnection@21f9c71e
2026-10-01 12:06:43 INFO  [main] traceId= spanId= com.zaxxer.hikari.HikariDataSource : HikariPool-1 - Start completed.
2026-10-01 12:06:43 WARN  [main] traceId= spanId= org.hibernate.orm.deprecation : HHH90000025: PostgreSQLDialect does not need to be specified explicitly using 'hibernate.dialect' (remove the property setting and it will be selected by default)
2026-10-01 12:06:43 INFO  [main] traceId= spanId= o.hibernate.orm.connections.pooling : HHH10001005: Database info:
	Database JDBC URL [jdbc:postgresql://localhost:5432/productdb?currentSchema=public]
	Database driver: PostgreSQL JDBC Driver
	Database dialect: PostgreSQLDialect
	Database version: 18.4
	Default catalog/schema: productdb/public
	Autocommit mode: undefined/unknown
	Isolation level: READ_COMMITTED [default READ_COMMITTED]
	JDBC fetch size: none
	Pool: DataSourceConnectionProvider
	Minimum pool size: undefined/unknown
	Maximum pool size: undefined/unknown
2026-10-01 12:06:44 INFO  [main] traceId= spanId= org.hibernate.orm.core : HHH000489: No JTA platform available (set 'hibernate.transaction.jta.platform' to enable JTA platform integration)
2026-10-01 12:06:44 INFO  [main] traceId= spanId= o.s.o.j.LocalContainerEntityManagerFactoryBean : Initialized JPA EntityManagerFactory for persistence unit 'default'
2026-10-01 12:06:44 INFO  [main] traceId= spanId= o.s.d.j.r.q.QueryEnhancerFactories : Hibernate is in classpath; If applicable, HQL parser will be used.
2026-10-01 12:06:46 WARN  [main] traceId= spanId= o.s.b.j.a.JpaBaseConfiguration$JpaWebConfiguration : spring.jpa.open-in-view is enabled by default. Therefore, database queries may be performed during view rendering. Explicitly configure spring.jpa.open-in-view to disable this warning
2026-10-01 12:06:47 INFO  [main] traceId= spanId= o.s.c.n.e.c.DiscoveryClientOptionalArgsConfiguration : Eureka HTTP Client uses RestClient.
2026-10-01 12:06:47 WARN  [main] traceId= spanId= o.s.c.l.c.LoadBalancerCacheAutoConfiguration$LoadBalancerCaffeineWarnLogger : Spring Cloud LoadBalancer is currently working with the default cache. While this cache implementation is useful for development and tests, it's recommended to use Caffeine cache in production.You can switch to using Caffeine cache, by adding it and org.springframework.cache.caffeine.CaffeineCacheManager to the classpath.
2026-10-01 12:06:47 INFO  [main] traceId= spanId= o.s.b.a.e.web.EndpointLinksResolver : Exposing 17 endpoints beneath base path '/actuator'
2026-10-01 12:06:47 INFO  [main] traceId= spanId= o.s.c.n.eureka.InstanceInfoFactory : Setting initial instance status as: STARTING
2026-10-01 12:06:47 INFO  [main] traceId= spanId= c.netflix.discovery.DiscoveryClient : Initializing Eureka in region us-east-1
2026-10-01 12:06:47 INFO  [main] traceId= spanId= c.n.d.s.r.aws.ConfigClusterResolver : Resolving eureka endpoints via configuration
2026-10-01 12:06:47 INFO  [main] traceId= spanId= c.netflix.discovery.DiscoveryClient : Disable delta property : false
2026-10-01 12:06:47 INFO  [main] traceId= spanId= c.netflix.discovery.DiscoveryClient : Single vip registry refresh property : null
2026-10-01 12:06:47 INFO  [main] traceId= spanId= c.netflix.discovery.DiscoveryClient : Force full registry fetch : false
2026-10-01 12:06:47 INFO  [main] traceId= spanId= c.netflix.discovery.DiscoveryClient : Application is null : false
2026-10-01 12:06:47 INFO  [main] traceId= spanId= c.netflix.discovery.DiscoveryClient : Registered Applications size is zero : true
2026-10-01 12:06:47 INFO  [main] traceId= spanId= c.netflix.discovery.DiscoveryClient : Application version is -1: true
2026-10-01 12:06:47 INFO  [main] traceId= spanId= c.netflix.discovery.DiscoveryClient : Getting all instance registry info from the eureka server
2026-10-01 12:06:47 INFO  [main] traceId= spanId= c.netflix.discovery.DiscoveryClient : The response status is 200
2026-10-01 12:06:47 INFO  [main] traceId= spanId= c.netflix.discovery.DiscoveryClient : Starting heartbeat executor: renew interval is: 30
2026-10-01 12:06:47 INFO  [main] traceId= spanId= c.n.discovery.InstanceInfoReplicator : InstanceInfoReplicator onDemand update allowed rate per min is 4
2026-10-01 12:06:47 INFO  [main] traceId= spanId= c.netflix.discovery.DiscoveryClient : Discovery Client initialized at timestamp 1790856407866 with initial instances count: 3
2026-10-01 12:06:47 INFO  [main] traceId= spanId= o.s.c.n.e.s.EurekaServiceRegistry : Registering application PRODUCT-SERVICE with eureka with status UP
2026-10-01 12:06:47 INFO  [main] traceId= spanId= c.netflix.discovery.DiscoveryClient : Saw local status change event StatusChangeEvent [timestamp=1790856407870, current=UP, previous=STARTING]
2026-10-01 12:06:47 INFO  [DiscoveryClient-InstanceInfoReplicator-%d] traceId= spanId= c.netflix.discovery.DiscoveryClient : DiscoveryClient_PRODUCT-SERVICE/LAPTOP-UJ0KBI4K.mshome.net:PRODUCT-SERVICE:8081: registering service...
2026-10-01 12:06:47 INFO  [DiscoveryClient-InstanceInfoReplicator-%d] traceId= spanId= c.netflix.discovery.DiscoveryClient : DiscoveryClient_PRODUCT-SERVICE/LAPTOP-UJ0KBI4K.mshome.net:PRODUCT-SERVICE:8081 - registration status: 204
2026-10-01 12:06:47 INFO  [main] traceId= spanId= o.s.boot.tomcat.TomcatWebServer : Tomcat started on port 8081 (http) with context path '/'
2026-10-01 12:06:47 INFO  [main] traceId= spanId= o.s.c.n.e.s.EurekaAutoServiceRegistration : Updating port to 8081
2026-10-01 12:06:47 INFO  [main] traceId= spanId= c.s.e.p.ProductsServiceApplication : Started ProductsServiceApplication in 17.043 seconds (process running for 23.744)
2026-10-01 12:06:58 INFO  [http-nio-8081-exec-1] traceId=66c7fac25f75f6c0796620c10077150d spanId=ab7b5bfcf1f5028c o.a.c.c.C.[Tomcat].[localhost].[/] : Initializing Spring DispatcherServlet 'dispatcherServlet'
2026-10-01 12:06:58 INFO  [http-nio-8081-exec-1] traceId=66c7fac25f75f6c0796620c10077150d spanId=ab7b5bfcf1f5028c o.s.web.servlet.DispatcherServlet : Initializing Servlet 'dispatcherServlet'
2026-10-01 12:06:58 INFO  [http-nio-8081-exec-1] traceId=66c7fac25f75f6c0796620c10077150d spanId=ab7b5bfcf1f5028c o.s.web.servlet.DispatcherServlet : Completed initialization in 5 ms
2026-10-01 12:11:47 INFO  [AsyncResolver-bootstrap-executor-%d] traceId= spanId= c.n.d.s.r.aws.ConfigClusterResolver : Resolving eureka endpoints via configuration
2026-10-01 12:16:47 INFO  [AsyncResolver-bootstrap-executor-%d] traceId= spanId= c.n.d.s.r.aws.ConfigClusterResolver : Resolving eureka endpoints via configuration
2026-10-01 12:21:47 INFO  [AsyncResolver-bootstrap-executor-%d] traceId= spanId= c.n.d.s.r.aws.ConfigClusterResolver : Resolving eureka endpoints via configuration
2026-10-01 12:26:47 INFO  [AsyncResolver-bootstrap-executor-%d] traceId= spanId= c.n.d.s.r.aws.ConfigClusterResolver : Resolving eureka endpoints via configuration
2026-10-01 12:28:19 WARN  [HikariPool-1:housekeeper] traceId= spanId= com.zaxxer.hikari.pool.PoolBase : HikariPool-1 - Failed to validate connection org.postgresql.jdbc.PgConnection@21f9c71e (This connection has been closed.). Possibly consider using a shorter maxLifetime value.
2026-10-01 12:28:37 WARN  [HikariPool-1:housekeeper] traceId= spanId= com.zaxxer.hikari.pool.PoolBase : HikariPool-1 - Failed to validate connection org.postgresql.jdbc.PgConnection@665895c6 (This connection has been closed.). Possibly consider using a shorter maxLifetime value.
2026-10-01 12:31:47 INFO  [AsyncResolver-bootstrap-executor-%d] traceId= spanId= c.n.d.s.r.aws.ConfigClusterResolver : Resolving eureka endpoints via configuration
2026-10-01 12:36:05 INFO  [http-nio-8081-exec-4] traceId=66c239960008741452ce69a6082f8725 spanId=f69fa60eec9681ed c.s.e.p.s.impl.ProductServiceImpl : Searching products with query: iPhone, page: 0, size: 12
2026-10-01 12:36:47 INFO  [AsyncResolver-bootstrap-executor-%d] traceId= spanId= c.n.d.s.r.aws.ConfigClusterResolver : Resolving eureka endpoints via configuration
2026-10-01 12:38:44 INFO  [http-nio-8081-exec-2] traceId=b26f708b5bc74c8e0ff1cc9cee8b7e2c spanId=7c298a7b9b5b660d c.s.e.p.s.impl.ProductServiceImpl : Filtering products: minPrice=100, maxPrice=500, categoryId=null, live=null, page=0, size=12
2026-10-01 12:41:47 INFO  [AsyncResolver-bootstrap-executor-%d] traceId= spanId= c.n.d.s.r.aws.ConfigClusterResolver : Resolving eureka endpoints via configuration
2026-10-01 12:46:47 INFO  [AsyncResolver-bootstrap-executor-%d] traceId= spanId= c.n.d.s.r.aws.ConfigClusterResolver : Resolving eureka endpoints via configuration
2026-10-01 12:51:47 INFO  [AsyncResolver-bootstrap-executor-%d] traceId= spanId= c.n.d.s.r.aws.ConfigClusterResolver : Resolving eureka endpoints via configuration
2026-10-01 12:56:47 INFO  [AsyncResolver-bootstrap-executor-%d] traceId= spanId= c.n.d.s.r.aws.ConfigClusterResolver : Resolving eureka endpoints via configuration
2026-10-01 13:01:47 INFO  [AsyncResolver-bootstrap-executor-%d] traceId= spanId= c.n.d.s.r.aws.ConfigClusterResolver : Resolving eureka endpoints via configuration
2026-10-01 13:06:47 INFO  [AsyncResolver-bootstrap-executor-%d] traceId= spanId= c.n.d.s.r.aws.ConfigClusterResolver : Resolving eureka endpoints via configuration
2026-10-01 13:11:47 INFO  [AsyncResolver-bootstrap-executor-%d] traceId= spanId= c.n.d.s.r.aws.ConfigClusterResolver : Resolving eureka endpoints via configuration
2026-10-01 13:16:47 INFO  [AsyncResolver-bootstrap-executor-%d] traceId= spanId= c.n.d.s.r.aws.ConfigClusterResolver : Resolving eureka endpoints via configuration
2026-10-01 13:21:47 INFO  [AsyncResolver-bootstrap-executor-%d] traceId= spanId= c.n.d.s.r.aws.ConfigClusterResolver : Resolving eureka endpoints via configuration
2026-10-01 13:26:47 INFO  [AsyncResolver-bootstrap-executor-%d] traceId= spanId= c.n.d.s.r.aws.ConfigClusterResolver : Resolving eureka endpoints via configuration
2026-10-01 13:31:47 INFO  [AsyncResolver-bootstrap-executor-%d] traceId= spanId= c.n.d.s.r.aws.ConfigClusterResolver : Resolving eureka endpoints via configuration
2026-10-01 13:36:47 INFO  [AsyncResolver-bootstrap-executor-%d] traceId= spanId= c.n.d.s.r.aws.ConfigClusterResolver : Resolving eureka endpoints via configuration
2026-10-01 13:41:47 INFO  [AsyncResolver-bootstrap-executor-%d] traceId= spanId= c.n.d.s.r.aws.ConfigClusterResolver : Resolving eureka endpoints via configuration
2026-10-01 13:46:47 INFO  [AsyncResolver-bootstrap-executor-%d] traceId= spanId= c.n.d.s.r.aws.ConfigClusterResolver : Resolving eureka endpoints via configuration
2026-10-01 13:51:47 INFO  [AsyncResolver-bootstrap-executor-%d] traceId= spanId= c.n.d.s.r.aws.ConfigClusterResolver : Resolving eureka endpoints via configuration
2026-10-01 13:56:47 INFO  [AsyncResolver-bootstrap-executor-%d] traceId= spanId= c.n.d.s.r.aws.ConfigClusterResolver : Resolving eureka endpoints via configuration
2026-10-01 14:01:47 INFO  [AsyncResolver-bootstrap-executor-%d] traceId= spanId= c.n.d.s.r.aws.ConfigClusterResolver : Resolving eureka endpoints via configuration
2026-10-01 14:05:43 INFO  [http-nio-8081-exec-6] traceId=03953b10ddd5bbfb09fd42f5a1b6ffd0 spanId=4bb1875ea90a24a2 c.s.e.p.s.impl.ProductServiceImpl : Filtering products: minPrice=null, maxPrice=null, categoryId=null, live=true, page=0, size=100
2026-10-01 14:06:34 INFO  [http-nio-8081-exec-4] traceId=71db71bc5d1819c6fb098bf4295d2a8e spanId=077783aaaf0232c8 c.s.e.p.s.impl.ProductServiceImpl : Filtering products: minPrice=null, maxPrice=null, categoryId=null, live=true, page=0, size=100
2026-10-01 14:06:40 INFO  [http-nio-8081-exec-8] traceId=21f09afb899c1a6a979b12277c3e9e19 spanId=68344246a360c32f c.s.e.p.s.impl.ProductServiceImpl : Filtering products: minPrice=null, maxPrice=null, categoryId=1, live=true, page=0, size=100
2026-10-01 14:06:47 INFO  [AsyncResolver-bootstrap-executor-%d] traceId= spanId= c.n.d.s.r.aws.ConfigClusterResolver : Resolving eureka endpoints via configuration
2026-10-01 14:06:53 INFO  [http-nio-8081-exec-6] traceId=da4201d11033d7848a02051dd1dbe80e spanId=455468df7b54d377 c.s.e.p.s.impl.ProductServiceImpl : Filtering products: minPrice=null, maxPrice=null, categoryId=null, live=true, page=0, size=100
2026-10-01 14:07:05 INFO  [http-nio-8081-exec-5] traceId=bc5470cc8b5df3ee692d2312209410d0 spanId=699d992610bba47c c.s.e.p.s.impl.ProductServiceImpl : Filtering products: minPrice=null, maxPrice=null, categoryId=null, live=true, page=0, size=100
2026-10-01 14:08:02 INFO  [http-nio-8081-exec-10] traceId=b99e1e02a3cfdfd848309509672f01f0 spanId=615a09d5c37d4d61 c.s.e.p.s.impl.ProductServiceImpl : Filtering products: minPrice=null, maxPrice=null, categoryId=null, live=true, page=0, size=100
2026-10-01 14:08:49 INFO  [http-nio-8081-exec-6] traceId=ce170bda40f25bdd77f3f03bd8fb013b spanId=1a45e09ec37ee317 c.s.e.p.s.impl.ProductServiceImpl : Filtering products: minPrice=null, maxPrice=null, categoryId=null, live=true, page=0, size=100
2026-10-01 14:09:02 INFO  [http-nio-8081-exec-1] traceId=cb1953e269c787b3ae9793a1abe09443 spanId=44a6a22212dc3cd9 c.s.e.p.s.impl.ProductServiceImpl : Filtering products: minPrice=null, maxPrice=null, categoryId=null, live=true, page=0, size=100
2026-10-01 14:09:46 INFO  [http-nio-8081-exec-2] traceId=c613377d189444c6cbd7106bb8177aa7 spanId=4c170cfe80b87f9d c.s.e.p.s.impl.ProductServiceImpl : Filtering products: minPrice=null, maxPrice=null, categoryId=null, live=true, page=0, size=100
2026-10-01 14:09:54 INFO  [http-nio-8081-exec-4] traceId=4d9b748db1ce569878535dc9b2717b98 spanId=9d01e26a50ad9896 c.s.e.p.s.impl.ProductServiceImpl : Filtering products: minPrice=null, maxPrice=null, categoryId=2, live=true, page=0, size=100
2026-10-01 14:10:04 INFO  [http-nio-8081-exec-8] traceId=5e1814412522fa49914ad36363b3ee20 spanId=67776e513dee4855 c.s.e.p.s.impl.ProductServiceImpl : Filtering products: minPrice=null, maxPrice=null, categoryId=1, live=true, page=0, size=100
2026-10-01 14:10:50 INFO  [http-nio-8081-exec-5] traceId=6595565b94e5045aa6eb0e973465d7e7 spanId=c433f41fc5d86c2c c.s.e.p.s.impl.ProductServiceImpl : Filtering products: minPrice=null, maxPrice=null, categoryId=null, live=true, page=0, size=100
2026-10-01 14:10:57 INFO  [http-nio-8081-exec-10] traceId=b5b31eb1d300acfcffb5bebb16701096 spanId=93730ef9d06dc320 c.s.e.p.s.impl.ProductServiceImpl : Filtering products: minPrice=null, maxPrice=null, categoryId=1, live=true, page=0, size=100
2026-10-01 14:11:30 INFO  [http-nio-8081-exec-6] traceId=e83fba0503e175de5a0ecf1e5ed8a530 spanId=b9e908a01cc84586 c.s.e.p.s.impl.ProductServiceImpl : Filtering products: minPrice=null, maxPrice=null, categoryId=null, live=true, page=0, size=100
2026-10-01 14:11:47 INFO  [AsyncResolver-bootstrap-executor-%d] traceId= spanId= c.n.d.s.r.aws.ConfigClusterResolver : Resolving eureka endpoints via configuration
2026-10-01 14:16:47 INFO  [AsyncResolver-bootstrap-executor-%d] traceId= spanId= c.n.d.s.r.aws.ConfigClusterResolver : Resolving eureka endpoints via configuration
2026-10-01 14:17:27 INFO  [http-nio-8081-exec-3] traceId=47098000f5712f48d3771e276a0c604d spanId=534b2c167711a1f3 c.s.e.p.s.impl.ProductServiceImpl : Filtering products: minPrice=null, maxPrice=null, categoryId=null, live=true, page=0, size=100
2026-10-01 14:17:56 INFO  [http-nio-8081-exec-10] traceId=545590b739cf6bb7d33882e16b2ab94f spanId=c4eb18cf1a61187d c.s.e.p.s.impl.ProductServiceImpl : Filtering products: minPrice=null, maxPrice=null, categoryId=null, live=true, page=0, size=100
2026-10-01 14:18:46 INFO  [http-nio-8081-exec-5] traceId=5429deba591d0c96576b457fad080fac spanId=213ffb26f884023f c.s.e.p.s.impl.ProductServiceImpl : Filtering products: minPrice=null, maxPrice=null, categoryId=1, live=true, page=0, size=100
2026-10-01 14:19:15 INFO  [http-nio-8081-exec-9] traceId=dea1e24ce62dfe747f88e285ae87fb5c spanId=c3ad4b9f176d3267 c.s.e.p.s.impl.ProductServiceImpl : Filtering products: minPrice=null, maxPrice=null, categoryId=1, live=true, page=0, size=100
2026-10-01 14:21:47 INFO  [AsyncResolver-bootstrap-executor-%d] traceId= spanId= c.n.d.s.r.aws.ConfigClusterResolver : Resolving eureka endpoints via configuration
2026-10-01 14:26:47 INFO  [AsyncResolver-bootstrap-executor-%d] traceId= spanId= c.n.d.s.r.aws.ConfigClusterResolver : Resolving eureka endpoints via configuration
2026-10-01 14:29:04 INFO  [http-nio-8081-exec-3] traceId=cd168d4d99acb2906112a75700c7d093 spanId=999d48e4e4924320 c.s.e.p.s.impl.ProductServiceImpl : Filtering products: minPrice=null, maxPrice=null, categoryId=null, live=true, page=0, size=100
2026-10-01 14:29:06 INFO  [http-nio-8081-exec-10] traceId=2168320a8b338326ccd2ce60946a3b76 spanId=a7af9ed6d0811da9 c.s.e.p.s.impl.ProductServiceImpl : Filtering products: minPrice=null, maxPrice=null, categoryId=1, live=true, page=0, size=100
2026-10-01 14:29:12 INFO  [http-nio-8081-exec-8] traceId=1f1980a61f8e40d08cd908df7234d681 spanId=c00d95e63b0e07b6 c.s.e.p.s.impl.ProductServiceImpl : Filtering products: minPrice=null, maxPrice=null, categoryId=2, live=true, page=0, size=100
2026-10-01 14:31:29 INFO  [http-nio-8081-exec-9] traceId=25a420b1fafb3c57400f258db40e28ca spanId=efba08db38dacbcc c.s.e.p.s.impl.ProductServiceImpl : Filtering products: minPrice=null, maxPrice=null, categoryId=1, live=true, page=0, size=100
2026-10-01 14:31:32 INFO  [http-nio-8081-exec-6] traceId=95a98db8a4819a41b1b6f10cb187f43e spanId=8df09dc5ecce9848 c.s.e.p.s.impl.ProductServiceImpl : Filtering products: minPrice=null, maxPrice=null, categoryId=null, live=true, page=0, size=100
2026-10-01 14:31:47 INFO  [AsyncResolver-bootstrap-executor-%d] traceId= spanId= c.n.d.s.r.aws.ConfigClusterResolver : Resolving eureka endpoints via configuration
2026-10-01 14:32:13 INFO  [http-nio-8081-exec-4] traceId=c2d347da0a360fc02d8d3f92fbf4336e spanId=e150de6f05f15630 c.s.e.p.s.impl.ProductServiceImpl : Filtering products: minPrice=null, maxPrice=null, categoryId=null, live=true, page=0, size=100
2026-10-01 14:33:05 INFO  [http-nio-8081-exec-7] traceId=cde319773cef0235a84043e65e1f51ca spanId=22287cccf9a69a71 c.s.e.p.s.impl.ProductServiceImpl : Filtering products: minPrice=null, maxPrice=null, categoryId=null, live=true, page=0, size=100
2026-10-01 14:33:08 INFO  [http-nio-8081-exec-1] traceId=6cd8d47ffc241abb3f77f34de46f7f58 spanId=d699660a796551b4 c.s.e.p.s.impl.ProductServiceImpl : Filtering products: minPrice=null, maxPrice=null, categoryId=1, live=true, page=0, size=100
