2026-10-01 17:00:42 INFO  [main] traceId= spanId= c.s.e.users.UsersServiceApplication : Starting UsersServiceApplication using Java 25.0.1 with PID 51060 (D:\Live Batches\micro_devops\easy_busy\users-service\users-service\target\classes started by DurgeshLap in D:\Live Batches\micro_devops\easy_busy)
2026-10-01 17:00:42 INFO  [main] traceId= spanId= c.s.e.users.UsersServiceApplication : The following 1 profile is active: "dev"
2026-10-01 17:00:42 INFO  [main] traceId= spanId= o.s.c.c.c.ConfigServerConfigDataLoader : Fetching config from server at : http://localhost:8079
2026-10-01 17:00:42 INFO  [main] traceId= spanId= o.s.c.c.c.ConfigServerConfigDataLoader : Located environment: name=USERS-SERVICE, profiles=[default], label=null, version=94079606afb331cdb2b36aaccd59d2286c312526, state=
2026-10-01 17:00:42 INFO  [main] traceId= spanId= o.s.c.c.c.ConfigServerConfigDataLoader : Fetching config from server at : http://localhost:8079
2026-10-01 17:00:42 INFO  [main] traceId= spanId= o.s.c.c.c.ConfigServerConfigDataLoader : Located environment: name=USERS-SERVICE, profiles=[dev], label=null, version=94079606afb331cdb2b36aaccd59d2286c312526, state=
2026-10-01 17:00:44 INFO  [main] traceId= spanId= o.s.d.r.c.RepositoryConfigurationDelegate : Bootstrapping Spring Data JPA repositories in DEFAULT mode.
2026-10-01 17:00:44 INFO  [main] traceId= spanId= o.s.d.r.c.RepositoryConfigurationDelegate : Finished Spring Data repository scanning in 315 ms. Found 2 JPA repository interfaces.
2026-10-01 17:00:44 INFO  [main] traceId= spanId= o.s.cloud.context.scope.GenericScope : BeanFactory id=9e3e370a-2e5c-35d5-9e84-ed7cb757b7ab
2026-10-01 17:00:45 INFO  [main] traceId= spanId= o.s.boot.tomcat.TomcatWebServer : Tomcat initialized with port 8085 (http)
2026-10-01 17:00:45 INFO  [main] traceId= spanId= o.a.catalina.core.StandardService : Starting service [Tomcat]
2026-10-01 17:00:45 INFO  [main] traceId= spanId= o.a.catalina.core.StandardEngine : Starting Servlet engine: [Apache Tomcat/11.0.21]
2026-10-01 17:00:45 INFO  [main] traceId= spanId= o.s.b.w.c.s.WebApplicationContextInitializer : Root WebApplicationContext: initialization completed in 2581 ms
2026-10-01 17:00:45 INFO  [main] traceId= spanId= org.hibernate.orm.jpa : HHH008540: Processing PersistenceUnitInfo [name: default]
2026-10-01 17:00:45 INFO  [main] traceId= spanId= org.hibernate.orm.core : HHH000001: Hibernate ORM core version 7.2.12.Final
2026-10-01 17:00:46 INFO  [main] traceId= spanId= o.s.o.j.p.SpringPersistenceUnitInfo : No LoadTimeWeaver setup: ignoring JPA class transformer
2026-10-01 17:00:46 INFO  [main] traceId= spanId= com.zaxxer.hikari.HikariDataSource : HikariPool-1 - Starting...
2026-10-01 17:00:46 INFO  [main] traceId= spanId= com.zaxxer.hikari.pool.HikariPool : HikariPool-1 - Added connection com.mysql.cj.jdbc.ConnectionImpl@6281326f
2026-10-01 17:00:46 INFO  [main] traceId= spanId= com.zaxxer.hikari.HikariDataSource : HikariPool-1 - Start completed.
2026-10-01 17:00:46 WARN  [main] traceId= spanId= org.hibernate.orm.deprecation : HHH90000025: MySQLDialect does not need to be specified explicitly using 'hibernate.dialect' (remove the property setting and it will be selected by default)
2026-10-01 17:00:46 INFO  [main] traceId= spanId= o.hibernate.orm.connections.pooling : HHH10001005: Database info:
	Database JDBC URL [jdbc:mysql://localhost:3306/micro_devops?useSSL=false&allowPublicKeyRetrieval=true]
	Database driver: MySQL Connector/J
	Database dialect: MySQLDialect
	Database version: 8.0.45
	Default catalog/schema: micro_devops/undefined
	Autocommit mode: undefined/unknown
	Isolation level: REPEATABLE_READ [default REPEATABLE_READ]
	JDBC fetch size: none
	Pool: DataSourceConnectionProvider
	Minimum pool size: undefined/unknown
	Maximum pool size: undefined/unknown
2026-10-01 17:00:47 INFO  [main] traceId= spanId= org.hibernate.orm.core : HHH000489: No JTA platform available (set 'hibernate.transaction.jta.platform' to enable JTA platform integration)
2026-10-01 17:00:47 INFO  [main] traceId= spanId= o.s.o.j.LocalContainerEntityManagerFactoryBean : Initialized JPA EntityManagerFactory for persistence unit 'default'
2026-10-01 17:00:47 INFO  [main] traceId= spanId= o.s.d.j.r.q.QueryEnhancerFactories : Hibernate is in classpath; If applicable, HQL parser will be used.
2026-10-01 17:00:48 WARN  [main] traceId= spanId= o.s.b.j.a.JpaBaseConfiguration$JpaWebConfiguration : spring.jpa.open-in-view is enabled by default. Therefore, database queries may be performed during view rendering. Explicitly configure spring.jpa.open-in-view to disable this warning
2026-10-01 17:00:48 WARN  [main] traceId= spanId= o.s.b.s.a.UserDetailsServiceAutoConfiguration : 

Using generated security password: fd3189f3-32a4-463d-acf4-4ec134d22a20

This generated password is for development use only. Your security configuration must be updated before running your application in production.

2026-10-01 17:00:48 INFO  [main] traceId= spanId= o.s.s.c.a.a.c.InitializeUserDetailsBeanManagerConfigurer$InitializeUserDetailsManagerConfigurer : Global AuthenticationManager configured with UserDetailsService bean with name inMemoryUserDetailsManager
2026-10-01 17:00:48 INFO  [main] traceId= spanId= o.s.c.n.e.c.DiscoveryClientOptionalArgsConfiguration : Eureka HTTP Client uses RestClient.
2026-10-01 17:00:49 WARN  [main] traceId= spanId= o.s.c.l.c.LoadBalancerCacheAutoConfiguration$LoadBalancerCaffeineWarnLogger : Spring Cloud LoadBalancer is currently working with the default cache. While this cache implementation is useful for development and tests, it's recommended to use Caffeine cache in production.You can switch to using Caffeine cache, by adding it and org.springframework.cache.caffeine.CaffeineCacheManager to the classpath.
2026-10-01 17:00:49 INFO  [main] traceId= spanId= o.s.b.a.e.web.EndpointLinksResolver : Exposing 18 endpoints beneath base path '/actuator'
2026-10-01 17:00:49 INFO  [main] traceId= spanId= o.s.c.n.eureka.InstanceInfoFactory : Setting initial instance status as: STARTING
2026-10-01 17:00:49 INFO  [main] traceId= spanId= c.netflix.discovery.DiscoveryClient : Initializing Eureka in region us-east-1
2026-10-01 17:00:49 INFO  [main] traceId= spanId= c.n.d.s.r.aws.ConfigClusterResolver : Resolving eureka endpoints via configuration
2026-10-01 17:00:49 INFO  [main] traceId= spanId= c.netflix.discovery.DiscoveryClient : Disable delta property : false
2026-10-01 17:00:49 INFO  [main] traceId= spanId= c.netflix.discovery.DiscoveryClient : Single vip registry refresh property : null
2026-10-01 17:00:49 INFO  [main] traceId= spanId= c.netflix.discovery.DiscoveryClient : Force full registry fetch : false
2026-10-01 17:00:49 INFO  [main] traceId= spanId= c.netflix.discovery.DiscoveryClient : Application is null : false
2026-10-01 17:00:49 INFO  [main] traceId= spanId= c.netflix.discovery.DiscoveryClient : Registered Applications size is zero : true
2026-10-01 17:00:49 INFO  [main] traceId= spanId= c.netflix.discovery.DiscoveryClient : Application version is -1: true
2026-10-01 17:00:49 INFO  [main] traceId= spanId= c.netflix.discovery.DiscoveryClient : Getting all instance registry info from the eureka server
2026-10-01 17:00:49 INFO  [main] traceId= spanId= c.netflix.discovery.DiscoveryClient : The response status is 200
2026-10-01 17:00:49 INFO  [main] traceId= spanId= c.netflix.discovery.DiscoveryClient : Starting heartbeat executor: renew interval is: 30
2026-10-01 17:00:49 INFO  [main] traceId= spanId= c.n.discovery.InstanceInfoReplicator : InstanceInfoReplicator onDemand update allowed rate per min is 4
2026-10-01 17:00:49 INFO  [main] traceId= spanId= c.netflix.discovery.DiscoveryClient : Discovery Client initialized at timestamp 1790854249478 with initial instances count: 2
2026-10-01 17:00:49 INFO  [main] traceId= spanId= o.s.c.n.e.s.EurekaServiceRegistry : Registering application USERS-SERVICE with eureka with status UP
2026-10-01 17:00:49 INFO  [main] traceId= spanId= c.netflix.discovery.DiscoveryClient : Saw local status change event StatusChangeEvent [timestamp=1790854249483, current=UP, previous=STARTING]
2026-10-01 17:00:49 INFO  [DiscoveryClient-InstanceInfoReplicator-%d] traceId= spanId= c.netflix.discovery.DiscoveryClient : DiscoveryClient_USERS-SERVICE/LAPTOP-UJ0KBI4K.mshome.net:USERS-SERVICE:8085: registering service...
2026-10-01 17:00:49 INFO  [DiscoveryClient-InstanceInfoReplicator-%d] traceId= spanId= c.netflix.discovery.DiscoveryClient : DiscoveryClient_USERS-SERVICE/LAPTOP-UJ0KBI4K.mshome.net:USERS-SERVICE:8085 - registration status: 204
2026-10-01 17:00:49 INFO  [main] traceId= spanId= o.s.boot.tomcat.TomcatWebServer : Tomcat started on port 8085 (http) with context path '/'
2026-10-01 17:00:49 INFO  [main] traceId= spanId= o.s.c.n.e.s.EurekaAutoServiceRegistration : Updating port to 8085
2026-10-01 17:00:49 INFO  [main] traceId= spanId= c.s.e.users.UsersServiceApplication : Started UsersServiceApplication in 11.676 seconds (process running for 15.289)
2026-10-01 17:05:49 INFO  [AsyncResolver-bootstrap-executor-%d] traceId= spanId= c.n.d.s.r.aws.ConfigClusterResolver : Resolving eureka endpoints via configuration
2026-10-01 17:10:49 INFO  [AsyncResolver-bootstrap-executor-%d] traceId= spanId= c.n.d.s.r.aws.ConfigClusterResolver : Resolving eureka endpoints via configuration
2026-10-01 17:15:49 INFO  [AsyncResolver-bootstrap-executor-%d] traceId= spanId= c.n.d.s.r.aws.ConfigClusterResolver : Resolving eureka endpoints via configuration
2026-10-01 17:20:49 INFO  [AsyncResolver-bootstrap-executor-%d] traceId= spanId= c.n.d.s.r.aws.ConfigClusterResolver : Resolving eureka endpoints via configuration
2026-10-01 17:25:49 INFO  [AsyncResolver-bootstrap-executor-%d] traceId= spanId= c.n.d.s.r.aws.ConfigClusterResolver : Resolving eureka endpoints via configuration
2026-10-01 17:30:49 INFO  [AsyncResolver-bootstrap-executor-%d] traceId= spanId= c.n.d.s.r.aws.ConfigClusterResolver : Resolving eureka endpoints via configuration
2026-10-01 17:35:49 INFO  [AsyncResolver-bootstrap-executor-%d] traceId= spanId= c.n.d.s.r.aws.ConfigClusterResolver : Resolving eureka endpoints via configuration
2026-10-01 17:40:49 INFO  [AsyncResolver-bootstrap-executor-%d] traceId= spanId= c.n.d.s.r.aws.ConfigClusterResolver : Resolving eureka endpoints via configuration
2026-10-01 17:45:49 INFO  [AsyncResolver-bootstrap-executor-%d] traceId= spanId= c.n.d.s.r.aws.ConfigClusterResolver : Resolving eureka endpoints via configuration
2026-10-01 17:50:49 INFO  [AsyncResolver-bootstrap-executor-%d] traceId= spanId= c.n.d.s.r.aws.ConfigClusterResolver : Resolving eureka endpoints via configuration
2026-10-01 17:55:49 INFO  [AsyncResolver-bootstrap-executor-%d] traceId= spanId= c.n.d.s.r.aws.ConfigClusterResolver : Resolving eureka endpoints via configuration
2026-10-01 18:00:47 INFO  [http-nio-8085-exec-1] traceId=d683a8ea7c790fe22edaae678139fcc3 spanId=49f850eba3a37dfe o.a.c.c.C.[Tomcat].[localhost].[/] : Initializing Spring DispatcherServlet 'dispatcherServlet'
2026-10-01 18:00:47 INFO  [http-nio-8085-exec-1] traceId=d683a8ea7c790fe22edaae678139fcc3 spanId=49f850eba3a37dfe o.s.web.servlet.DispatcherServlet : Initializing Servlet 'dispatcherServlet'
2026-10-01 18:00:47 INFO  [http-nio-8085-exec-1] traceId=d683a8ea7c790fe22edaae678139fcc3 spanId=49f850eba3a37dfe o.s.web.servlet.DispatcherServlet : Completed initialization in 89 ms
2026-10-01 18:00:49 INFO  [AsyncResolver-bootstrap-executor-%d] traceId= spanId= c.n.d.s.r.aws.ConfigClusterResolver : Resolving eureka endpoints via configuration
2026-10-01 18:05:49 INFO  [AsyncResolver-bootstrap-executor-%d] traceId= spanId= c.n.d.s.r.aws.ConfigClusterResolver : Resolving eureka endpoints via configuration
2026-10-01 18:10:49 INFO  [AsyncResolver-bootstrap-executor-%d] traceId= spanId= c.n.d.s.r.aws.ConfigClusterResolver : Resolving eureka endpoints via configuration
2026-10-01 18:15:49 INFO  [AsyncResolver-bootstrap-executor-%d] traceId= spanId= c.n.d.s.r.aws.ConfigClusterResolver : Resolving eureka endpoints via configuration
2026-10-01 18:20:49 INFO  [AsyncResolver-bootstrap-executor-%d] traceId= spanId= c.n.d.s.r.aws.ConfigClusterResolver : Resolving eureka endpoints via configuration
2026-10-01 18:25:49 INFO  [AsyncResolver-bootstrap-executor-%d] traceId= spanId= c.n.d.s.r.aws.ConfigClusterResolver : Resolving eureka endpoints via configuration
2026-10-01 18:30:49 INFO  [AsyncResolver-bootstrap-executor-%d] traceId= spanId= c.n.d.s.r.aws.ConfigClusterResolver : Resolving eureka endpoints via configuration
2026-10-01 18:35:49 INFO  [AsyncResolver-bootstrap-executor-%d] traceId= spanId= c.n.d.s.r.aws.ConfigClusterResolver : Resolving eureka endpoints via configuration
2026-10-01 18:40:49 INFO  [AsyncResolver-bootstrap-executor-%d] traceId= spanId= c.n.d.s.r.aws.ConfigClusterResolver : Resolving eureka endpoints via configuration
2026-10-01 18:45:49 INFO  [AsyncResolver-bootstrap-executor-%d] traceId= spanId= c.n.d.s.r.aws.ConfigClusterResolver : Resolving eureka endpoints via configuration
2026-10-01 18:50:49 INFO  [AsyncResolver-bootstrap-executor-%d] traceId= spanId= c.n.d.s.r.aws.ConfigClusterResolver : Resolving eureka endpoints via configuration
2026-10-01 18:55:49 INFO  [AsyncResolver-bootstrap-executor-%d] traceId= spanId= c.n.d.s.r.aws.ConfigClusterResolver : Resolving eureka endpoints via configuration
2026-10-01 19:00:49 INFO  [AsyncResolver-bootstrap-executor-%d] traceId= spanId= c.n.d.s.r.aws.ConfigClusterResolver : Resolving eureka endpoints via configuration
2026-10-01 19:05:49 INFO  [AsyncResolver-bootstrap-executor-%d] traceId= spanId= c.n.d.s.r.aws.ConfigClusterResolver : Resolving eureka endpoints via configuration
2026-10-01 19:06:25 INFO  [http-nio-8085-exec-9] traceId=40335e844d85552bae1cb7a6839d34ee spanId=81600040275d235a c.s.e.u.service.impl.UserServiceImpl : Login service started:
2026-10-01 19:06:26 WARN  [http-nio-8085-exec-9] traceId=40335e844d85552bae1cb7a6839d34ee spanId=81600040275d235a o.s.s.c.bcrypt.BCryptPasswordEncoder : Encoded password does not look like BCrypt
2026-10-01 19:07:54 INFO  [http-nio-8085-exec-3] traceId=3b1d70e6cb735db77891252bd545f9ac spanId=170973950ff474c3 c.s.e.u.service.impl.UserServiceImpl : Login service started:
2026-10-01 19:07:55 INFO  [http-nio-8085-exec-3] traceId=3b1d70e6cb735db77891252bd545f9ac spanId=170973950ff474c3 c.s.e.u.service.impl.UserServiceImpl : Login service executed:
2026-10-01 19:10:49 INFO  [AsyncResolver-bootstrap-executor-%d] traceId= spanId= c.n.d.s.r.aws.ConfigClusterResolver : Resolving eureka endpoints via configuration
2026-10-01 19:15:50 INFO  [AsyncResolver-bootstrap-executor-%d] traceId= spanId= c.n.d.s.r.aws.ConfigClusterResolver : Resolving eureka endpoints via configuration
2026-10-01 19:20:50 INFO  [AsyncResolver-bootstrap-executor-%d] traceId= spanId= c.n.d.s.r.aws.ConfigClusterResolver : Resolving eureka endpoints via configuration
2026-10-01 19:25:50 INFO  [AsyncResolver-bootstrap-executor-%d] traceId= spanId= c.n.d.s.r.aws.ConfigClusterResolver : Resolving eureka endpoints via configuration
2026-10-01 19:30:50 INFO  [AsyncResolver-bootstrap-executor-%d] traceId= spanId= c.n.d.s.r.aws.ConfigClusterResolver : Resolving eureka endpoints via configuration
2026-10-01 19:35:50 INFO  [AsyncResolver-bootstrap-executor-%d] traceId= spanId= c.n.d.s.r.aws.ConfigClusterResolver : Resolving eureka endpoints via configuration
2026-10-01 19:36:08 INFO  [http-nio-8085-exec-7] traceId=30d682633c97648415821fef232b0c7d spanId=b2b01a9858dccb88 c.s.e.u.service.impl.UserServiceImpl : Login service started:
2026-10-01 19:36:09 INFO  [http-nio-8085-exec-7] traceId=30d682633c97648415821fef232b0c7d spanId=b2b01a9858dccb88 c.s.e.u.service.impl.UserServiceImpl : Login service executed:
2026-10-01 19:36:51 INFO  [http-nio-8085-exec-10] traceId=62633bdbf628ed14a4b3fd7a8571a533 spanId=381d7582234fab1d c.s.e.u.service.impl.UserServiceImpl : Login service started:
2026-10-01 19:36:51 INFO  [http-nio-8085-exec-10] traceId=62633bdbf628ed14a4b3fd7a8571a533 spanId=381d7582234fab1d c.s.e.u.service.impl.UserServiceImpl : Login service executed:
2026-10-01 19:36:58 INFO  [http-nio-8085-exec-1] traceId=a3f20f739fdec5cdb4227e293bfb620d spanId=5972e0ff0f8508d8 c.s.e.u.service.impl.UserServiceImpl : Login service started:
2026-10-01 19:36:58 INFO  [http-nio-8085-exec-1] traceId=a3f20f739fdec5cdb4227e293bfb620d spanId=5972e0ff0f8508d8 c.s.e.u.service.impl.UserServiceImpl : Login service executed:
2026-10-01 19:36:59 INFO  [http-nio-8085-exec-3] traceId=cc7fd412a897145bf27f6358dc113d33 spanId=ade12ea4adb01f5f c.s.e.u.service.impl.UserServiceImpl : Login service started:
2026-10-01 19:39:46 INFO  [http-nio-8085-exec-6] traceId=9a2d2f9255e5f64c926fee6d80e6a956 spanId=ac0a4cc4cafffd86 c.s.e.u.service.impl.UserServiceImpl : Login service started:
2026-10-01 19:39:46 INFO  [http-nio-8085-exec-6] traceId=9a2d2f9255e5f64c926fee6d80e6a956 spanId=ac0a4cc4cafffd86 c.s.e.u.service.impl.UserServiceImpl : Login service executed:
2026-10-01 19:40:50 INFO  [AsyncResolver-bootstrap-executor-%d] traceId= spanId= c.n.d.s.r.aws.ConfigClusterResolver : Resolving eureka endpoints via configuration
2026-10-01 19:41:30 INFO  [http-nio-8085-exec-4] traceId=2949965a52bdd0f5e6a960ae633d15a3 spanId=3e4e7d981ff53c99 c.s.e.u.service.impl.UserServiceImpl : Login service started:
2026-10-01 19:41:30 INFO  [http-nio-8085-exec-4] traceId=2949965a52bdd0f5e6a960ae633d15a3 spanId=3e4e7d981ff53c99 c.s.e.u.service.impl.UserServiceImpl : Login service executed:
2026-10-01 19:43:49 INFO  [http-nio-8085-exec-10] traceId=82ce1adc3b1adc987a54bc0250bf449f spanId=0eeadd9b4ea579a2 c.s.e.u.service.impl.UserServiceImpl : Login service started:
2026-10-01 19:43:49 WARN  [http-nio-8085-exec-10] traceId=82ce1adc3b1adc987a54bc0250bf449f spanId=0eeadd9b4ea579a2 o.s.s.c.bcrypt.BCryptPasswordEncoder : Encoded password does not look like BCrypt
2026-10-01 19:43:51 INFO  [http-nio-8085-exec-2] traceId=aa9063b91d196ee151b0ca8ea65988bd spanId=48c22f86f40fe4bd c.s.e.u.service.impl.UserServiceImpl : Login service started:
2026-10-01 19:43:51 WARN  [http-nio-8085-exec-2] traceId=aa9063b91d196ee151b0ca8ea65988bd spanId=48c22f86f40fe4bd o.s.s.c.bcrypt.BCryptPasswordEncoder : Encoded password does not look like BCrypt
2026-10-01 19:44:34 INFO  [http-nio-8085-exec-1] traceId=93e1a3ca4a2bc97bcb686f5cf0e51f14 spanId=261d1d0611f55281 c.s.e.u.service.impl.UserServiceImpl : Login service started:
2026-10-01 19:44:34 INFO  [http-nio-8085-exec-1] traceId=93e1a3ca4a2bc97bcb686f5cf0e51f14 spanId=261d1d0611f55281 c.s.e.u.service.impl.UserServiceImpl : Login service executed:
2026-10-01 19:45:50 INFO  [AsyncResolver-bootstrap-executor-%d] traceId= spanId= c.n.d.s.r.aws.ConfigClusterResolver : Resolving eureka endpoints via configuration
2026-10-01 19:50:50 INFO  [AsyncResolver-bootstrap-executor-%d] traceId= spanId= c.n.d.s.r.aws.ConfigClusterResolver : Resolving eureka endpoints via configuration
2026-10-01 19:55:50 INFO  [AsyncResolver-bootstrap-executor-%d] traceId= spanId= c.n.d.s.r.aws.ConfigClusterResolver : Resolving eureka endpoints via configuration
2026-10-01 20:00:49 INFO  [http-nio-8085-exec-5] traceId=724136eaa2b3ed89604c59792fbe407e spanId=62510546475df15e c.s.e.u.service.impl.UserServiceImpl : Login service started:
2026-10-01 20:00:49 INFO  [http-nio-8085-exec-5] traceId=724136eaa2b3ed89604c59792fbe407e spanId=62510546475df15e c.s.e.u.service.impl.UserServiceImpl : Login service executed:
2026-10-01 20:00:50 INFO  [AsyncResolver-bootstrap-executor-%d] traceId= spanId= c.n.d.s.r.aws.ConfigClusterResolver : Resolving eureka endpoints via configuration
2026-10-01 20:03:10 INFO  [http-nio-8085-exec-9] traceId=4125b9f41a013d696c11a518cd2ee746 spanId=67923f074026058c c.s.e.u.service.impl.UserServiceImpl : Login service started:
2026-10-01 20:03:11 INFO  [http-nio-8085-exec-9] traceId=4125b9f41a013d696c11a518cd2ee746 spanId=67923f074026058c c.s.e.u.service.impl.UserServiceImpl : Login service executed:
2026-10-01 20:03:56 INFO  [http-nio-8085-exec-10] traceId=4567ed66ea30febb9a75a791555c9936 spanId=ada5579438e8ba87 c.s.e.u.service.impl.UserServiceImpl : Login service started:
2026-10-01 20:03:56 INFO  [http-nio-8085-exec-10] traceId=4567ed66ea30febb9a75a791555c9936 spanId=ada5579438e8ba87 c.s.e.u.service.impl.UserServiceImpl : Login service executed:
2026-10-01 20:05:50 INFO  [AsyncResolver-bootstrap-executor-%d] traceId= spanId= c.n.d.s.r.aws.ConfigClusterResolver : Resolving eureka endpoints via configuration
2026-10-01 20:05:51 INFO  [http-nio-8085-exec-1] traceId=5e7c0bf59275f3bb0d6b80fe996601aa spanId=30927f887891017d c.s.e.u.service.impl.UserServiceImpl : Login service started:
2026-10-01 20:05:51 INFO  [http-nio-8085-exec-1] traceId=5e7c0bf59275f3bb0d6b80fe996601aa spanId=30927f887891017d c.s.e.u.service.impl.UserServiceImpl : Login service executed:
2026-10-01 20:07:17 INFO  [http-nio-8085-exec-8] traceId=2e79dda1266d7812e6b12b50edc08531 spanId=fa7abeb599242e9e c.s.e.u.service.impl.UserServiceImpl : Login service started:
2026-10-01 20:07:17 INFO  [http-nio-8085-exec-8] traceId=2e79dda1266d7812e6b12b50edc08531 spanId=fa7abeb599242e9e c.s.e.u.service.impl.UserServiceImpl : Login service executed:
2026-10-01 20:09:09 INFO  [SpringApplicationShutdownHook] traceId= spanId= o.s.c.n.e.s.EurekaServiceRegistry : Unregistering application USERS-SERVICE with eureka with status DOWN
2026-10-01 20:09:09 INFO  [SpringApplicationShutdownHook] traceId= spanId= c.netflix.discovery.DiscoveryClient : Saw local status change event StatusChangeEvent [timestamp=1790865549837, current=DOWN, previous=UP]
2026-10-01 20:09:09 INFO  [DiscoveryClient-InstanceInfoReplicator-%d] traceId= spanId= c.netflix.discovery.DiscoveryClient : DiscoveryClient_USERS-SERVICE/LAPTOP-UJ0KBI4K.mshome.net:USERS-SERVICE:8085: registering service...
2026-10-01 20:09:10 INFO  [DiscoveryClient-InstanceInfoReplicator-%d] traceId= spanId= c.netflix.discovery.DiscoveryClient : DiscoveryClient_USERS-SERVICE/LAPTOP-UJ0KBI4K.mshome.net:USERS-SERVICE:8085 - registration status: 204
2026-10-01 20:09:10 INFO  [SpringApplicationShutdownHook] traceId= spanId= o.s.boot.tomcat.GracefulShutdown : Commencing graceful shutdown. Waiting for active requests to complete
2026-10-01 20:09:10 INFO  [tomcat-shutdown] traceId= spanId= o.s.boot.tomcat.GracefulShutdown : Graceful shutdown complete
2026-10-01 20:09:10 INFO  [SpringApplicationShutdownHook] traceId= spanId= o.s.o.j.LocalContainerEntityManagerFactoryBean : Closing JPA EntityManagerFactory for persistence unit 'default'
2026-10-01 20:09:10 INFO  [SpringApplicationShutdownHook] traceId= spanId= com.zaxxer.hikari.HikariDataSource : HikariPool-1 - Shutdown initiated...
2026-10-01 20:09:10 INFO  [SpringApplicationShutdownHook] traceId= spanId= com.zaxxer.hikari.HikariDataSource : HikariPool-1 - Shutdown completed.
2026-10-01 20:09:10 INFO  [SpringApplicationShutdownHook] traceId= spanId= c.netflix.discovery.DiscoveryClient : Shutting down DiscoveryClient ...
2026-10-01 20:09:13 INFO  [SpringApplicationShutdownHook] traceId= spanId= c.netflix.discovery.DiscoveryClient : Unregistering ...
2026-10-01 20:09:14 INFO  [SpringApplicationShutdownHook] traceId= spanId= c.n.d.s.t.d.RedirectingEurekaHttpClient : Request execution error. endpoint=DefaultEndpoint{ serviceUrl='http://localhost:8761/eureka/} exception=I/O error on DELETE request for "http://localhost:8761/eureka/apps/USERS-SERVICE/LAPTOP-UJ0KBI4K.mshome.net:USERS-SERVICE:8085": Connect to http://localhost:8761 failed: Connection refused: getsockopt stacktrace=org.springframework.web.client.ResourceAccessException: I/O error on DELETE request for "http://localhost:8761/eureka/apps/USERS-SERVICE/LAPTOP-UJ0KBI4K.mshome.net:USERS-SERVICE:8085": Connect to http://localhost:8761 failed: Connection refused: getsockopt
	at org.springframework.web.client.DefaultRestClient$DefaultRequestBodyUriSpec.createResourceAccessException(DefaultRestClient.java:779)
	at org.springframework.web.client.DefaultRestClient$DefaultRequestBodyUriSpec.exchangeInternal(DefaultRestClient.java:624)
	at org.springframework.web.client.DefaultRestClient$DefaultRequestBodyUriSpec.exchange(DefaultRestClient.java:572)
	at org.springframework.web.client.RestClient$RequestHeadersSpec.exchange(RestClient.java:747)
	at org.springframework.web.client.DefaultRestClient$DefaultResponseSpec.executeAndExtract(DefaultRestClient.java:924)
	at org.springframework.web.client.DefaultRestClient$DefaultResponseSpec.toBodilessEntity(DefaultRestClient.java:888)
	at org.springframework.cloud.netflix.eureka.http.RestClientEurekaHttpClient.cancel(RestClientEurekaHttpClient.java:73)
	at com.netflix.discovery.shared.transport.decorator.EurekaHttpClientDecorator$2.execute(EurekaHttpClientDecorator.java:74)
	at com.netflix.discovery.shared.transport.decorator.RedirectingEurekaHttpClient.execute(RedirectingEurekaHttpClient.java:91)
	at com.netflix.discovery.shared.transport.decorator.EurekaHttpClientDecorator.cancel(EurekaHttpClientDecorator.java:71)
	at com.netflix.discovery.shared.transport.decorator.EurekaHttpClientDecorator$2.execute(EurekaHttpClientDecorator.java:74)
	at com.netflix.discovery.shared.transport.decorator.RetryableEurekaHttpClient.execute(RetryableEurekaHttpClient.java:120)
	at com.netflix.discovery.shared.transport.decorator.EurekaHttpClientDecorator.cancel(EurekaHttpClientDecorator.java:71)
	at com.netflix.discovery.shared.transport.decorator.EurekaHttpClientDecorator$2.execute(EurekaHttpClientDecorator.java:74)
	at com.netflix.discovery.shared.transport.decorator.SessionedEurekaHttpClient.execute(SessionedEurekaHttpClient.java:76)
	at com.netflix.discovery.shared.transport.decorator.EurekaHttpClientDecorator.cancel(EurekaHttpClientDecorator.java:71)
	at com.netflix.discovery.DiscoveryClient.unregister(DiscoveryClient.java:919)
	at com.netflix.discovery.DiscoveryClient.shutdown(DiscoveryClient.java:900)
	at java.base/jdk.internal.reflect.DirectMethodHandleAccessor.invoke(DirectMethodHandleAccessor.java:104)
	at java.base/java.lang.reflect.Method.invoke(Method.java:565)
	at org.springframework.beans.factory.annotation.InitDestroyAnnotationBeanPostProcessor$LifecycleMethod.invoke(InitDestroyAnnotationBeanPostProcessor.java:453)
	at org.springframework.beans.factory.annotation.InitDestroyAnnotationBeanPostProcessor$LifecycleMetadata.invokeDestroyMethods(InitDestroyAnnotationBeanPostProcessor.java:411)
	at org.springframework.beans.factory.annotation.InitDestroyAnnotationBeanPostProcessor.postProcessBeforeDestruction(InitDestroyAnnotationBeanPostProcessor.java:237)
	at org.springframework.beans.factory.support.DisposableBeanAdapter.destroy(DisposableBeanAdapter.java:200)
	at org.springframework.beans.factory.support.DisposableBeanAdapter.run(DisposableBeanAdapter.java:193)
	at org.springframework.cloud.context.scope.GenericScope$BeanLifecycleWrapper.destroy(GenericScope.java:387)
	at org.springframework.cloud.context.scope.GenericScope.destroy(GenericScope.java:134)
	at org.springframework.beans.factory.support.DisposableBeanAdapter.destroy(DisposableBeanAdapter.java:209)
	at org.springframework.beans.factory.support.DefaultSingletonBeanRegistry.destroyBean(DefaultSingletonBeanRegistry.java:795)
	at org.springframework.beans.factory.support.DefaultSingletonBeanRegistry.destroySingleton(DefaultSingletonBeanRegistry.java:745)
	at org.springframework.beans.factory.support.DefaultListableBeanFactory.destroySingleton(DefaultListableBeanFactory.java:1500)
	at org.springframework.beans.factory.support.DefaultSingletonBeanRegistry.destroySingletons(DefaultSingletonBeanRegistry.java:704)
	at org.springframework.beans.factory.support.DefaultListableBeanFactory.destroySingletons(DefaultListableBeanFactory.java:1493)
	at org.springframework.context.support.AbstractApplicationContext.destroyBeans(AbstractApplicationContext.java:1246)
	at org.springframework.context.support.AbstractApplicationContext.doClose(AbstractApplicationContext.java:1207)
	at org.springframework.boot.web.server.servlet.context.ServletWebServerApplicationContext.doClose(ServletWebServerApplicationContext.java:176)
	at org.springframework.context.support.AbstractApplicationContext.close(AbstractApplicationContext.java:1153)
	at org.springframework.boot.SpringApplicationShutdownHook.closeAndWait(SpringApplicationShutdownHook.java:147)
	at java.base/java.lang.Iterable.forEach(Iterable.java:75)
	at org.springframework.boot.SpringApplicationShutdownHook.run(SpringApplicationShutdownHook.java:116)
	at java.base/java.lang.Thread.run(Thread.java:1474)
Caused by: org.apache.hc.client5.http.HttpHostConnectException: Connect to http://localhost:8761 failed: Connection refused: getsockopt
	at java.base/sun.nio.ch.Net.pollConnect(Native Method)
	at java.base/sun.nio.ch.Net.pollConnectNow(Net.java:639)
	at java.base/sun.nio.ch.NioSocketImpl.timedFinishConnect(NioSocketImpl.java:543)
	at java.base/sun.nio.ch.NioSocketImpl.connect(NioSocketImpl.java:594)
	at java.base/java.net.SocksSocketImpl.connect(SocksSocketImpl.java:284)
	at java.base/java.net.Socket.connect(Socket.java:659)
	at org.apache.hc.client5.http.impl.io.DefaultHttpClientConnectionOperator.connect(DefaultHttpClientConnectionOperator.java:226)
	at org.apache.hc.client5.http.impl.io.PoolingHttpClientConnectionManager.connect(PoolingHttpClientConnectionManager.java:497)
	at org.apache.hc.client5.http.impl.classic.InternalExecRuntime.connectEndpoint(InternalExecRuntime.java:164)
	at org.apache.hc.client5.http.impl.classic.InternalExecRuntime.connectEndpoint(InternalExecRuntime.java:174)
	at org.apache.hc.client5.http.impl.classic.ConnectExec.execute(ConnectExec.java:144)
	at org.apache.hc.client5.http.impl.classic.ExecChainElement.execute(ExecChainElement.java:51)
	at org.apache.hc.client5.http.impl.classic.ProtocolExec.execute(ProtocolExec.java:195)
	at org.apache.hc.client5.http.impl.classic.ExecChainElement.execute(ExecChainElement.java:51)
	at org.apache.hc.client5.http.impl.classic.ContentCompressionExec.execute(ContentCompressionExec.java:168)
	at org.apache.hc.client5.http.impl.classic.ExecChainElement.execute(ExecChainElement.java:51)
	at org.apache.hc.client5.http.impl.classic.HttpRequestRetryExec.execute(HttpRequestRetryExec.java:112)
	at org.apache.hc.client5.http.impl.classic.ExecChainElement.execute(ExecChainElement.java:51)
	at org.apache.hc.client5.http.impl.classic.RedirectExec.execute(RedirectExec.java:110)
	at org.apache.hc.client5.http.impl.classic.ExecChainElement.execute(ExecChainElement.java:51)
	at org.apache.hc.client5.http.impl.classic.InternalHttpClient.doExecute(InternalHttpClient.java:185)
	at org.apache.hc.client5.http.impl.classic.CloseableHttpClient.execute(CloseableHttpClient.java:87)
	at org.apache.hc.client5.http.impl.classic.CloseableHttpClient.execute(CloseableHttpClient.java:55)
	at org.apache.hc.client5.http.classic.HttpClient.executeOpen(HttpClient.java:183)
	at org.springframework.http.client.HttpComponentsClientHttpRequest.executeInternal(HttpComponentsClientHttpRequest.java:99)
	at org.springframework.http.client.AbstractStreamingClientHttpRequest.executeInternal(AbstractStreamingClientHttpRequest.java:87)
	at org.springframework.http.client.AbstractClientHttpRequest.execute(AbstractClientHttpRequest.java:80)
	at org.springframework.http.client.AbstractBufferingClientHttpRequest.executeWithRequestAndBody(AbstractBufferingClientHttpRequest.java:89)
	at org.springframework.http.client.InterceptingClientHttpRequest$EndOfChainRequestExecution.execute(InterceptingClientHttpRequest.java:102)
	at org.springframework.cloud.netflix.eureka.http.RestClientTransportClientFactory.lambda$newClient$2(RestClientTransportClientFactory.java:98)
	at org.springframework.http.client.ClientHttpRequestInterceptor.lambda$apply$0(ClientHttpRequestInterceptor.java:89)
	at org.springframework.http.client.InterceptingClientHttpRequest.executeInternal(InterceptingClientHttpRequest.java:73)
	at org.springframework.http.client.AbstractBufferingClientHttpRequest.executeInternal(AbstractBufferingClientHttpRequest.java:50)
	at org.springframework.http.client.AbstractClientHttpRequest.execute(AbstractClientHttpRequest.java:80)
	at org.springframework.web.client.DefaultRestClient$DefaultRequestBodyUriSpec.exchangeInternal(DefaultRestClient.java:614)
	... 39 more

2026-10-01 20:09:14 WARN  [SpringApplicationShutdownHook] traceId= spanId= c.n.d.s.t.d.RetryableEurekaHttpClient : Request execution failed with message: I/O error on DELETE request for "http://localhost:8761/eureka/apps/USERS-SERVICE/LAPTOP-UJ0KBI4K.mshome.net:USERS-SERVICE:8085": Connect to http://localhost:8761 failed: Connection refused: getsockopt
2026-10-01 20:09:14 INFO  [SpringApplicationShutdownHook] traceId= spanId= c.n.d.s.t.d.RedirectingEurekaHttpClient : Request execution error. endpoint=DefaultEndpoint{ serviceUrl='http://localhost:8761/eureka/}, exception=I/O error on DELETE request for "http://localhost:8761/eureka/apps/USERS-SERVICE/LAPTOP-UJ0KBI4K.mshome.net:USERS-SERVICE:8085": Connect to http://localhost:8761 failed: Connection refused: getsockopt stacktrace=org.springframework.web.client.ResourceAccessException: I/O error on DELETE request for "http://localhost:8761/eureka/apps/USERS-SERVICE/LAPTOP-UJ0KBI4K.mshome.net:USERS-SERVICE:8085": Connect to http://localhost:8761 failed: Connection refused: getsockopt
	at org.springframework.web.client.DefaultRestClient$DefaultRequestBodyUriSpec.createResourceAccessException(DefaultRestClient.java:779)
	at org.springframework.web.client.DefaultRestClient$DefaultRequestBodyUriSpec.exchangeInternal(DefaultRestClient.java:624)
	at org.springframework.web.client.DefaultRestClient$DefaultRequestBodyUriSpec.exchange(DefaultRestClient.java:572)
	at org.springframework.web.client.RestClient$RequestHeadersSpec.exchange(RestClient.java:747)
	at org.springframework.web.client.DefaultRestClient$DefaultResponseSpec.executeAndExtract(DefaultRestClient.java:924)
	at org.springframework.web.client.DefaultRestClient$DefaultResponseSpec.toBodilessEntity(DefaultRestClient.java:888)
	at org.springframework.cloud.netflix.eureka.http.RestClientEurekaHttpClient.cancel(RestClientEurekaHttpClient.java:73)
	at com.netflix.discovery.shared.transport.decorator.EurekaHttpClientDecorator$2.execute(EurekaHttpClientDecorator.java:74)
	at com.netflix.discovery.shared.transport.decorator.RedirectingEurekaHttpClient.executeOnNewServer(RedirectingEurekaHttpClient.java:121)
	at com.netflix.discovery.shared.transport.decorator.RedirectingEurekaHttpClient.execute(RedirectingEurekaHttpClient.java:80)
	at com.netflix.discovery.shared.transport.decorator.EurekaHttpClientDecorator.cancel(EurekaHttpClientDecorator.java:71)
	at com.netflix.discovery.shared.transport.decorator.EurekaHttpClientDecorator$2.execute(EurekaHttpClientDecorator.java:74)
	at com.netflix.discovery.shared.transport.decorator.RetryableEurekaHttpClient.execute(RetryableEurekaHttpClient.java:120)
	at com.netflix.discovery.shared.transport.decorator.EurekaHttpClientDecorator.cancel(EurekaHttpClientDecorator.java:71)
	at com.netflix.discovery.shared.transport.decorator.EurekaHttpClientDecorator$2.execute(EurekaHttpClientDecorator.java:74)
	at com.netflix.discovery.shared.transport.decorator.SessionedEurekaHttpClient.execute(SessionedEurekaHttpClient.java:76)
	at com.netflix.discovery.shared.transport.decorator.EurekaHttpClientDecorator.cancel(EurekaHttpClientDecorator.java:71)
	at com.netflix.discovery.DiscoveryClient.unregister(DiscoveryClient.java:919)
	at com.netflix.discovery.DiscoveryClient.shutdown(DiscoveryClient.java:900)
	at java.base/jdk.internal.reflect.DirectMethodHandleAccessor.invoke(DirectMethodHandleAccessor.java:104)
	at java.base/java.lang.reflect.Method.invoke(Method.java:565)
	at org.springframework.beans.factory.annotation.InitDestroyAnnotationBeanPostProcessor$LifecycleMethod.invoke(InitDestroyAnnotationBeanPostProcessor.java:453)
	at org.springframework.beans.factory.annotation.InitDestroyAnnotationBeanPostProcessor$LifecycleMetadata.invokeDestroyMethods(InitDestroyAnnotationBeanPostProcessor.java:411)
	at org.springframework.beans.factory.annotation.InitDestroyAnnotationBeanPostProcessor.postProcessBeforeDestruction(InitDestroyAnnotationBeanPostProcessor.java:237)
	at org.springframework.beans.factory.support.DisposableBeanAdapter.destroy(DisposableBeanAdapter.java:200)
	at org.springframework.beans.factory.support.DisposableBeanAdapter.run(DisposableBeanAdapter.java:193)
	at org.springframework.cloud.context.scope.GenericScope$BeanLifecycleWrapper.destroy(GenericScope.java:387)
	at org.springframework.cloud.context.scope.GenericScope.destroy(GenericScope.java:134)
	at org.springframework.beans.factory.support.DisposableBeanAdapter.destroy(DisposableBeanAdapter.java:209)
	at org.springframework.beans.factory.support.DefaultSingletonBeanRegistry.destroyBean(DefaultSingletonBeanRegistry.java:795)
	at org.springframework.beans.factory.support.DefaultSingletonBeanRegistry.destroySingleton(DefaultSingletonBeanRegistry.java:745)
	at org.springframework.beans.factory.support.DefaultListableBeanFactory.destroySingleton(DefaultListableBeanFactory.java:1500)
	at org.springframework.beans.factory.support.DefaultSingletonBeanRegistry.destroySingletons(DefaultSingletonBeanRegistry.java:704)
	at org.springframework.beans.factory.support.DefaultListableBeanFactory.destroySingletons(DefaultListableBeanFactory.java:1493)
	at org.springframework.context.support.AbstractApplicationContext.destroyBeans(AbstractApplicationContext.java:1246)
	at org.springframework.context.support.AbstractApplicationContext.doClose(AbstractApplicationContext.java:1207)
	at org.springframework.boot.web.server.servlet.context.ServletWebServerApplicationContext.doClose(ServletWebServerApplicationContext.java:176)
	at org.springframework.context.support.AbstractApplicationContext.close(AbstractApplicationContext.java:1153)
	at org.springframework.boot.SpringApplicationShutdownHook.closeAndWait(SpringApplicationShutdownHook.java:147)
	at java.base/java.lang.Iterable.forEach(Iterable.java:75)
	at org.springframework.boot.SpringApplicationShutdownHook.run(SpringApplicationShutdownHook.java:116)
	at java.base/java.lang.Thread.run(Thread.java:1474)
Caused by: org.apache.hc.client5.http.HttpHostConnectException: Connect to http://localhost:8761 failed: Connection refused: getsockopt
	at java.base/sun.nio.ch.Net.pollConnect(Native Method)
	at java.base/sun.nio.ch.Net.pollConnectNow(Net.java:639)
	at java.base/sun.nio.ch.NioSocketImpl.timedFinishConnect(NioSocketImpl.java:543)
	at java.base/sun.nio.ch.NioSocketImpl.connect(NioSocketImpl.java:594)
	at java.base/java.net.SocksSocketImpl.connect(SocksSocketImpl.java:284)
	at java.base/java.net.Socket.connect(Socket.java:659)
	at org.apache.hc.client5.http.impl.io.DefaultHttpClientConnectionOperator.connect(DefaultHttpClientConnectionOperator.java:226)
	at org.apache.hc.client5.http.impl.io.PoolingHttpClientConnectionManager.connect(PoolingHttpClientConnectionManager.java:497)
	at org.apache.hc.client5.http.impl.classic.InternalExecRuntime.connectEndpoint(InternalExecRuntime.java:164)
	at org.apache.hc.client5.http.impl.classic.InternalExecRuntime.connectEndpoint(InternalExecRuntime.java:174)
	at org.apache.hc.client5.http.impl.classic.ConnectExec.execute(ConnectExec.java:144)
	at org.apache.hc.client5.http.impl.classic.ExecChainElement.execute(ExecChainElement.java:51)
	at org.apache.hc.client5.http.impl.classic.ProtocolExec.execute(ProtocolExec.java:195)
	at org.apache.hc.client5.http.impl.classic.ExecChainElement.execute(ExecChainElement.java:51)
	at org.apache.hc.client5.http.impl.classic.ContentCompressionExec.execute(ContentCompressionExec.java:168)
	at org.apache.hc.client5.http.impl.classic.ExecChainElement.execute(ExecChainElement.java:51)
	at org.apache.hc.client5.http.impl.classic.HttpRequestRetryExec.execute(HttpRequestRetryExec.java:112)
	at org.apache.hc.client5.http.impl.classic.ExecChainElement.execute(ExecChainElement.java:51)
	at org.apache.hc.client5.http.impl.classic.RedirectExec.execute(RedirectExec.java:110)
	at org.apache.hc.client5.http.impl.classic.ExecChainElement.execute(ExecChainElement.java:51)
	at org.apache.hc.client5.http.impl.classic.InternalHttpClient.doExecute(InternalHttpClient.java:185)
	at org.apache.hc.client5.http.impl.classic.CloseableHttpClient.execute(CloseableHttpClient.java:87)
	at org.apache.hc.client5.http.impl.classic.CloseableHttpClient.execute(CloseableHttpClient.java:55)
	at org.apache.hc.client5.http.classic.HttpClient.executeOpen(HttpClient.java:183)
	at org.springframework.http.client.HttpComponentsClientHttpRequest.executeInternal(HttpComponentsClientHttpRequest.java:99)
	at org.springframework.http.client.AbstractStreamingClientHttpRequest.executeInternal(AbstractStreamingClientHttpRequest.java:87)
	at org.springframework.http.client.AbstractClientHttpRequest.execute(AbstractClientHttpRequest.java:80)
	at org.springframework.http.client.AbstractBufferingClientHttpRequest.executeWithRequestAndBody(AbstractBufferingClientHttpRequest.java:89)
	at org.springframework.http.client.InterceptingClientHttpRequest$EndOfChainRequestExecution.execute(InterceptingClientHttpRequest.java:102)
	at org.springframework.cloud.netflix.eureka.http.RestClientTransportClientFactory.lambda$newClient$2(RestClientTransportClientFactory.java:98)
	at org.springframework.http.client.ClientHttpRequestInterceptor.lambda$apply$0(ClientHttpRequestInterceptor.java:89)
	at org.springframework.http.client.InterceptingClientHttpRequest.executeInternal(InterceptingClientHttpRequest.java:73)
	at org.springframework.http.client.AbstractBufferingClientHttpRequest.executeInternal(AbstractBufferingClientHttpRequest.java:50)
	at org.springframework.http.client.AbstractClientHttpRequest.execute(AbstractClientHttpRequest.java:80)
	at org.springframework.web.client.DefaultRestClient$DefaultRequestBodyUriSpec.exchangeInternal(DefaultRestClient.java:614)
	... 40 more

2026-10-01 20:09:14 WARN  [SpringApplicationShutdownHook] traceId= spanId= c.n.d.s.t.d.RetryableEurekaHttpClient : Request execution failed with message: I/O error on DELETE request for "http://localhost:8761/eureka/apps/USERS-SERVICE/LAPTOP-UJ0KBI4K.mshome.net:USERS-SERVICE:8085": Connect to http://localhost:8761 failed: Connection refused: getsockopt
2026-10-01 20:09:14 ERROR [SpringApplicationShutdownHook] traceId= spanId= c.netflix.discovery.DiscoveryClient : DiscoveryClient_USERS-SERVICE/LAPTOP-UJ0KBI4K.mshome.net:USERS-SERVICE:8085 - de-registration failedCannot execute request on any known server
com.netflix.discovery.shared.transport.TransportException: Cannot execute request on any known server
	at com.netflix.discovery.shared.transport.decorator.RetryableEurekaHttpClient.execute(RetryableEurekaHttpClient.java:112)
	at com.netflix.discovery.shared.transport.decorator.EurekaHttpClientDecorator.cancel(EurekaHttpClientDecorator.java:71)
	at com.netflix.discovery.shared.transport.decorator.EurekaHttpClientDecorator$2.execute(EurekaHttpClientDecorator.java:74)
	at com.netflix.discovery.shared.transport.decorator.SessionedEurekaHttpClient.execute(SessionedEurekaHttpClient.java:76)
	at com.netflix.discovery.shared.transport.decorator.EurekaHttpClientDecorator.cancel(EurekaHttpClientDecorator.java:71)
	at com.netflix.discovery.DiscoveryClient.unregister(DiscoveryClient.java:919)
	at com.netflix.discovery.DiscoveryClient.shutdown(DiscoveryClient.java:900)
	at java.base/jdk.internal.reflect.DirectMethodHandleAccessor.invoke(DirectMethodHandleAccessor.java:104)
	at java.base/java.lang.reflect.Method.invoke(Method.java:565)
	at org.springframework.beans.factory.annotation.InitDestroyAnnotationBeanPostProcessor$LifecycleMethod.invoke(InitDestroyAnnotationBeanPostProcessor.java:453)
	at org.springframework.beans.factory.annotation.InitDestroyAnnotationBeanPostProcessor$LifecycleMetadata.invokeDestroyMethods(InitDestroyAnnotationBeanPostProcessor.java:411)
	at org.springframework.beans.factory.annotation.InitDestroyAnnotationBeanPostProcessor.postProcessBeforeDestruction(InitDestroyAnnotationBeanPostProcessor.java:237)
	at org.springframework.beans.factory.support.DisposableBeanAdapter.destroy(DisposableBeanAdapter.java:200)
	at org.springframework.beans.factory.support.DisposableBeanAdapter.run(DisposableBeanAdapter.java:193)
	at org.springframework.cloud.context.scope.GenericScope$BeanLifecycleWrapper.destroy(GenericScope.java:387)
	at org.springframework.cloud.context.scope.GenericScope.destroy(GenericScope.java:134)
	at org.springframework.beans.factory.support.DisposableBeanAdapter.destroy(DisposableBeanAdapter.java:209)
	at org.springframework.beans.factory.support.DefaultSingletonBeanRegistry.destroyBean(DefaultSingletonBeanRegistry.java:795)
	at org.springframework.beans.factory.support.DefaultSingletonBeanRegistry.destroySingleton(DefaultSingletonBeanRegistry.java:745)
	at org.springframework.beans.factory.support.DefaultListableBeanFactory.destroySingleton(DefaultListableBeanFactory.java:1500)
	at org.springframework.beans.factory.support.DefaultSingletonBeanRegistry.destroySingletons(DefaultSingletonBeanRegistry.java:704)
	at org.springframework.beans.factory.support.DefaultListableBeanFactory.destroySingletons(DefaultListableBeanFactory.java:1493)
	at org.springframework.context.support.AbstractApplicationContext.destroyBeans(AbstractApplicationContext.java:1246)
	at org.springframework.context.support.AbstractApplicationContext.doClose(AbstractApplicationContext.java:1207)
	at org.springframework.boot.web.server.servlet.context.ServletWebServerApplicationContext.doClose(ServletWebServerApplicationContext.java:176)
	at org.springframework.context.support.AbstractApplicationContext.close(AbstractApplicationContext.java:1153)
	at org.springframework.boot.SpringApplicationShutdownHook.closeAndWait(SpringApplicationShutdownHook.java:147)
	at java.base/java.lang.Iterable.forEach(Iterable.java:75)
	at org.springframework.boot.SpringApplicationShutdownHook.run(SpringApplicationShutdownHook.java:116)
	at java.base/java.lang.Thread.run(Thread.java:1474)
2026-10-01 20:09:14 INFO  [SpringApplicationShutdownHook] traceId= spanId= c.netflix.discovery.DiscoveryClient : Completed shut down of DiscoveryClient
2026-10-01 21:16:29 INFO  [main] traceId= spanId= c.s.e.users.UsersServiceApplication : Starting UsersServiceApplication using Java 25.0.1 with PID 14524 (D:\Live Batches\micro_devops\easy_busy\users-service\users-service\target\classes started by DurgeshLap in D:\Live Batches\micro_devops\easy_busy)
2026-10-01 21:16:29 INFO  [main] traceId= spanId= c.s.e.users.UsersServiceApplication : The following 1 profile is active: "dev"
2026-10-01 21:16:29 INFO  [main] traceId= spanId= o.s.c.c.c.ConfigServerConfigDataLoader : Fetching config from server at : http://localhost:8079
2026-10-01 21:16:29 INFO  [main] traceId= spanId= o.s.c.c.c.ConfigServerConfigDataLoader : Located environment: name=USERS-SERVICE, profiles=[default], label=null, version=e9c8ddaaa507e29c792703f18f53aff3af15532f, state=
2026-10-01 21:16:29 INFO  [main] traceId= spanId= o.s.c.c.c.ConfigServerConfigDataLoader : Fetching config from server at : http://localhost:8079
2026-10-01 21:16:29 INFO  [main] traceId= spanId= o.s.c.c.c.ConfigServerConfigDataLoader : Located environment: name=USERS-SERVICE, profiles=[dev], label=null, version=e9c8ddaaa507e29c792703f18f53aff3af15532f, state=
2026-10-01 21:16:31 INFO  [main] traceId= spanId= o.s.d.r.c.RepositoryConfigurationDelegate : Bootstrapping Spring Data JPA repositories in DEFAULT mode.
2026-10-01 21:16:31 INFO  [main] traceId= spanId= o.s.d.r.c.RepositoryConfigurationDelegate : Finished Spring Data repository scanning in 344 ms. Found 2 JPA repository interfaces.
2026-10-01 21:16:32 INFO  [main] traceId= spanId= o.s.cloud.context.scope.GenericScope : BeanFactory id=9e3e370a-2e5c-35d5-9e84-ed7cb757b7ab
2026-10-01 21:16:33 INFO  [main] traceId= spanId= o.s.boot.tomcat.TomcatWebServer : Tomcat initialized with port 8085 (http)
2026-10-01 21:16:33 INFO  [main] traceId= spanId= o.a.catalina.core.StandardService : Starting service [Tomcat]
2026-10-01 21:16:33 INFO  [main] traceId= spanId= o.a.catalina.core.StandardEngine : Starting Servlet engine: [Apache Tomcat/11.0.21]
2026-10-01 21:16:33 INFO  [main] traceId= spanId= o.s.b.w.c.s.WebApplicationContextInitializer : Root WebApplicationContext: initialization completed in 3241 ms
2026-10-01 21:16:33 INFO  [main] traceId= spanId= org.hibernate.orm.jpa : HHH008540: Processing PersistenceUnitInfo [name: default]
2026-10-01 21:16:34 INFO  [main] traceId= spanId= org.hibernate.orm.core : HHH000001: Hibernate ORM core version 7.2.12.Final
2026-10-01 21:16:34 INFO  [main] traceId= spanId= o.s.o.j.p.SpringPersistenceUnitInfo : No LoadTimeWeaver setup: ignoring JPA class transformer
2026-10-01 21:16:34 INFO  [main] traceId= spanId= com.zaxxer.hikari.HikariDataSource : HikariPool-1 - Starting...
2026-10-01 21:16:35 INFO  [main] traceId= spanId= com.zaxxer.hikari.pool.HikariPool : HikariPool-1 - Added connection com.mysql.cj.jdbc.ConnectionImpl@4021732
2026-10-01 21:16:35 INFO  [main] traceId= spanId= com.zaxxer.hikari.HikariDataSource : HikariPool-1 - Start completed.
2026-10-01 21:16:35 WARN  [main] traceId= spanId= org.hibernate.orm.deprecation : HHH90000025: MySQLDialect does not need to be specified explicitly using 'hibernate.dialect' (remove the property setting and it will be selected by default)
2026-10-01 21:16:35 INFO  [main] traceId= spanId= o.hibernate.orm.connections.pooling : HHH10001005: Database info:
	Database JDBC URL [jdbc:mysql://localhost:3306/micro_devops?useSSL=false&allowPublicKeyRetrieval=true]
	Database driver: MySQL Connector/J
	Database dialect: MySQLDialect
	Database version: 8.0.45
	Default catalog/schema: micro_devops/undefined
	Autocommit mode: undefined/unknown
	Isolation level: REPEATABLE_READ [default REPEATABLE_READ]
	JDBC fetch size: none
	Pool: DataSourceConnectionProvider
	Minimum pool size: undefined/unknown
	Maximum pool size: undefined/unknown
2026-10-01 21:16:37 INFO  [main] traceId= spanId= org.hibernate.orm.core : HHH000489: No JTA platform available (set 'hibernate.transaction.jta.platform' to enable JTA platform integration)
2026-10-01 21:16:37 INFO  [main] traceId= spanId= o.s.o.j.LocalContainerEntityManagerFactoryBean : Initialized JPA EntityManagerFactory for persistence unit 'default'
2026-10-01 21:16:37 INFO  [main] traceId= spanId= o.s.d.j.r.q.QueryEnhancerFactories : Hibernate is in classpath; If applicable, HQL parser will be used.
2026-10-01 21:16:37 WARN  [main] traceId= spanId= o.s.b.j.a.JpaBaseConfiguration$JpaWebConfiguration : spring.jpa.open-in-view is enabled by default. Therefore, database queries may be performed during view rendering. Explicitly configure spring.jpa.open-in-view to disable this warning
2026-10-01 21:16:38 WARN  [main] traceId= spanId= o.s.b.s.a.UserDetailsServiceAutoConfiguration : 

Using generated security password: 85ebf1b2-6a61-462f-8f17-348b6ae6dae4

This generated password is for development use only. Your security configuration must be updated before running your application in production.

2026-10-01 21:16:38 INFO  [main] traceId= spanId= o.s.s.c.a.a.c.InitializeUserDetailsBeanManagerConfigurer$InitializeUserDetailsManagerConfigurer : Global AuthenticationManager configured with UserDetailsService bean with name inMemoryUserDetailsManager
2026-10-01 21:16:39 INFO  [main] traceId= spanId= o.s.c.n.e.c.DiscoveryClientOptionalArgsConfiguration : Eureka HTTP Client uses RestClient.
2026-10-01 21:16:39 WARN  [main] traceId= spanId= o.s.c.l.c.LoadBalancerCacheAutoConfiguration$LoadBalancerCaffeineWarnLogger : Spring Cloud LoadBalancer is currently working with the default cache. While this cache implementation is useful for development and tests, it's recommended to use Caffeine cache in production.You can switch to using Caffeine cache, by adding it and org.springframework.cache.caffeine.CaffeineCacheManager to the classpath.
2026-10-01 21:16:39 INFO  [main] traceId= spanId= o.s.b.a.e.web.EndpointLinksResolver : Exposing 18 endpoints beneath base path '/actuator'
2026-10-01 21:16:39 INFO  [main] traceId= spanId= o.s.c.n.eureka.InstanceInfoFactory : Setting initial instance status as: STARTING
2026-10-01 21:16:39 INFO  [main] traceId= spanId= c.netflix.discovery.DiscoveryClient : Initializing Eureka in region us-east-1
2026-10-01 21:16:39 INFO  [main] traceId= spanId= c.n.d.s.r.aws.ConfigClusterResolver : Resolving eureka endpoints via configuration
2026-10-01 21:16:39 INFO  [main] traceId= spanId= c.netflix.discovery.DiscoveryClient : Disable delta property : false
2026-10-01 21:16:39 INFO  [main] traceId= spanId= c.netflix.discovery.DiscoveryClient : Single vip registry refresh property : null
2026-10-01 21:16:39 INFO  [main] traceId= spanId= c.netflix.discovery.DiscoveryClient : Force full registry fetch : false
2026-10-01 21:16:39 INFO  [main] traceId= spanId= c.netflix.discovery.DiscoveryClient : Application is null : false
2026-10-01 21:16:39 INFO  [main] traceId= spanId= c.netflix.discovery.DiscoveryClient : Registered Applications size is zero : true
2026-10-01 21:16:39 INFO  [main] traceId= spanId= c.netflix.discovery.DiscoveryClient : Application version is -1: true
2026-10-01 21:16:39 INFO  [main] traceId= spanId= c.netflix.discovery.DiscoveryClient : Getting all instance registry info from the eureka server
2026-10-01 21:16:40 INFO  [main] traceId= spanId= c.netflix.discovery.DiscoveryClient : The response status is 200
2026-10-01 21:16:40 INFO  [main] traceId= spanId= c.netflix.discovery.DiscoveryClient : Starting heartbeat executor: renew interval is: 30
2026-10-01 21:16:40 INFO  [main] traceId= spanId= c.n.discovery.InstanceInfoReplicator : InstanceInfoReplicator onDemand update allowed rate per min is 4
2026-10-01 21:16:40 INFO  [main] traceId= spanId= c.netflix.discovery.DiscoveryClient : Discovery Client initialized at timestamp 1790869600280 with initial instances count: 2
2026-10-01 21:16:40 INFO  [main] traceId= spanId= o.s.c.n.e.s.EurekaServiceRegistry : Registering application USERS-SERVICE with eureka with status UP
2026-10-01 21:16:40 INFO  [main] traceId= spanId= c.netflix.discovery.DiscoveryClient : Saw local status change event StatusChangeEvent [timestamp=1790869600283, current=UP, previous=STARTING]
2026-10-01 21:16:40 INFO  [DiscoveryClient-InstanceInfoReplicator-%d] traceId= spanId= c.netflix.discovery.DiscoveryClient : DiscoveryClient_USERS-SERVICE/LAPTOP-UJ0KBI4K.mshome.net:USERS-SERVICE:8085: registering service...
2026-10-01 21:16:40 INFO  [DiscoveryClient-InstanceInfoReplicator-%d] traceId= spanId= c.netflix.discovery.DiscoveryClient : DiscoveryClient_USERS-SERVICE/LAPTOP-UJ0KBI4K.mshome.net:USERS-SERVICE:8085 - registration status: 204
2026-10-01 21:16:40 INFO  [main] traceId= spanId= o.s.boot.tomcat.TomcatWebServer : Tomcat started on port 8085 (http) with context path '/'
2026-10-01 21:16:40 INFO  [main] traceId= spanId= o.s.c.n.e.s.EurekaAutoServiceRegistration : Updating port to 8085
2026-10-01 21:16:40 INFO  [main] traceId= spanId= c.s.e.users.UsersServiceApplication : Started UsersServiceApplication in 13.084 seconds (process running for 19.904)
2026-10-01 21:21:39 INFO  [AsyncResolver-bootstrap-executor-%d] traceId= spanId= c.n.d.s.r.aws.ConfigClusterResolver : Resolving eureka endpoints via configuration
2026-10-01 21:26:39 INFO  [AsyncResolver-bootstrap-executor-%d] traceId= spanId= c.n.d.s.r.aws.ConfigClusterResolver : Resolving eureka endpoints via configuration
2026-10-01 21:31:39 INFO  [AsyncResolver-bootstrap-executor-%d] traceId= spanId= c.n.d.s.r.aws.ConfigClusterResolver : Resolving eureka endpoints via configuration
2026-10-01 21:36:39 INFO  [AsyncResolver-bootstrap-executor-%d] traceId= spanId= c.n.d.s.r.aws.ConfigClusterResolver : Resolving eureka endpoints via configuration
2026-10-01 21:41:39 INFO  [AsyncResolver-bootstrap-executor-%d] traceId= spanId= c.n.d.s.r.aws.ConfigClusterResolver : Resolving eureka endpoints via configuration
2026-10-01 21:46:39 INFO  [AsyncResolver-bootstrap-executor-%d] traceId= spanId= c.n.d.s.r.aws.ConfigClusterResolver : Resolving eureka endpoints via configuration
2026-10-01 21:51:39 INFO  [AsyncResolver-bootstrap-executor-%d] traceId= spanId= c.n.d.s.r.aws.ConfigClusterResolver : Resolving eureka endpoints via configuration
2026-10-01 21:56:39 INFO  [AsyncResolver-bootstrap-executor-%d] traceId= spanId= c.n.d.s.r.aws.ConfigClusterResolver : Resolving eureka endpoints via configuration
2026-10-01 22:01:39 INFO  [AsyncResolver-bootstrap-executor-%d] traceId= spanId= c.n.d.s.r.aws.ConfigClusterResolver : Resolving eureka endpoints via configuration
2026-10-01 22:06:39 INFO  [AsyncResolver-bootstrap-executor-%d] traceId= spanId= c.n.d.s.r.aws.ConfigClusterResolver : Resolving eureka endpoints via configuration
2026-10-01 22:11:39 INFO  [AsyncResolver-bootstrap-executor-%d] traceId= spanId= c.n.d.s.r.aws.ConfigClusterResolver : Resolving eureka endpoints via configuration
2026-10-01 22:16:39 INFO  [AsyncResolver-bootstrap-executor-%d] traceId= spanId= c.n.d.s.r.aws.ConfigClusterResolver : Resolving eureka endpoints via configuration
2026-10-01 22:21:39 INFO  [AsyncResolver-bootstrap-executor-%d] traceId= spanId= c.n.d.s.r.aws.ConfigClusterResolver : Resolving eureka endpoints via configuration
2026-10-01 22:26:39 INFO  [AsyncResolver-bootstrap-executor-%d] traceId= spanId= c.n.d.s.r.aws.ConfigClusterResolver : Resolving eureka endpoints via configuration
2026-10-01 22:31:39 INFO  [AsyncResolver-bootstrap-executor-%d] traceId= spanId= c.n.d.s.r.aws.ConfigClusterResolver : Resolving eureka endpoints via configuration
2026-10-01 22:36:39 INFO  [AsyncResolver-bootstrap-executor-%d] traceId= spanId= c.n.d.s.r.aws.ConfigClusterResolver : Resolving eureka endpoints via configuration
2026-10-01 22:41:39 INFO  [AsyncResolver-bootstrap-executor-%d] traceId= spanId= c.n.d.s.r.aws.ConfigClusterResolver : Resolving eureka endpoints via configuration
2026-10-01 22:46:39 INFO  [AsyncResolver-bootstrap-executor-%d] traceId= spanId= c.n.d.s.r.aws.ConfigClusterResolver : Resolving eureka endpoints via configuration
2026-10-01 22:51:39 INFO  [AsyncResolver-bootstrap-executor-%d] traceId= spanId= c.n.d.s.r.aws.ConfigClusterResolver : Resolving eureka endpoints via configuration
2026-10-01 22:56:40 INFO  [AsyncResolver-bootstrap-executor-%d] traceId= spanId= c.n.d.s.r.aws.ConfigClusterResolver : Resolving eureka endpoints via configuration
2026-10-01 23:01:40 INFO  [AsyncResolver-bootstrap-executor-%d] traceId= spanId= c.n.d.s.r.aws.ConfigClusterResolver : Resolving eureka endpoints via configuration
2026-10-01 23:06:40 INFO  [AsyncResolver-bootstrap-executor-%d] traceId= spanId= c.n.d.s.r.aws.ConfigClusterResolver : Resolving eureka endpoints via configuration
2026-10-01 23:11:40 INFO  [AsyncResolver-bootstrap-executor-%d] traceId= spanId= c.n.d.s.r.aws.ConfigClusterResolver : Resolving eureka endpoints via configuration
2026-10-01 23:16:40 INFO  [AsyncResolver-bootstrap-executor-%d] traceId= spanId= c.n.d.s.r.aws.ConfigClusterResolver : Resolving eureka endpoints via configuration
2026-10-01 23:21:40 INFO  [AsyncResolver-bootstrap-executor-%d] traceId= spanId= c.n.d.s.r.aws.ConfigClusterResolver : Resolving eureka endpoints via configuration
2026-10-01 23:22:24 INFO  [http-nio-8085-exec-1] traceId=a8798a21e0fe124bae031df9389c865d spanId=949141509b63487c o.a.c.c.C.[Tomcat].[localhost].[/] : Initializing Spring DispatcherServlet 'dispatcherServlet'
2026-10-01 23:22:24 INFO  [http-nio-8085-exec-1] traceId=a8798a21e0fe124bae031df9389c865d spanId=949141509b63487c o.s.web.servlet.DispatcherServlet : Initializing Servlet 'dispatcherServlet'
2026-10-01 23:22:24 INFO  [http-nio-8085-exec-1] traceId=a8798a21e0fe124bae031df9389c865d spanId=949141509b63487c o.s.web.servlet.DispatcherServlet : Completed initialization in 57 ms
2026-10-01 23:22:25 INFO  [http-nio-8085-exec-1] traceId=a8798a21e0fe124bae031df9389c865d spanId=949141509b63487c c.s.e.u.service.impl.UserServiceImpl : Login service started:
2026-10-01 23:22:26 INFO  [http-nio-8085-exec-1] traceId=a8798a21e0fe124bae031df9389c865d spanId=949141509b63487c c.s.e.u.service.impl.UserServiceImpl : Login service executed:
2026-10-01 23:24:07 INFO  [http-nio-8085-exec-5] traceId=bda96d576922a1152a6c63a374f2e558 spanId=59be6c19e274deaf c.s.e.u.service.impl.UserServiceImpl : Login service started:
2026-10-01 23:24:07 INFO  [http-nio-8085-exec-5] traceId=bda96d576922a1152a6c63a374f2e558 spanId=59be6c19e274deaf c.s.e.u.service.impl.UserServiceImpl : Login service executed:
2026-10-01 23:26:40 INFO  [AsyncResolver-bootstrap-executor-%d] traceId= spanId= c.n.d.s.r.aws.ConfigClusterResolver : Resolving eureka endpoints via configuration
2026-10-01 23:30:46 INFO  [DiscoveryClient-HeartbeatExecutor-%d] traceId= spanId= c.n.d.s.t.d.RedirectingEurekaHttpClient : Request execution error. endpoint=DefaultEndpoint{ serviceUrl='http://localhost:8761/eureka/} exception=I/O error on PUT request for "http://localhost:8761/eureka/apps/USERS-SERVICE/LAPTOP-UJ0KBI4K.mshome.net:USERS-SERVICE:8085": Connect to http://localhost:8761 failed: Connection refused: getsockopt stacktrace=org.springframework.web.client.ResourceAccessException: I/O error on PUT request for "http://localhost:8761/eureka/apps/USERS-SERVICE/LAPTOP-UJ0KBI4K.mshome.net:USERS-SERVICE:8085": Connect to http://localhost:8761 failed: Connection refused: getsockopt
	at org.springframework.web.client.DefaultRestClient$DefaultRequestBodyUriSpec.createResourceAccessException(DefaultRestClient.java:779)
	at org.springframework.web.client.DefaultRestClient$DefaultRequestBodyUriSpec.exchangeInternal(DefaultRestClient.java:624)
	at org.springframework.web.client.DefaultRestClient$DefaultRequestBodyUriSpec.exchange(DefaultRestClient.java:572)
	at org.springframework.web.client.RestClient$RequestHeadersSpec.exchange(RestClient.java:747)
	at org.springframework.web.client.DefaultRestClient$DefaultResponseSpec.executeAndExtract(DefaultRestClient.java:924)
	at org.springframework.web.client.DefaultRestClient$DefaultResponseSpec.toEntityInternal(DefaultRestClient.java:870)
	at org.springframework.web.client.DefaultRestClient$DefaultResponseSpec.toEntity(DefaultRestClient.java:859)
	at org.springframework.cloud.netflix.eureka.http.RestClientEurekaHttpClient.sendHeartBeat(RestClientEurekaHttpClient.java:91)
	at com.netflix.discovery.shared.transport.decorator.EurekaHttpClientDecorator$3.execute(EurekaHttpClientDecorator.java:92)
	at com.netflix.discovery.shared.transport.decorator.RedirectingEurekaHttpClient.execute(RedirectingEurekaHttpClient.java:91)
	at com.netflix.discovery.shared.transport.decorator.EurekaHttpClientDecorator.sendHeartBeat(EurekaHttpClientDecorator.java:89)
	at com.netflix.discovery.shared.transport.decorator.EurekaHttpClientDecorator$3.execute(EurekaHttpClientDecorator.java:92)
	at com.netflix.discovery.shared.transport.decorator.RetryableEurekaHttpClient.execute(RetryableEurekaHttpClient.java:120)
	at com.netflix.discovery.shared.transport.decorator.EurekaHttpClientDecorator.sendHeartBeat(EurekaHttpClientDecorator.java:89)
	at com.netflix.discovery.shared.transport.decorator.EurekaHttpClientDecorator$3.execute(EurekaHttpClientDecorator.java:92)
	at com.netflix.discovery.shared.transport.decorator.SessionedEurekaHttpClient.execute(SessionedEurekaHttpClient.java:76)
	at com.netflix.discovery.shared.transport.decorator.EurekaHttpClientDecorator.sendHeartBeat(EurekaHttpClientDecorator.java:89)
	at com.netflix.discovery.DiscoveryClient.renew(DiscoveryClient.java:845)
	at com.netflix.discovery.DiscoveryClient$HeartbeatThread.run(DiscoveryClient.java:1403)
	at java.base/java.util.concurrent.Executors$RunnableAdapter.call(Executors.java:545)
	at java.base/java.util.concurrent.FutureTask.run(FutureTask.java:328)
	at java.base/java.util.concurrent.ThreadPoolExecutor.runWorker(ThreadPoolExecutor.java:1090)
	at java.base/java.util.concurrent.ThreadPoolExecutor$Worker.run(ThreadPoolExecutor.java:614)
	at java.base/java.lang.Thread.run(Thread.java:1474)
Caused by: org.apache.hc.client5.http.HttpHostConnectException: Connect to http://localhost:8761 failed: Connection refused: getsockopt
	at java.base/sun.nio.ch.Net.pollConnect(Native Method)
	at java.base/sun.nio.ch.Net.pollConnectNow(Net.java:639)
	at java.base/sun.nio.ch.NioSocketImpl.timedFinishConnect(NioSocketImpl.java:543)
	at java.base/sun.nio.ch.NioSocketImpl.connect(NioSocketImpl.java:594)
	at java.base/java.net.SocksSocketImpl.connect(SocksSocketImpl.java:284)
	at java.base/java.net.Socket.connect(Socket.java:659)
	at org.apache.hc.client5.http.impl.io.DefaultHttpClientConnectionOperator.connect(DefaultHttpClientConnectionOperator.java:226)
	at org.apache.hc.client5.http.impl.io.PoolingHttpClientConnectionManager.connect(PoolingHttpClientConnectionManager.java:497)
	at org.apache.hc.client5.http.impl.classic.InternalExecRuntime.connectEndpoint(InternalExecRuntime.java:164)
	at org.apache.hc.client5.http.impl.classic.InternalExecRuntime.connectEndpoint(InternalExecRuntime.java:174)
	at org.apache.hc.client5.http.impl.classic.ConnectExec.execute(ConnectExec.java:144)
	at org.apache.hc.client5.http.impl.classic.ExecChainElement.execute(ExecChainElement.java:51)
	at org.apache.hc.client5.http.impl.classic.ProtocolExec.execute(ProtocolExec.java:195)
	at org.apache.hc.client5.http.impl.classic.ExecChainElement.execute(ExecChainElement.java:51)
	at org.apache.hc.client5.http.impl.classic.ContentCompressionExec.execute(ContentCompressionExec.java:168)
	at org.apache.hc.client5.http.impl.classic.ExecChainElement.execute(ExecChainElement.java:51)
	at org.apache.hc.client5.http.impl.classic.HttpRequestRetryExec.execute(HttpRequestRetryExec.java:112)
	at org.apache.hc.client5.http.impl.classic.ExecChainElement.execute(ExecChainElement.java:51)
	at org.apache.hc.client5.http.impl.classic.RedirectExec.execute(RedirectExec.java:110)
	at org.apache.hc.client5.http.impl.classic.ExecChainElement.execute(ExecChainElement.java:51)
	at org.apache.hc.client5.http.impl.classic.InternalHttpClient.doExecute(InternalHttpClient.java:185)
	at org.apache.hc.client5.http.impl.classic.CloseableHttpClient.execute(CloseableHttpClient.java:87)
	at org.apache.hc.client5.http.impl.classic.CloseableHttpClient.execute(CloseableHttpClient.java:55)
	at org.apache.hc.client5.http.classic.HttpClient.executeOpen(HttpClient.java:183)
	at org.springframework.http.client.HttpComponentsClientHttpRequest.executeInternal(HttpComponentsClientHttpRequest.java:99)
	at org.springframework.http.client.AbstractStreamingClientHttpRequest.executeInternal(AbstractStreamingClientHttpRequest.java:87)
	at org.springframework.http.client.AbstractClientHttpRequest.execute(AbstractClientHttpRequest.java:80)
	at org.springframework.http.client.AbstractBufferingClientHttpRequest.executeWithRequestAndBody(AbstractBufferingClientHttpRequest.java:89)
	at org.springframework.http.client.InterceptingClientHttpRequest$EndOfChainRequestExecution.execute(InterceptingClientHttpRequest.java:102)
	at org.springframework.cloud.netflix.eureka.http.RestClientTransportClientFactory.lambda$newClient$2(RestClientTransportClientFactory.java:98)
	at org.springframework.http.client.ClientHttpRequestInterceptor.lambda$apply$0(ClientHttpRequestInterceptor.java:89)
	at org.springframework.http.client.InterceptingClientHttpRequest.executeInternal(InterceptingClientHttpRequest.java:73)
	at org.springframework.http.client.AbstractBufferingClientHttpRequest.executeInternal(AbstractBufferingClientHttpRequest.java:50)
	at org.springframework.http.client.AbstractClientHttpRequest.execute(AbstractClientHttpRequest.java:80)
	at org.springframework.web.client.DefaultRestClient$DefaultRequestBodyUriSpec.exchangeInternal(DefaultRestClient.java:614)
	... 22 more

2026-10-01 23:30:46 WARN  [DiscoveryClient-HeartbeatExecutor-%d] traceId= spanId= c.n.d.s.t.d.RetryableEurekaHttpClient : Request execution failed with message: I/O error on PUT request for "http://localhost:8761/eureka/apps/USERS-SERVICE/LAPTOP-UJ0KBI4K.mshome.net:USERS-SERVICE:8085": Connect to http://localhost:8761 failed: Connection refused: getsockopt
2026-10-01 23:30:46 INFO  [DiscoveryClient-CacheRefreshExecutor-%d] traceId= spanId= c.n.d.s.t.d.RedirectingEurekaHttpClient : Request execution error. endpoint=DefaultEndpoint{ serviceUrl='http://localhost:8761/eureka/} exception=I/O error on GET request for "http://localhost:8761/eureka/apps/delta": Connect to http://localhost:8761 failed: Connection refused: getsockopt stacktrace=org.springframework.web.client.ResourceAccessException: I/O error on GET request for "http://localhost:8761/eureka/apps/delta": Connect to http://localhost:8761 failed: Connection refused: getsockopt
	at org.springframework.web.client.DefaultRestClient$DefaultRequestBodyUriSpec.createResourceAccessException(DefaultRestClient.java:779)
	at org.springframework.web.client.DefaultRestClient$DefaultRequestBodyUriSpec.exchangeInternal(DefaultRestClient.java:624)
	at org.springframework.web.client.DefaultRestClient$DefaultRequestBodyUriSpec.exchange(DefaultRestClient.java:572)
	at org.springframework.web.client.RestClient$RequestHeadersSpec.exchange(RestClient.java:747)
	at org.springframework.web.client.DefaultRestClient$DefaultResponseSpec.executeAndExtract(DefaultRestClient.java:924)
	at org.springframework.web.client.DefaultRestClient$DefaultResponseSpec.toEntityInternal(DefaultRestClient.java:870)
	at org.springframework.web.client.DefaultRestClient$DefaultResponseSpec.toEntity(DefaultRestClient.java:859)
	at org.springframework.cloud.netflix.eureka.http.RestClientEurekaHttpClient.getApplicationsInternal(RestClientEurekaHttpClient.java:201)
	at org.springframework.cloud.netflix.eureka.http.RestClientEurekaHttpClient.getDelta(RestClientEurekaHttpClient.java:142)
	at com.netflix.discovery.shared.transport.decorator.EurekaHttpClientDecorator$7.execute(EurekaHttpClientDecorator.java:152)
	at com.netflix.discovery.shared.transport.decorator.RedirectingEurekaHttpClient.execute(RedirectingEurekaHttpClient.java:91)
	at com.netflix.discovery.shared.transport.decorator.EurekaHttpClientDecorator.getDelta(EurekaHttpClientDecorator.java:149)
	at com.netflix.discovery.shared.transport.decorator.EurekaHttpClientDecorator$7.execute(EurekaHttpClientDecorator.java:152)
	at com.netflix.discovery.shared.transport.decorator.RetryableEurekaHttpClient.execute(RetryableEurekaHttpClient.java:120)
	at com.netflix.discovery.shared.transport.decorator.EurekaHttpClientDecorator.getDelta(EurekaHttpClientDecorator.java:149)
	at com.netflix.discovery.shared.transport.decorator.EurekaHttpClientDecorator$7.execute(EurekaHttpClientDecorator.java:152)
	at com.netflix.discovery.shared.transport.decorator.SessionedEurekaHttpClient.execute(SessionedEurekaHttpClient.java:76)
	at com.netflix.discovery.shared.transport.decorator.EurekaHttpClientDecorator.getDelta(EurekaHttpClientDecorator.java:149)
	at com.netflix.discovery.DiscoveryClient.getAndUpdateDelta(DiscoveryClient.java:1080)
	at com.netflix.discovery.DiscoveryClient.fetchRegistry(DiscoveryClient.java:963)
	at com.netflix.discovery.DiscoveryClient.refreshRegistry(DiscoveryClient.java:1474)
	at com.netflix.discovery.DiscoveryClient$CacheRefreshThread.run(DiscoveryClient.java:1442)
	at java.base/java.util.concurrent.Executors$RunnableAdapter.call(Executors.java:545)
	at java.base/java.util.concurrent.FutureTask.run(FutureTask.java:328)
	at java.base/java.util.concurrent.ThreadPoolExecutor.runWorker(ThreadPoolExecutor.java:1090)
	at java.base/java.util.concurrent.ThreadPoolExecutor$Worker.run(ThreadPoolExecutor.java:614)
	at java.base/java.lang.Thread.run(Thread.java:1474)
Caused by: org.apache.hc.client5.http.HttpHostConnectException: Connect to http://localhost:8761 failed: Connection refused: getsockopt
	at java.base/sun.nio.ch.Net.pollConnect(Native Method)
	at java.base/sun.nio.ch.Net.pollConnectNow(Net.java:639)
	at java.base/sun.nio.ch.NioSocketImpl.timedFinishConnect(NioSocketImpl.java:543)
	at java.base/sun.nio.ch.NioSocketImpl.connect(NioSocketImpl.java:594)
	at java.base/java.net.SocksSocketImpl.connect(SocksSocketImpl.java:284)
	at java.base/java.net.Socket.connect(Socket.java:659)
	at org.apache.hc.client5.http.impl.io.DefaultHttpClientConnectionOperator.connect(DefaultHttpClientConnectionOperator.java:226)
	at org.apache.hc.client5.http.impl.io.PoolingHttpClientConnectionManager.connect(PoolingHttpClientConnectionManager.java:497)
	at org.apache.hc.client5.http.impl.classic.InternalExecRuntime.connectEndpoint(InternalExecRuntime.java:164)
	at org.apache.hc.client5.http.impl.classic.InternalExecRuntime.connectEndpoint(InternalExecRuntime.java:174)
	at org.apache.hc.client5.http.impl.classic.ConnectExec.execute(ConnectExec.java:144)
	at org.apache.hc.client5.http.impl.classic.ExecChainElement.execute(ExecChainElement.java:51)
	at org.apache.hc.client5.http.impl.classic.ProtocolExec.execute(ProtocolExec.java:195)
	at org.apache.hc.client5.http.impl.classic.ExecChainElement.execute(ExecChainElement.java:51)
	at org.apache.hc.client5.http.impl.classic.ContentCompressionExec.execute(ContentCompressionExec.java:168)
	at org.apache.hc.client5.http.impl.classic.ExecChainElement.execute(ExecChainElement.java:51)
	at org.apache.hc.client5.http.impl.classic.HttpRequestRetryExec.execute(HttpRequestRetryExec.java:112)
	at org.apache.hc.client5.http.impl.classic.ExecChainElement.execute(ExecChainElement.java:51)
	at org.apache.hc.client5.http.impl.classic.RedirectExec.execute(RedirectExec.java:110)
	at org.apache.hc.client5.http.impl.classic.ExecChainElement.execute(ExecChainElement.java:51)
	at org.apache.hc.client5.http.impl.classic.InternalHttpClient.doExecute(InternalHttpClient.java:185)
	at org.apache.hc.client5.http.impl.classic.CloseableHttpClient.execute(CloseableHttpClient.java:87)
	at org.apache.hc.client5.http.impl.classic.CloseableHttpClient.execute(CloseableHttpClient.java:55)
	at org.apache.hc.client5.http.classic.HttpClient.executeOpen(HttpClient.java:183)
	at org.springframework.http.client.HttpComponentsClientHttpRequest.executeInternal(HttpComponentsClientHttpRequest.java:99)
	at org.springframework.http.client.AbstractStreamingClientHttpRequest.executeInternal(AbstractStreamingClientHttpRequest.java:87)
	at org.springframework.http.client.AbstractClientHttpRequest.execute(AbstractClientHttpRequest.java:80)
	at org.springframework.http.client.AbstractBufferingClientHttpRequest.executeWithRequestAndBody(AbstractBufferingClientHttpRequest.java:89)
	at org.springframework.http.client.InterceptingClientHttpRequest$EndOfChainRequestExecution.execute(InterceptingClientHttpRequest.java:102)
	at org.springframework.cloud.netflix.eureka.http.RestClientTransportClientFactory.lambda$newClient$2(RestClientTransportClientFactory.java:98)
	at org.springframework.http.client.ClientHttpRequestInterceptor.lambda$apply$0(ClientHttpRequestInterceptor.java:89)
	at org.springframework.http.client.InterceptingClientHttpRequest.executeInternal(InterceptingClientHttpRequest.java:73)
	at org.springframework.http.client.AbstractBufferingClientHttpRequest.executeInternal(AbstractBufferingClientHttpRequest.java:50)
	at org.springframework.http.client.AbstractClientHttpRequest.execute(AbstractClientHttpRequest.java:80)
	at org.springframework.web.client.DefaultRestClient$DefaultRequestBodyUriSpec.exchangeInternal(DefaultRestClient.java:614)
	... 25 more

2026-10-01 23:30:46 WARN  [DiscoveryClient-CacheRefreshExecutor-%d] traceId= spanId= c.n.d.s.t.d.RetryableEurekaHttpClient : Request execution failed with message: I/O error on GET request for "http://localhost:8761/eureka/apps/delta": Connect to http://localhost:8761 failed: Connection refused: getsockopt
2026-10-01 23:30:46 INFO  [DiscoveryClient-HeartbeatExecutor-%d] traceId= spanId= c.n.d.s.t.d.RedirectingEurekaHttpClient : Request execution error. endpoint=DefaultEndpoint{ serviceUrl='http://localhost:8761/eureka/}, exception=I/O error on PUT request for "http://localhost:8761/eureka/apps/USERS-SERVICE/LAPTOP-UJ0KBI4K.mshome.net:USERS-SERVICE:8085": Connect to http://localhost:8761 failed: Connection refused: getsockopt stacktrace=org.springframework.web.client.ResourceAccessException: I/O error on PUT request for "http://localhost:8761/eureka/apps/USERS-SERVICE/LAPTOP-UJ0KBI4K.mshome.net:USERS-SERVICE:8085": Connect to http://localhost:8761 failed: Connection refused: getsockopt
	at org.springframework.web.client.DefaultRestClient$DefaultRequestBodyUriSpec.createResourceAccessException(DefaultRestClient.java:779)
	at org.springframework.web.client.DefaultRestClient$DefaultRequestBodyUriSpec.exchangeInternal(DefaultRestClient.java:624)
	at org.springframework.web.client.DefaultRestClient$DefaultRequestBodyUriSpec.exchange(DefaultRestClient.java:572)
	at org.springframework.web.client.RestClient$RequestHeadersSpec.exchange(RestClient.java:747)
	at org.springframework.web.client.DefaultRestClient$DefaultResponseSpec.executeAndExtract(DefaultRestClient.java:924)
	at org.springframework.web.client.DefaultRestClient$DefaultResponseSpec.toEntityInternal(DefaultRestClient.java:870)
	at org.springframework.web.client.DefaultRestClient$DefaultResponseSpec.toEntity(DefaultRestClient.java:859)
	at org.springframework.cloud.netflix.eureka.http.RestClientEurekaHttpClient.sendHeartBeat(RestClientEurekaHttpClient.java:91)
	at com.netflix.discovery.shared.transport.decorator.EurekaHttpClientDecorator$3.execute(EurekaHttpClientDecorator.java:92)
	at com.netflix.discovery.shared.transport.decorator.RedirectingEurekaHttpClient.executeOnNewServer(RedirectingEurekaHttpClient.java:121)
	at com.netflix.discovery.shared.transport.decorator.RedirectingEurekaHttpClient.execute(RedirectingEurekaHttpClient.java:80)
	at com.netflix.discovery.shared.transport.decorator.EurekaHttpClientDecorator.sendHeartBeat(EurekaHttpClientDecorator.java:89)
	at com.netflix.discovery.shared.transport.decorator.EurekaHttpClientDecorator$3.execute(EurekaHttpClientDecorator.java:92)
	at com.netflix.discovery.shared.transport.decorator.RetryableEurekaHttpClient.execute(RetryableEurekaHttpClient.java:120)
	at com.netflix.discovery.shared.transport.decorator.EurekaHttpClientDecorator.sendHeartBeat(EurekaHttpClientDecorator.java:89)
	at com.netflix.discovery.shared.transport.decorator.EurekaHttpClientDecorator$3.execute(EurekaHttpClientDecorator.java:92)
	at com.netflix.discovery.shared.transport.decorator.SessionedEurekaHttpClient.execute(SessionedEurekaHttpClient.java:76)
	at com.netflix.discovery.shared.transport.decorator.EurekaHttpClientDecorator.sendHeartBeat(EurekaHttpClientDecorator.java:89)
	at com.netflix.discovery.DiscoveryClient.renew(DiscoveryClient.java:845)
	at com.netflix.discovery.DiscoveryClient$HeartbeatThread.run(DiscoveryClient.java:1403)
	at java.base/java.util.concurrent.Executors$RunnableAdapter.call(Executors.java:545)
	at java.base/java.util.concurrent.FutureTask.run(FutureTask.java:328)
	at java.base/java.util.concurrent.ThreadPoolExecutor.runWorker(ThreadPoolExecutor.java:1090)
	at java.base/java.util.concurrent.ThreadPoolExecutor$Worker.run(ThreadPoolExecutor.java:614)
	at java.base/java.lang.Thread.run(Thread.java:1474)
Caused by: org.apache.hc.client5.http.HttpHostConnectException: Connect to http://localhost:8761 failed: Connection refused: getsockopt
	at java.base/sun.nio.ch.Net.pollConnect(Native Method)
	at java.base/sun.nio.ch.Net.pollConnectNow(Net.java:639)
	at java.base/sun.nio.ch.NioSocketImpl.timedFinishConnect(NioSocketImpl.java:543)
	at java.base/sun.nio.ch.NioSocketImpl.connect(NioSocketImpl.java:594)
	at java.base/java.net.SocksSocketImpl.connect(SocksSocketImpl.java:284)
	at java.base/java.net.Socket.connect(Socket.java:659)
	at org.apache.hc.client5.http.impl.io.DefaultHttpClientConnectionOperator.connect(DefaultHttpClientConnectionOperator.java:226)
	at org.apache.hc.client5.http.impl.io.PoolingHttpClientConnectionManager.connect(PoolingHttpClientConnectionManager.java:497)
	at org.apache.hc.client5.http.impl.classic.InternalExecRuntime.connectEndpoint(InternalExecRuntime.java:164)
	at org.apache.hc.client5.http.impl.classic.InternalExecRuntime.connectEndpoint(InternalExecRuntime.java:174)
	at org.apache.hc.client5.http.impl.classic.ConnectExec.execute(ConnectExec.java:144)
	at org.apache.hc.client5.http.impl.classic.ExecChainElement.execute(ExecChainElement.java:51)
	at org.apache.hc.client5.http.impl.classic.ProtocolExec.execute(ProtocolExec.java:195)
	at org.apache.hc.client5.http.impl.classic.ExecChainElement.execute(ExecChainElement.java:51)
	at org.apache.hc.client5.http.impl.classic.ContentCompressionExec.execute(ContentCompressionExec.java:168)
	at org.apache.hc.client5.http.impl.classic.ExecChainElement.execute(ExecChainElement.java:51)
	at org.apache.hc.client5.http.impl.classic.HttpRequestRetryExec.execute(HttpRequestRetryExec.java:112)
	at org.apache.hc.client5.http.impl.classic.ExecChainElement.execute(ExecChainElement.java:51)
	at org.apache.hc.client5.http.impl.classic.RedirectExec.execute(RedirectExec.java:110)
	at org.apache.hc.client5.http.impl.classic.ExecChainElement.execute(ExecChainElement.java:51)
	at org.apache.hc.client5.http.impl.classic.InternalHttpClient.doExecute(InternalHttpClient.java:185)
	at org.apache.hc.client5.http.impl.classic.CloseableHttpClient.execute(CloseableHttpClient.java:87)
	at org.apache.hc.client5.http.impl.classic.CloseableHttpClient.execute(CloseableHttpClient.java:55)
	at org.apache.hc.client5.http.classic.HttpClient.executeOpen(HttpClient.java:183)
	at org.springframework.http.client.HttpComponentsClientHttpRequest.executeInternal(HttpComponentsClientHttpRequest.java:99)
	at org.springframework.http.client.AbstractStreamingClientHttpRequest.executeInternal(AbstractStreamingClientHttpRequest.java:87)
	at org.springframework.http.client.AbstractClientHttpRequest.execute(AbstractClientHttpRequest.java:80)
	at org.springframework.http.client.AbstractBufferingClientHttpRequest.executeWithRequestAndBody(AbstractBufferingClientHttpRequest.java:89)
	at org.springframework.http.client.InterceptingClientHttpRequest$EndOfChainRequestExecution.execute(InterceptingClientHttpRequest.java:102)
	at org.springframework.cloud.netflix.eureka.http.RestClientTransportClientFactory.lambda$newClient$2(RestClientTransportClientFactory.java:98)
	at org.springframework.http.client.ClientHttpRequestInterceptor.lambda$apply$0(ClientHttpRequestInterceptor.java:89)
	at org.springframework.http.client.InterceptingClientHttpRequest.executeInternal(InterceptingClientHttpRequest.java:73)
	at org.springframework.http.client.AbstractBufferingClientHttpRequest.executeInternal(AbstractBufferingClientHttpRequest.java:50)
	at org.springframework.http.client.AbstractClientHttpRequest.execute(AbstractClientHttpRequest.java:80)
	at org.springframework.web.client.DefaultRestClient$DefaultRequestBodyUriSpec.exchangeInternal(DefaultRestClient.java:614)
	... 23 more

2026-10-01 23:30:46 WARN  [DiscoveryClient-HeartbeatExecutor-%d] traceId= spanId= c.n.d.s.t.d.RetryableEurekaHttpClient : Request execution failed with message: I/O error on PUT request for "http://localhost:8761/eureka/apps/USERS-SERVICE/LAPTOP-UJ0KBI4K.mshome.net:USERS-SERVICE:8085": Connect to http://localhost:8761 failed: Connection refused: getsockopt
2026-10-01 23:30:46 INFO  [DiscoveryClient-CacheRefreshExecutor-%d] traceId= spanId= c.n.d.s.t.d.RedirectingEurekaHttpClient : Request execution error. endpoint=DefaultEndpoint{ serviceUrl='http://localhost:8761/eureka/}, exception=I/O error on GET request for "http://localhost:8761/eureka/apps/delta": Connect to http://localhost:8761 failed: Connection refused: getsockopt stacktrace=org.springframework.web.client.ResourceAccessException: I/O error on GET request for "http://localhost:8761/eureka/apps/delta": Connect to http://localhost:8761 failed: Connection refused: getsockopt
	at org.springframework.web.client.DefaultRestClient$DefaultRequestBodyUriSpec.createResourceAccessException(DefaultRestClient.java:779)
	at org.springframework.web.client.DefaultRestClient$DefaultRequestBodyUriSpec.exchangeInternal(DefaultRestClient.java:624)
	at org.springframework.web.client.DefaultRestClient$DefaultRequestBodyUriSpec.exchange(DefaultRestClient.java:572)
	at org.springframework.web.client.RestClient$RequestHeadersSpec.exchange(RestClient.java:747)
	at org.springframework.web.client.DefaultRestClient$DefaultResponseSpec.executeAndExtract(DefaultRestClient.java:924)
	at org.springframework.web.client.DefaultRestClient$DefaultResponseSpec.toEntityInternal(DefaultRestClient.java:870)
	at org.springframework.web.client.DefaultRestClient$DefaultResponseSpec.toEntity(DefaultRestClient.java:859)
	at org.springframework.cloud.netflix.eureka.http.RestClientEurekaHttpClient.getApplicationsInternal(RestClientEurekaHttpClient.java:201)
	at org.springframework.cloud.netflix.eureka.http.RestClientEurekaHttpClient.getDelta(RestClientEurekaHttpClient.java:142)
	at com.netflix.discovery.shared.transport.decorator.EurekaHttpClientDecorator$7.execute(EurekaHttpClientDecorator.java:152)
	at com.netflix.discovery.shared.transport.decorator.RedirectingEurekaHttpClient.executeOnNewServer(RedirectingEurekaHttpClient.java:121)
	at com.netflix.discovery.shared.transport.decorator.RedirectingEurekaHttpClient.execute(RedirectingEurekaHttpClient.java:80)
	at com.netflix.discovery.shared.transport.decorator.EurekaHttpClientDecorator.getDelta(EurekaHttpClientDecorator.java:149)
	at com.netflix.discovery.shared.transport.decorator.EurekaHttpClientDecorator$7.execute(EurekaHttpClientDecorator.java:152)
	at com.netflix.discovery.shared.transport.decorator.RetryableEurekaHttpClient.execute(RetryableEurekaHttpClient.java:120)
	at com.netflix.discovery.shared.transport.decorator.EurekaHttpClientDecorator.getDelta(EurekaHttpClientDecorator.java:149)
	at com.netflix.discovery.shared.transport.decorator.EurekaHttpClientDecorator$7.execute(EurekaHttpClientDecorator.java:152)
	at com.netflix.discovery.shared.transport.decorator.SessionedEurekaHttpClient.execute(SessionedEurekaHttpClient.java:76)
	at com.netflix.discovery.shared.transport.decorator.EurekaHttpClientDecorator.getDelta(EurekaHttpClientDecorator.java:149)
	at com.netflix.discovery.DiscoveryClient.getAndUpdateDelta(DiscoveryClient.java:1080)
	at com.netflix.discovery.DiscoveryClient.fetchRegistry(DiscoveryClient.java:963)
	at com.netflix.discovery.DiscoveryClient.refreshRegistry(DiscoveryClient.java:1474)
	at com.netflix.discovery.DiscoveryClient$CacheRefreshThread.run(DiscoveryClient.java:1442)
	at java.base/java.util.concurrent.Executors$RunnableAdapter.call(Executors.java:545)
	at java.base/java.util.concurrent.FutureTask.run(FutureTask.java:328)
	at java.base/java.util.concurrent.ThreadPoolExecutor.runWorker(ThreadPoolExecutor.java:1090)
	at java.base/java.util.concurrent.ThreadPoolExecutor$Worker.run(ThreadPoolExecutor.java:614)
	at java.base/java.lang.Thread.run(Thread.java:1474)
Caused by: org.apache.hc.client5.http.HttpHostConnectException: Connect to http://localhost:8761 failed: Connection refused: getsockopt
	at java.base/sun.nio.ch.Net.pollConnect(Native Method)
	at java.base/sun.nio.ch.Net.pollConnectNow(Net.java:639)
	at java.base/sun.nio.ch.NioSocketImpl.timedFinishConnect(NioSocketImpl.java:543)
	at java.base/sun.nio.ch.NioSocketImpl.connect(NioSocketImpl.java:594)
	at java.base/java.net.SocksSocketImpl.connect(SocksSocketImpl.java:284)
	at java.base/java.net.Socket.connect(Socket.java:659)
	at org.apache.hc.client5.http.impl.io.DefaultHttpClientConnectionOperator.connect(DefaultHttpClientConnectionOperator.java:226)
	at org.apache.hc.client5.http.impl.io.PoolingHttpClientConnectionManager.connect(PoolingHttpClientConnectionManager.java:497)
	at org.apache.hc.client5.http.impl.classic.InternalExecRuntime.connectEndpoint(InternalExecRuntime.java:164)
	at org.apache.hc.client5.http.impl.classic.InternalExecRuntime.connectEndpoint(InternalExecRuntime.java:174)
	at org.apache.hc.client5.http.impl.classic.ConnectExec.execute(ConnectExec.java:144)
	at org.apache.hc.client5.http.impl.classic.ExecChainElement.execute(ExecChainElement.java:51)
	at org.apache.hc.client5.http.impl.classic.ProtocolExec.execute(ProtocolExec.java:195)
	at org.apache.hc.client5.http.impl.classic.ExecChainElement.execute(ExecChainElement.java:51)
	at org.apache.hc.client5.http.impl.classic.ContentCompressionExec.execute(ContentCompressionExec.java:168)
	at org.apache.hc.client5.http.impl.classic.ExecChainElement.execute(ExecChainElement.java:51)
	at org.apache.hc.client5.http.impl.classic.HttpRequestRetryExec.execute(HttpRequestRetryExec.java:112)
	at org.apache.hc.client5.http.impl.classic.ExecChainElement.execute(ExecChainElement.java:51)
	at org.apache.hc.client5.http.impl.classic.RedirectExec.execute(RedirectExec.java:110)
	at org.apache.hc.client5.http.impl.classic.ExecChainElement.execute(ExecChainElement.java:51)
	at org.apache.hc.client5.http.impl.classic.InternalHttpClient.doExecute(InternalHttpClient.java:185)
	at org.apache.hc.client5.http.impl.classic.CloseableHttpClient.execute(CloseableHttpClient.java:87)
	at org.apache.hc.client5.http.impl.classic.CloseableHttpClient.execute(CloseableHttpClient.java:55)
	at org.apache.hc.client5.http.classic.HttpClient.executeOpen(HttpClient.java:183)
	at org.springframework.http.client.HttpComponentsClientHttpRequest.executeInternal(HttpComponentsClientHttpRequest.java:99)
	at org.springframework.http.client.AbstractStreamingClientHttpRequest.executeInternal(AbstractStreamingClientHttpRequest.java:87)
	at org.springframework.http.client.AbstractClientHttpRequest.execute(AbstractClientHttpRequest.java:80)
	at org.springframework.http.client.AbstractBufferingClientHttpRequest.executeWithRequestAndBody(AbstractBufferingClientHttpRequest.java:89)
	at org.springframework.http.client.InterceptingClientHttpRequest$EndOfChainRequestExecution.execute(InterceptingClientHttpRequest.java:102)
	at org.springframework.cloud.netflix.eureka.http.RestClientTransportClientFactory.lambda$newClient$2(RestClientTransportClientFactory.java:98)
	at org.springframework.http.client.ClientHttpRequestInterceptor.lambda$apply$0(ClientHttpRequestInterceptor.java:89)
	at org.springframework.http.client.InterceptingClientHttpRequest.executeInternal(InterceptingClientHttpRequest.java:73)
	at org.springframework.http.client.AbstractBufferingClientHttpRequest.executeInternal(AbstractBufferingClientHttpRequest.java:50)
	at org.springframework.http.client.AbstractClientHttpRequest.execute(AbstractClientHttpRequest.java:80)
	at org.springframework.web.client.DefaultRestClient$DefaultRequestBodyUriSpec.exchangeInternal(DefaultRestClient.java:614)
	... 26 more

2026-10-01 23:30:46 WARN  [DiscoveryClient-CacheRefreshExecutor-%d] traceId= spanId= c.n.d.s.t.d.RetryableEurekaHttpClient : Request execution failed with message: I/O error on GET request for "http://localhost:8761/eureka/apps/delta": Connect to http://localhost:8761 failed: Connection refused: getsockopt
2026-10-01 23:30:46 INFO  [DiscoveryClient-CacheRefreshExecutor-%d] traceId= spanId= c.netflix.discovery.DiscoveryClient : DiscoveryClient_USERS-SERVICE/LAPTOP-UJ0KBI4K.mshome.net:USERS-SERVICE:8085 - was unable to refresh its cache! This periodic background refresh will be retried in 30 seconds. status = Cannot execute request on any known server stacktrace = com.netflix.discovery.shared.transport.TransportException: Cannot execute request on any known server
	at com.netflix.discovery.shared.transport.decorator.RetryableEurekaHttpClient.execute(RetryableEurekaHttpClient.java:112)
	at com.netflix.discovery.shared.transport.decorator.EurekaHttpClientDecorator.getDelta(EurekaHttpClientDecorator.java:149)
	at com.netflix.discovery.shared.transport.decorator.EurekaHttpClientDecorator$7.execute(EurekaHttpClientDecorator.java:152)
	at com.netflix.discovery.shared.transport.decorator.SessionedEurekaHttpClient.execute(SessionedEurekaHttpClient.java:76)
	at com.netflix.discovery.shared.transport.decorator.EurekaHttpClientDecorator.getDelta(EurekaHttpClientDecorator.java:149)
	at com.netflix.discovery.DiscoveryClient.getAndUpdateDelta(DiscoveryClient.java:1080)
	at com.netflix.discovery.DiscoveryClient.fetchRegistry(DiscoveryClient.java:963)
	at com.netflix.discovery.DiscoveryClient.refreshRegistry(DiscoveryClient.java:1474)
	at com.netflix.discovery.DiscoveryClient$CacheRefreshThread.run(DiscoveryClient.java:1442)
	at java.base/java.util.concurrent.Executors$RunnableAdapter.call(Executors.java:545)
	at java.base/java.util.concurrent.FutureTask.run(FutureTask.java:328)
	at java.base/java.util.concurrent.ThreadPoolExecutor.runWorker(ThreadPoolExecutor.java:1090)
	at java.base/java.util.concurrent.ThreadPoolExecutor$Worker.run(ThreadPoolExecutor.java:614)
	at java.base/java.lang.Thread.run(Thread.java:1474)

2026-10-01 23:30:46 ERROR [DiscoveryClient-HeartbeatExecutor-%d] traceId= spanId= c.netflix.discovery.DiscoveryClient : DiscoveryClient_USERS-SERVICE/LAPTOP-UJ0KBI4K.mshome.net:USERS-SERVICE:8085 - was unable to send heartbeat!
com.netflix.discovery.shared.transport.TransportException: Cannot execute request on any known server
	at com.netflix.discovery.shared.transport.decorator.RetryableEurekaHttpClient.execute(RetryableEurekaHttpClient.java:112)
	at com.netflix.discovery.shared.transport.decorator.EurekaHttpClientDecorator.sendHeartBeat(EurekaHttpClientDecorator.java:89)
	at com.netflix.discovery.shared.transport.decorator.EurekaHttpClientDecorator$3.execute(EurekaHttpClientDecorator.java:92)
	at com.netflix.discovery.shared.transport.decorator.SessionedEurekaHttpClient.execute(SessionedEurekaHttpClient.java:76)
	at com.netflix.discovery.shared.transport.decorator.EurekaHttpClientDecorator.sendHeartBeat(EurekaHttpClientDecorator.java:89)
	at com.netflix.discovery.DiscoveryClient.renew(DiscoveryClient.java:845)
	at com.netflix.discovery.DiscoveryClient$HeartbeatThread.run(DiscoveryClient.java:1403)
	at java.base/java.util.concurrent.Executors$RunnableAdapter.call(Executors.java:545)
	at java.base/java.util.concurrent.FutureTask.run(FutureTask.java:328)
	at java.base/java.util.concurrent.ThreadPoolExecutor.runWorker(ThreadPoolExecutor.java:1090)
	at java.base/java.util.concurrent.ThreadPoolExecutor$Worker.run(ThreadPoolExecutor.java:614)
	at java.base/java.lang.Thread.run(Thread.java:1474)
2026-10-01 23:30:53 INFO  [SpringApplicationShutdownHook] traceId= spanId= o.s.c.n.e.s.EurekaServiceRegistry : Unregistering application USERS-SERVICE with eureka with status DOWN
2026-10-01 23:30:53 INFO  [SpringApplicationShutdownHook] traceId= spanId= c.netflix.discovery.DiscoveryClient : Saw local status change event StatusChangeEvent [timestamp=1790877653921, current=DOWN, previous=UP]
2026-10-01 23:30:53 INFO  [DiscoveryClient-InstanceInfoReplicator-%d] traceId= spanId= c.netflix.discovery.DiscoveryClient : DiscoveryClient_USERS-SERVICE/LAPTOP-UJ0KBI4K.mshome.net:USERS-SERVICE:8085: registering service...
2026-10-01 23:30:53 INFO  [DiscoveryClient-InstanceInfoReplicator-%d] traceId= spanId= c.n.d.s.t.d.RedirectingEurekaHttpClient : Request execution error. endpoint=DefaultEndpoint{ serviceUrl='http://localhost:8761/eureka/}, exception=I/O error on POST request for "http://localhost:8761/eureka/apps/USERS-SERVICE": Connect to http://localhost:8761 failed: Connection refused: getsockopt stacktrace=org.springframework.web.client.ResourceAccessException: I/O error on POST request for "http://localhost:8761/eureka/apps/USERS-SERVICE": Connect to http://localhost:8761 failed: Connection refused: getsockopt
	at org.springframework.web.client.DefaultRestClient$DefaultRequestBodyUriSpec.createResourceAccessException(DefaultRestClient.java:779)
	at org.springframework.web.client.DefaultRestClient$DefaultRequestBodyUriSpec.exchangeInternal(DefaultRestClient.java:624)
	at org.springframework.web.client.DefaultRestClient$DefaultRequestBodyUriSpec.exchange(DefaultRestClient.java:572)
	at org.springframework.web.client.RestClient$RequestHeadersSpec.exchange(RestClient.java:747)
	at org.springframework.web.client.DefaultRestClient$DefaultResponseSpec.executeAndExtract(DefaultRestClient.java:924)
	at org.springframework.web.client.DefaultRestClient$DefaultResponseSpec.toBodilessEntity(DefaultRestClient.java:888)
	at org.springframework.cloud.netflix.eureka.http.RestClientEurekaHttpClient.register(RestClientEurekaHttpClient.java:64)
	at com.netflix.discovery.shared.transport.decorator.EurekaHttpClientDecorator$1.execute(EurekaHttpClientDecorator.java:59)
	at com.netflix.discovery.shared.transport.decorator.RedirectingEurekaHttpClient.executeOnNewServer(RedirectingEurekaHttpClient.java:121)
	at com.netflix.discovery.shared.transport.decorator.RedirectingEurekaHttpClient.execute(RedirectingEurekaHttpClient.java:80)
	at com.netflix.discovery.shared.transport.decorator.EurekaHttpClientDecorator.register(EurekaHttpClientDecorator.java:56)
	at com.netflix.discovery.shared.transport.decorator.EurekaHttpClientDecorator$1.execute(EurekaHttpClientDecorator.java:59)
	at com.netflix.discovery.shared.transport.decorator.RetryableEurekaHttpClient.execute(RetryableEurekaHttpClient.java:120)
	at com.netflix.discovery.shared.transport.decorator.EurekaHttpClientDecorator.register(EurekaHttpClientDecorator.java:56)
	at com.netflix.discovery.shared.transport.decorator.EurekaHttpClientDecorator$1.execute(EurekaHttpClientDecorator.java:59)
	at com.netflix.discovery.shared.transport.decorator.SessionedEurekaHttpClient.execute(SessionedEurekaHttpClient.java:76)
	at com.netflix.discovery.shared.transport.decorator.EurekaHttpClientDecorator.register(EurekaHttpClientDecorator.java:56)
	at com.netflix.discovery.DiscoveryClient.register(DiscoveryClient.java:828)
	at com.netflix.discovery.InstanceInfoReplicator.run(InstanceInfoReplicator.java:125)
	at com.netflix.discovery.InstanceInfoReplicator$2.run(InstanceInfoReplicator.java:105)
	at java.base/java.util.concurrent.Executors$RunnableAdapter.call(Executors.java:545)
	at java.base/java.util.concurrent.FutureTask.run(FutureTask.java:328)
	at java.base/java.util.concurrent.ScheduledThreadPoolExecutor$ScheduledFutureTask.run(ScheduledThreadPoolExecutor.java:309)
	at java.base/java.util.concurrent.ThreadPoolExecutor.runWorker(ThreadPoolExecutor.java:1090)
	at java.base/java.util.concurrent.ThreadPoolExecutor$Worker.run(ThreadPoolExecutor.java:614)
	at java.base/java.lang.Thread.run(Thread.java:1474)
Caused by: org.apache.hc.client5.http.HttpHostConnectException: Connect to http://localhost:8761 failed: Connection refused: getsockopt
	at java.base/sun.nio.ch.Net.pollConnect(Native Method)
	at java.base/sun.nio.ch.Net.pollConnectNow(Net.java:639)
	at java.base/sun.nio.ch.NioSocketImpl.timedFinishConnect(NioSocketImpl.java:543)
	at java.base/sun.nio.ch.NioSocketImpl.connect(NioSocketImpl.java:594)
	at java.base/java.net.SocksSocketImpl.connect(SocksSocketImpl.java:284)
	at java.base/java.net.Socket.connect(Socket.java:659)
	at org.apache.hc.client5.http.impl.io.DefaultHttpClientConnectionOperator.connect(DefaultHttpClientConnectionOperator.java:226)
	at org.apache.hc.client5.http.impl.io.PoolingHttpClientConnectionManager.connect(PoolingHttpClientConnectionManager.java:497)
	at org.apache.hc.client5.http.impl.classic.InternalExecRuntime.connectEndpoint(InternalExecRuntime.java:164)
	at org.apache.hc.client5.http.impl.classic.InternalExecRuntime.connectEndpoint(InternalExecRuntime.java:174)
	at org.apache.hc.client5.http.impl.classic.ConnectExec.execute(ConnectExec.java:144)
	at org.apache.hc.client5.http.impl.classic.ExecChainElement.execute(ExecChainElement.java:51)
	at org.apache.hc.client5.http.impl.classic.ProtocolExec.execute(ProtocolExec.java:195)
	at org.apache.hc.client5.http.impl.classic.ExecChainElement.execute(ExecChainElement.java:51)
	at org.apache.hc.client5.http.impl.classic.ContentCompressionExec.execute(ContentCompressionExec.java:168)
	at org.apache.hc.client5.http.impl.classic.ExecChainElement.execute(ExecChainElement.java:51)
	at org.apache.hc.client5.http.impl.classic.HttpRequestRetryExec.execute(HttpRequestRetryExec.java:112)
	at org.apache.hc.client5.http.impl.classic.ExecChainElement.execute(ExecChainElement.java:51)
	at org.apache.hc.client5.http.impl.classic.RedirectExec.execute(RedirectExec.java:110)
	at org.apache.hc.client5.http.impl.classic.ExecChainElement.execute(ExecChainElement.java:51)
	at org.apache.hc.client5.http.impl.classic.InternalHttpClient.doExecute(InternalHttpClient.java:185)
	at org.apache.hc.client5.http.impl.classic.CloseableHttpClient.execute(CloseableHttpClient.java:87)
	at org.apache.hc.client5.http.impl.classic.CloseableHttpClient.execute(CloseableHttpClient.java:55)
	at org.apache.hc.client5.http.classic.HttpClient.executeOpen(HttpClient.java:183)
	at org.springframework.http.client.HttpComponentsClientHttpRequest.executeInternal(HttpComponentsClientHttpRequest.java:99)
	at org.springframework.http.client.AbstractStreamingClientHttpRequest.executeInternal(AbstractStreamingClientHttpRequest.java:87)
	at org.springframework.http.client.AbstractClientHttpRequest.execute(AbstractClientHttpRequest.java:80)
	at org.springframework.http.client.AbstractBufferingClientHttpRequest.executeWithRequestAndBody(AbstractBufferingClientHttpRequest.java:89)
	at org.springframework.http.client.InterceptingClientHttpRequest$EndOfChainRequestExecution.execute(InterceptingClientHttpRequest.java:102)
	at org.springframework.cloud.netflix.eureka.http.RestClientTransportClientFactory.lambda$newClient$2(RestClientTransportClientFactory.java:98)
	at org.springframework.http.client.ClientHttpRequestInterceptor.lambda$apply$0(ClientHttpRequestInterceptor.java:89)
	at org.springframework.http.client.InterceptingClientHttpRequest.executeInternal(InterceptingClientHttpRequest.java:73)
	at org.springframework.http.client.AbstractBufferingClientHttpRequest.executeInternal(AbstractBufferingClientHttpRequest.java:50)
	at org.springframework.http.client.AbstractClientHttpRequest.execute(AbstractClientHttpRequest.java:80)
	at org.springframework.web.client.DefaultRestClient$DefaultRequestBodyUriSpec.exchangeInternal(DefaultRestClient.java:614)
	... 24 more

2026-10-01 23:30:53 WARN  [DiscoveryClient-InstanceInfoReplicator-%d] traceId= spanId= c.n.d.s.t.d.RetryableEurekaHttpClient : Request execution failed with message: I/O error on POST request for "http://localhost:8761/eureka/apps/USERS-SERVICE": Connect to http://localhost:8761 failed: Connection refused: getsockopt
2026-10-01 23:30:53 WARN  [DiscoveryClient-InstanceInfoReplicator-%d] traceId= spanId= c.netflix.discovery.DiscoveryClient : DiscoveryClient_USERS-SERVICE/LAPTOP-UJ0KBI4K.mshome.net:USERS-SERVICE:8085 - registration failed Cannot execute request on any known server
com.netflix.discovery.shared.transport.TransportException: Cannot execute request on any known server
	at com.netflix.discovery.shared.transport.decorator.RetryableEurekaHttpClient.execute(RetryableEurekaHttpClient.java:112)
	at com.netflix.discovery.shared.transport.decorator.EurekaHttpClientDecorator.register(EurekaHttpClientDecorator.java:56)
	at com.netflix.discovery.shared.transport.decorator.EurekaHttpClientDecorator$1.execute(EurekaHttpClientDecorator.java:59)
	at com.netflix.discovery.shared.transport.decorator.SessionedEurekaHttpClient.execute(SessionedEurekaHttpClient.java:76)
	at com.netflix.discovery.shared.transport.decorator.EurekaHttpClientDecorator.register(EurekaHttpClientDecorator.java:56)
	at com.netflix.discovery.DiscoveryClient.register(DiscoveryClient.java:828)
	at com.netflix.discovery.InstanceInfoReplicator.run(InstanceInfoReplicator.java:125)
	at com.netflix.discovery.InstanceInfoReplicator$2.run(InstanceInfoReplicator.java:105)
	at java.base/java.util.concurrent.Executors$RunnableAdapter.call(Executors.java:545)
	at java.base/java.util.concurrent.FutureTask.run(FutureTask.java:328)
	at java.base/java.util.concurrent.ScheduledThreadPoolExecutor$ScheduledFutureTask.run(ScheduledThreadPoolExecutor.java:309)
	at java.base/java.util.concurrent.ThreadPoolExecutor.runWorker(ThreadPoolExecutor.java:1090)
	at java.base/java.util.concurrent.ThreadPoolExecutor$Worker.run(ThreadPoolExecutor.java:614)
	at java.base/java.lang.Thread.run(Thread.java:1474)
2026-10-01 23:30:53 WARN  [DiscoveryClient-InstanceInfoReplicator-%d] traceId= spanId= c.n.discovery.InstanceInfoReplicator : There was a problem with the instance info replicator
com.netflix.discovery.shared.transport.TransportException: Cannot execute request on any known server
	at com.netflix.discovery.shared.transport.decorator.RetryableEurekaHttpClient.execute(RetryableEurekaHttpClient.java:112)
	at com.netflix.discovery.shared.transport.decorator.EurekaHttpClientDecorator.register(EurekaHttpClientDecorator.java:56)
	at com.netflix.discovery.shared.transport.decorator.EurekaHttpClientDecorator$1.execute(EurekaHttpClientDecorator.java:59)
	at com.netflix.discovery.shared.transport.decorator.SessionedEurekaHttpClient.execute(SessionedEurekaHttpClient.java:76)
	at com.netflix.discovery.shared.transport.decorator.EurekaHttpClientDecorator.register(EurekaHttpClientDecorator.java:56)
	at com.netflix.discovery.DiscoveryClient.register(DiscoveryClient.java:828)
	at com.netflix.discovery.InstanceInfoReplicator.run(InstanceInfoReplicator.java:125)
	at com.netflix.discovery.InstanceInfoReplicator$2.run(InstanceInfoReplicator.java:105)
	at java.base/java.util.concurrent.Executors$RunnableAdapter.call(Executors.java:545)
	at java.base/java.util.concurrent.FutureTask.run(FutureTask.java:328)
	at java.base/java.util.concurrent.ScheduledThreadPoolExecutor$ScheduledFutureTask.run(ScheduledThreadPoolExecutor.java:309)
	at java.base/java.util.concurrent.ThreadPoolExecutor.runWorker(ThreadPoolExecutor.java:1090)
	at java.base/java.util.concurrent.ThreadPoolExecutor$Worker.run(ThreadPoolExecutor.java:614)
	at java.base/java.lang.Thread.run(Thread.java:1474)
2026-10-01 23:30:53 INFO  [SpringApplicationShutdownHook] traceId= spanId= o.s.boot.tomcat.GracefulShutdown : Commencing graceful shutdown. Waiting for active requests to complete
2026-10-01 23:30:53 INFO  [tomcat-shutdown] traceId= spanId= o.s.boot.tomcat.GracefulShutdown : Graceful shutdown complete
2026-10-01 23:30:54 INFO  [SpringApplicationShutdownHook] traceId= spanId= o.s.o.j.LocalContainerEntityManagerFactoryBean : Closing JPA EntityManagerFactory for persistence unit 'default'
2026-10-01 23:30:54 INFO  [SpringApplicationShutdownHook] traceId= spanId= com.zaxxer.hikari.HikariDataSource : HikariPool-1 - Shutdown initiated...
2026-10-01 23:30:54 INFO  [SpringApplicationShutdownHook] traceId= spanId= com.zaxxer.hikari.HikariDataSource : HikariPool-1 - Shutdown completed.
2026-10-01 23:30:54 INFO  [SpringApplicationShutdownHook] traceId= spanId= c.netflix.discovery.DiscoveryClient : Shutting down DiscoveryClient ...
2026-10-01 23:30:57 INFO  [SpringApplicationShutdownHook] traceId= spanId= c.netflix.discovery.DiscoveryClient : Unregistering ...
2026-10-01 23:30:57 INFO  [SpringApplicationShutdownHook] traceId= spanId= c.n.d.s.t.d.RedirectingEurekaHttpClient : Request execution error. endpoint=DefaultEndpoint{ serviceUrl='http://localhost:8761/eureka/}, exception=I/O error on DELETE request for "http://localhost:8761/eureka/apps/USERS-SERVICE/LAPTOP-UJ0KBI4K.mshome.net:USERS-SERVICE:8085": Connect to http://localhost:8761 failed: Connection refused: getsockopt stacktrace=org.springframework.web.client.ResourceAccessException: I/O error on DELETE request for "http://localhost:8761/eureka/apps/USERS-SERVICE/LAPTOP-UJ0KBI4K.mshome.net:USERS-SERVICE:8085": Connect to http://localhost:8761 failed: Connection refused: getsockopt
	at org.springframework.web.client.DefaultRestClient$DefaultRequestBodyUriSpec.createResourceAccessException(DefaultRestClient.java:779)
	at org.springframework.web.client.DefaultRestClient$DefaultRequestBodyUriSpec.exchangeInternal(DefaultRestClient.java:624)
	at org.springframework.web.client.DefaultRestClient$DefaultRequestBodyUriSpec.exchange(DefaultRestClient.java:572)
	at org.springframework.web.client.RestClient$RequestHeadersSpec.exchange(RestClient.java:747)
	at org.springframework.web.client.DefaultRestClient$DefaultResponseSpec.executeAndExtract(DefaultRestClient.java:924)
	at org.springframework.web.client.DefaultRestClient$DefaultResponseSpec.toBodilessEntity(DefaultRestClient.java:888)
	at org.springframework.cloud.netflix.eureka.http.RestClientEurekaHttpClient.cancel(RestClientEurekaHttpClient.java:73)
	at com.netflix.discovery.shared.transport.decorator.EurekaHttpClientDecorator$2.execute(EurekaHttpClientDecorator.java:74)
	at com.netflix.discovery.shared.transport.decorator.RedirectingEurekaHttpClient.executeOnNewServer(RedirectingEurekaHttpClient.java:121)
	at com.netflix.discovery.shared.transport.decorator.RedirectingEurekaHttpClient.execute(RedirectingEurekaHttpClient.java:80)
	at com.netflix.discovery.shared.transport.decorator.EurekaHttpClientDecorator.cancel(EurekaHttpClientDecorator.java:71)
	at com.netflix.discovery.shared.transport.decorator.EurekaHttpClientDecorator$2.execute(EurekaHttpClientDecorator.java:74)
	at com.netflix.discovery.shared.transport.decorator.RetryableEurekaHttpClient.execute(RetryableEurekaHttpClient.java:120)
	at com.netflix.discovery.shared.transport.decorator.EurekaHttpClientDecorator.cancel(EurekaHttpClientDecorator.java:71)
	at com.netflix.discovery.shared.transport.decorator.EurekaHttpClientDecorator$2.execute(EurekaHttpClientDecorator.java:74)
	at com.netflix.discovery.shared.transport.decorator.SessionedEurekaHttpClient.execute(SessionedEurekaHttpClient.java:76)
	at com.netflix.discovery.shared.transport.decorator.EurekaHttpClientDecorator.cancel(EurekaHttpClientDecorator.java:71)
	at com.netflix.discovery.DiscoveryClient.unregister(DiscoveryClient.java:919)
	at com.netflix.discovery.DiscoveryClient.shutdown(DiscoveryClient.java:900)
	at java.base/jdk.internal.reflect.DirectMethodHandleAccessor.invoke(DirectMethodHandleAccessor.java:104)
	at java.base/java.lang.reflect.Method.invoke(Method.java:565)
	at org.springframework.beans.factory.annotation.InitDestroyAnnotationBeanPostProcessor$LifecycleMethod.invoke(InitDestroyAnnotationBeanPostProcessor.java:453)
	at org.springframework.beans.factory.annotation.InitDestroyAnnotationBeanPostProcessor$LifecycleMetadata.invokeDestroyMethods(InitDestroyAnnotationBeanPostProcessor.java:411)
	at org.springframework.beans.factory.annotation.InitDestroyAnnotationBeanPostProcessor.postProcessBeforeDestruction(InitDestroyAnnotationBeanPostProcessor.java:237)
	at org.springframework.beans.factory.support.DisposableBeanAdapter.destroy(DisposableBeanAdapter.java:200)
	at org.springframework.beans.factory.support.DisposableBeanAdapter.run(DisposableBeanAdapter.java:193)
	at org.springframework.cloud.context.scope.GenericScope$BeanLifecycleWrapper.destroy(GenericScope.java:387)
	at org.springframework.cloud.context.scope.GenericScope.destroy(GenericScope.java:134)
	at org.springframework.beans.factory.support.DisposableBeanAdapter.destroy(DisposableBeanAdapter.java:209)
	at org.springframework.beans.factory.support.DefaultSingletonBeanRegistry.destroyBean(DefaultSingletonBeanRegistry.java:795)
	at org.springframework.beans.factory.support.DefaultSingletonBeanRegistry.destroySingleton(DefaultSingletonBeanRegistry.java:745)
	at org.springframework.beans.factory.support.DefaultListableBeanFactory.destroySingleton(DefaultListableBeanFactory.java:1500)
	at org.springframework.beans.factory.support.DefaultSingletonBeanRegistry.destroySingletons(DefaultSingletonBeanRegistry.java:704)
	at org.springframework.beans.factory.support.DefaultListableBeanFactory.destroySingletons(DefaultListableBeanFactory.java:1493)
	at org.springframework.context.support.AbstractApplicationContext.destroyBeans(AbstractApplicationContext.java:1246)
	at org.springframework.context.support.AbstractApplicationContext.doClose(AbstractApplicationContext.java:1207)
	at org.springframework.boot.web.server.servlet.context.ServletWebServerApplicationContext.doClose(ServletWebServerApplicationContext.java:176)
	at org.springframework.context.support.AbstractApplicationContext.close(AbstractApplicationContext.java:1153)
	at org.springframework.boot.SpringApplicationShutdownHook.closeAndWait(SpringApplicationShutdownHook.java:147)
	at java.base/java.lang.Iterable.forEach(Iterable.java:75)
	at org.springframework.boot.SpringApplicationShutdownHook.run(SpringApplicationShutdownHook.java:116)
	at java.base/java.lang.Thread.run(Thread.java:1474)
Caused by: org.apache.hc.client5.http.HttpHostConnectException: Connect to http://localhost:8761 failed: Connection refused: getsockopt
	at java.base/sun.nio.ch.Net.pollConnect(Native Method)
	at java.base/sun.nio.ch.Net.pollConnectNow(Net.java:639)
	at java.base/sun.nio.ch.NioSocketImpl.timedFinishConnect(NioSocketImpl.java:543)
	at java.base/sun.nio.ch.NioSocketImpl.connect(NioSocketImpl.java:594)
	at java.base/java.net.SocksSocketImpl.connect(SocksSocketImpl.java:284)
	at java.base/java.net.Socket.connect(Socket.java:659)
	at org.apache.hc.client5.http.impl.io.DefaultHttpClientConnectionOperator.connect(DefaultHttpClientConnectionOperator.java:226)
	at org.apache.hc.client5.http.impl.io.PoolingHttpClientConnectionManager.connect(PoolingHttpClientConnectionManager.java:497)
	at org.apache.hc.client5.http.impl.classic.InternalExecRuntime.connectEndpoint(InternalExecRuntime.java:164)
	at org.apache.hc.client5.http.impl.classic.InternalExecRuntime.connectEndpoint(InternalExecRuntime.java:174)
	at org.apache.hc.client5.http.impl.classic.ConnectExec.execute(ConnectExec.java:144)
	at org.apache.hc.client5.http.impl.classic.ExecChainElement.execute(ExecChainElement.java:51)
	at org.apache.hc.client5.http.impl.classic.ProtocolExec.execute(ProtocolExec.java:195)
	at org.apache.hc.client5.http.impl.classic.ExecChainElement.execute(ExecChainElement.java:51)
	at org.apache.hc.client5.http.impl.classic.ContentCompressionExec.execute(ContentCompressionExec.java:168)
	at org.apache.hc.client5.http.impl.classic.ExecChainElement.execute(ExecChainElement.java:51)
	at org.apache.hc.client5.http.impl.classic.HttpRequestRetryExec.execute(HttpRequestRetryExec.java:112)
	at org.apache.hc.client5.http.impl.classic.ExecChainElement.execute(ExecChainElement.java:51)
	at org.apache.hc.client5.http.impl.classic.RedirectExec.execute(RedirectExec.java:110)
	at org.apache.hc.client5.http.impl.classic.ExecChainElement.execute(ExecChainElement.java:51)
	at org.apache.hc.client5.http.impl.classic.InternalHttpClient.doExecute(InternalHttpClient.java:185)
	at org.apache.hc.client5.http.impl.classic.CloseableHttpClient.execute(CloseableHttpClient.java:87)
	at org.apache.hc.client5.http.impl.classic.CloseableHttpClient.execute(CloseableHttpClient.java:55)
	at org.apache.hc.client5.http.classic.HttpClient.executeOpen(HttpClient.java:183)
	at org.springframework.http.client.HttpComponentsClientHttpRequest.executeInternal(HttpComponentsClientHttpRequest.java:99)
	at org.springframework.http.client.AbstractStreamingClientHttpRequest.executeInternal(AbstractStreamingClientHttpRequest.java:87)
	at org.springframework.http.client.AbstractClientHttpRequest.execute(AbstractClientHttpRequest.java:80)
	at org.springframework.http.client.AbstractBufferingClientHttpRequest.executeWithRequestAndBody(AbstractBufferingClientHttpRequest.java:89)
	at org.springframework.http.client.InterceptingClientHttpRequest$EndOfChainRequestExecution.execute(InterceptingClientHttpRequest.java:102)
	at org.springframework.cloud.netflix.eureka.http.RestClientTransportClientFactory.lambda$newClient$2(RestClientTransportClientFactory.java:98)
	at org.springframework.http.client.ClientHttpRequestInterceptor.lambda$apply$0(ClientHttpRequestInterceptor.java:89)
	at org.springframework.http.client.InterceptingClientHttpRequest.executeInternal(InterceptingClientHttpRequest.java:73)
	at org.springframework.http.client.AbstractBufferingClientHttpRequest.executeInternal(AbstractBufferingClientHttpRequest.java:50)
	at org.springframework.http.client.AbstractClientHttpRequest.execute(AbstractClientHttpRequest.java:80)
	at org.springframework.web.client.DefaultRestClient$DefaultRequestBodyUriSpec.exchangeInternal(DefaultRestClient.java:614)
	... 40 more

2026-10-01 23:30:57 WARN  [SpringApplicationShutdownHook] traceId= spanId= c.n.d.s.t.d.RetryableEurekaHttpClient : Request execution failed with message: I/O error on DELETE request for "http://localhost:8761/eureka/apps/USERS-SERVICE/LAPTOP-UJ0KBI4K.mshome.net:USERS-SERVICE:8085": Connect to http://localhost:8761 failed: Connection refused: getsockopt
2026-10-01 23:30:57 ERROR [SpringApplicationShutdownHook] traceId= spanId= c.netflix.discovery.DiscoveryClient : DiscoveryClient_USERS-SERVICE/LAPTOP-UJ0KBI4K.mshome.net:USERS-SERVICE:8085 - de-registration failedCannot execute request on any known server
com.netflix.discovery.shared.transport.TransportException: Cannot execute request on any known server
	at com.netflix.discovery.shared.transport.decorator.RetryableEurekaHttpClient.execute(RetryableEurekaHttpClient.java:112)
	at com.netflix.discovery.shared.transport.decorator.EurekaHttpClientDecorator.cancel(EurekaHttpClientDecorator.java:71)
	at com.netflix.discovery.shared.transport.decorator.EurekaHttpClientDecorator$2.execute(EurekaHttpClientDecorator.java:74)
	at com.netflix.discovery.shared.transport.decorator.SessionedEurekaHttpClient.execute(SessionedEurekaHttpClient.java:76)
	at com.netflix.discovery.shared.transport.decorator.EurekaHttpClientDecorator.cancel(EurekaHttpClientDecorator.java:71)
	at com.netflix.discovery.DiscoveryClient.unregister(DiscoveryClient.java:919)
	at com.netflix.discovery.DiscoveryClient.shutdown(DiscoveryClient.java:900)
	at java.base/jdk.internal.reflect.DirectMethodHandleAccessor.invoke(DirectMethodHandleAccessor.java:104)
	at java.base/java.lang.reflect.Method.invoke(Method.java:565)
	at org.springframework.beans.factory.annotation.InitDestroyAnnotationBeanPostProcessor$LifecycleMethod.invoke(InitDestroyAnnotationBeanPostProcessor.java:453)
	at org.springframework.beans.factory.annotation.InitDestroyAnnotationBeanPostProcessor$LifecycleMetadata.invokeDestroyMethods(InitDestroyAnnotationBeanPostProcessor.java:411)
	at org.springframework.beans.factory.annotation.InitDestroyAnnotationBeanPostProcessor.postProcessBeforeDestruction(InitDestroyAnnotationBeanPostProcessor.java:237)
	at org.springframework.beans.factory.support.DisposableBeanAdapter.destroy(DisposableBeanAdapter.java:200)
	at org.springframework.beans.factory.support.DisposableBeanAdapter.run(DisposableBeanAdapter.java:193)
	at org.springframework.cloud.context.scope.GenericScope$BeanLifecycleWrapper.destroy(GenericScope.java:387)
	at org.springframework.cloud.context.scope.GenericScope.destroy(GenericScope.java:134)
	at org.springframework.beans.factory.support.DisposableBeanAdapter.destroy(DisposableBeanAdapter.java:209)
	at org.springframework.beans.factory.support.DefaultSingletonBeanRegistry.destroyBean(DefaultSingletonBeanRegistry.java:795)
	at org.springframework.beans.factory.support.DefaultSingletonBeanRegistry.destroySingleton(DefaultSingletonBeanRegistry.java:745)
	at org.springframework.beans.factory.support.DefaultListableBeanFactory.destroySingleton(DefaultListableBeanFactory.java:1500)
	at org.springframework.beans.factory.support.DefaultSingletonBeanRegistry.destroySingletons(DefaultSingletonBeanRegistry.java:704)
	at org.springframework.beans.factory.support.DefaultListableBeanFactory.destroySingletons(DefaultListableBeanFactory.java:1493)
	at org.springframework.context.support.AbstractApplicationContext.destroyBeans(AbstractApplicationContext.java:1246)
	at org.springframework.context.support.AbstractApplicationContext.doClose(AbstractApplicationContext.java:1207)
	at org.springframework.boot.web.server.servlet.context.ServletWebServerApplicationContext.doClose(ServletWebServerApplicationContext.java:176)
	at org.springframework.context.support.AbstractApplicationContext.close(AbstractApplicationContext.java:1153)
	at org.springframework.boot.SpringApplicationShutdownHook.closeAndWait(SpringApplicationShutdownHook.java:147)
	at java.base/java.lang.Iterable.forEach(Iterable.java:75)
	at org.springframework.boot.SpringApplicationShutdownHook.run(SpringApplicationShutdownHook.java:116)
	at java.base/java.lang.Thread.run(Thread.java:1474)
2026-10-01 23:30:57 INFO  [SpringApplicationShutdownHook] traceId= spanId= c.netflix.discovery.DiscoveryClient : Completed shut down of DiscoveryClient
